"Sheet","Context","Crop_Category","Crop_Group","Crop","Nutrient","Nutrient_Normalized","Nutrient_Type","Item","Detail","Source_URL"
"Crop nutrient deficiency & correction","","Agricultural Crops","Cereals","Rice","Nitrogen","Nitrogen","Macro","Deficiency symptoms","Stunted, yellowish plants. Older leaves of whole plants are yellowish green. Old leaves sometimes all leaves become light green. Deficiency symptoms first appear at the tip and progress along the midrib an till the entire leaf is dead. Tips become chlorotic. Leaves narrow, short, erect and lemon-yellowish green.","https://agritech.tnau.ac.in/agriculture/plant_nutri/Rice_N.html"
"Crop nutrient deficiency & correction","","Agricultural Crops","Cereals","Rice","Nitrogen","Nitrogen","Macro","Correction measure / remedy","Soil application of Urea @ 330/ha (110/ ac at three times). Foliar application of Urea 1% at weekly interval till the symptoms disappear.","https://agritech.tnau.ac.in/agriculture/plant_nutri/Rice_N.html"
"Crop nutrient deficiency & correction","","Agricultural Crops","Cereals","Rice","Nitrogen","Nitrogen","Macro","Deficiency symptoms","Stunted plant growth • Older leaves are yellowish green • In severe cases, all leaves become light green • Leaves become narrow, short, erect and lemon-yellowish green","https://agritech.tnau.ac.in/agriculture/plant_nutri/rice_nitrogen.html"
"Crop nutrient deficiency & correction","","Agricultural Crops","Cereals","Rice","Nitrogen","Nitrogen","Macro","Correction measure / remedy","Soil application of urea @ 330/ha (110/ ac at three times) • Foliar application of urea 1% (10 g/lit) at 15 days interval till the symptoms disappearTD height=""27"" colSpan=1 align=""right"" bgcolor=""#DEF0C2"" style","https://agritech.tnau.ac.in/agriculture/plant_nutri/rice_nitrogen.html"
"Crop nutrient deficiency & correction","","Agricultural Crops","Cereals","Rice","Phosphorus","Phosphorus","Macro","Deficiency symptoms","Plants stunted with reduced tillering. • Leaves narrow, short, very erect 'dirty' dark green. • Older leaves turn brown red and purple colours develop in leaves","https://agritech.tnau.ac.in/agriculture/plant_nutri/rice_phos.html"
"Crop nutrient deficiency & correction","","Agricultural Crops","Cereals","Rice","Phosphorus","Phosphorus","Macro","Correction measure / remedy","Foliar application of 2% DAP (20g/lit) two times at 15 days interval (2kg of DAP should be soaked in 20 lit of water over night and filter the solution in the next day morning). Add one lit of solution per tank (10 lit tank) and 20 tank (200lit) should be sprayed for an acreTD height=""27"" colSpan=1 align=""right"" bgcolor=""#DEF0C2"" style=""line-heigh","https://agritech.tnau.ac.in/agriculture/plant_nutri/rice_phos.html"
"Crop nutrient deficiency & correction","","Agricultural Crops","Cereals","Rice","Potassium","Potassium","Macro","Deficiency symptoms","Dark green plants with yellowish. Brown leaf margins brown necrotic sports on the tips of older leaves. Symptoms first on older leaves. leaf edge. leaf base. Upper leaves short, droopy 'dirty' dark green. Older leaves yellow to brown yellow stripes along leaf interveins, rusty brown spots on the panicles.","https://agritech.tnau.ac.in/agriculture/plant_nutri/rice_k.html"
"Crop nutrient deficiency & correction","","Agricultural Crops","Cereals","Rice","Potassium","Potassium","Macro","Correction measure / remedy","Foliar spray of KCl @ 5gram/lit at 15 days interval up to the disappearance of symptoms","https://agritech.tnau.ac.in/agriculture/plant_nutri/rice_k.html"
"Crop nutrient deficiency & correction","","Agricultural Crops","Cereals","Rice","Potassium","Potassium","Macro","Deficiency symptoms","Scorching of leaf margins and tip • Symptoms first appear on older leaves • Rusty brown spots on the leaves and panicles","https://agritech.tnau.ac.in/agriculture/plant_nutri/rice_potassium.html"
"Crop nutrient deficiency & correction","","Agricultural Crops","Cereals","Rice","Potassium","Potassium","Macro","Correction measure / remedy","Foliar spray of 1 % K 2 SO 4 or 1 % KCl (10g/lit) at 15 days interval up to the disappearance of symptoms.TD height=""27"" colSpan=1 align=""right"" bgcolor=""#DEF0C2"" st","https://agritech.tnau.ac.in/agriculture/plant_nutri/rice_potassium.html"
"Crop nutrient deficiency & correction","","Agricultural Crops","Cereals","Rice","Calcium","Calcium","Macro","Deficiency symptoms","Chlorotic - necrotic split or rolled tips of younger leaves. Tips of youngest leaves become white rolled and curled. Necrotic tissue along the lateral margins.","https://agritech.tnau.ac.in/agriculture/plant_nutri/Rice_Ca.html"
"Crop nutrient deficiency & correction","","Agricultural Crops","Cereals","Rice","Calcium","Calcium","Macro","Correction measure / remedy","Apply CaCl2 or Ca containing foliar sprays for rapid treatment of severe Ca deficiency. Apply gypsum in Ca-deficient high pH soils, e.g., on sodic & high K soils.","https://agritech.tnau.ac.in/agriculture/plant_nutri/Rice_Ca.html"
"Crop nutrient deficiency & correction","","Agricultural Crops","Cereals","Rice","Calcium","Calcium","Macro","Deficiency symptoms","Chlorotic - necrotic split or rolled tips of younger leaves. • Necrotic tissues appear along the lateral margins.","https://agritech.tnau.ac.in/agriculture/plant_nutri/rice_cal.html"
"Crop nutrient deficiency & correction","","Agricultural Crops","Cereals","Rice","Calcium","Calcium","Macro","Correction measure / remedy","Apply 1 % CaCl 2 (10g/lit) as foliar spray • Apply gypsum (500kg/ha) in Ca-deficient high pH soilsTD height=""27"" colSpan=1 align=""right"" bgcolor=""#","https://agritech.tnau.ac.in/agriculture/plant_nutri/rice_cal.html"
"Crop nutrient deficiency & correction","","Agricultural Crops","Cereals","Rice","Magnesium","Magnesium","Macro","Deficiency symptoms","Orange-yellow coloration on older leaves and tip become white • The leaves are wavy and droopy","https://agritech.tnau.ac.in/agriculture/plant_nutri/rice_magnes.html"
"Crop nutrient deficiency & correction","","Agricultural Crops","Cereals","Rice","Magnesium","Magnesium","Macro","Correction measure / remedy","Foliar application of 0.5 % MgSO 4 (5g/lit), two times at 15 days intervalTD height=""27"" colSpan=1 align=""right"" bgcolor=""#D","https://agritech.tnau.ac.in/agriculture/plant_nutri/rice_magnes.html"
"Crop nutrient deficiency & correction","","Agricultural Crops","Cereals","Rice","Sulphur","Sulphur","Macro","Deficiency symptoms","Pale green plant and light green colored young leaves. Yellowing of the plants. Chlorosis in young leaves with tips become necrotic. Reduced height. Reduced tillers with shortened panicles.","https://agritech.tnau.ac.in/agriculture/plant_nutri/Rice_S.html"
"Crop nutrient deficiency & correction","","Agricultural Crops","Cereals","Rice","Sulphur","Sulphur","Macro","Correction measure / remedy","For moderate S deficiency apply 10 kg S ha-1 application of 20-40 kg S ha-1. Use slow acting S forms (gypsum, elemental S) if leaching is likely to be a problem. Soil application of calcium silicate: 120-200 kg ha-1 or Potassium silicate: 40-60 kg ha-1.","https://agritech.tnau.ac.in/agriculture/plant_nutri/Rice_S.html"
"Crop nutrient deficiency & correction","","Agricultural Crops","Cereals","Rice","Sulphur","Sulphur","Macro","Deficiency symptoms","Pale green younger leaves with necrotic tip • Reduced tillers with shortened panicles","https://agritech.tnau.ac.in/agriculture/plant_nutri/rice_sulphur.html"
"Crop nutrient deficiency & correction","","Agricultural Crops","Cereals","Rice","Sulphur","Sulphur","Macro","Correction measure / remedy","Foliar application of 0.5 % wettable sulphur (5g/lit), two times at 15 days interval.TD height=""27"" colSpan=1 align=""right"" bgcolor=""#D","https://agritech.tnau.ac.in/agriculture/plant_nutri/rice_sulphur.html"
"Crop nutrient deficiency & correction","","Agricultural Crops","Cereals","Rice","Boron","Boron","Micro","Deficiency symptoms","White rolled leaf tips of young leaves. Reduced height with leaf tips white in colour and rolled. Death of the growing point.","https://agritech.tnau.ac.in/agriculture/plant_nutri/Rice_B.html"
"Crop nutrient deficiency & correction","","Agricultural Crops","Cereals","Rice","Boron","Boron","Micro","Correction measure / remedy","Soil application of borax at 0.5-3 kg ha-1 or as foliar spray during vegetative growth.","https://agritech.tnau.ac.in/agriculture/plant_nutri/Rice_B.html"
"Crop nutrient deficiency & correction","","Agricultural Crops","Cereals","Rice","Boron","Boron","Micro","Deficiency symptoms","Reduced plant height • Leaf tips become white in colour and rolled","https://agritech.tnau.ac.in/agriculture/plant_nutri/rice_boron.html"
"Crop nutrient deficiency & correction","","Agricultural Crops","Cereals","Rice","Boron","Boron","Micro","Correction measure / remedy","Soil application of borax at @ 10 kg/ha • Foliar spray of 0.3% boric acid (3g/lit), two times at 15 days intervalTD height=""27"" colSpan=1 align=""right"" bgcolor=""","https://agritech.tnau.ac.in/agriculture/plant_nutri/rice_boron.html"
"Crop nutrient deficiency & correction","","Agricultural Crops","Cereals","Rice","Copper","Copper","Micro","Deficiency symptoms","Chlorotic streaks, bluish green leaves. Leaf tips become chlorotic with streaks on either side of the midrib, followed by appearance of dark brown necrotic lesions on the leaf tips. Leaves bluish green and leaf tip needle-like, while the leaf base appears normal. Tillering reduced.","https://agritech.tnau.ac.in/agriculture/plant_nutri/Rice-Copper.html"
"Crop nutrient deficiency & correction","","Agricultural Crops","Cereals","Rice","Copper","Copper","Micro","Correction measure / remedy","Soil application CuSO4 at 1-5 kg Cu ha-1 or apply cupric sulfate solution as foliar spray.","https://agritech.tnau.ac.in/agriculture/plant_nutri/Rice-Copper.html"
"Crop nutrient deficiency & correction","","Agricultural Crops","Cereals","Rice","Copper","Copper","Micro","Deficiency symptoms","Bluish green leaves with chlorotic streaks on either side of the midrib followed by appearance of dark brown necrotic lesions on the needle like leaf tips. • Reduced tillering","https://agritech.tnau.ac.in/agriculture/plant_nutri/rice_copper.html"
"Crop nutrient deficiency & correction","","Agricultural Crops","Cereals","Rice","Copper","Copper","Micro","Correction measure / remedy","Apply Copper Sulphate 0.2 % (2g/lit), two times as foliar spray at 15 days interval.TD height=""27"" colSpan=1 align=""right"" b","https://agritech.tnau.ac.in/agriculture/plant_nutri/rice_copper.html"
"Crop nutrient deficiency & correction","","Agricultural Crops","Cereals","Rice","Copper","Copper","Micro","Deficiency symptoms","Chlorotic streaks, bluish green leaves. Leaf tips become chlorotic with streaks on either side of the midrib, followed by appearance of dark brown necrotic lesions on the leaf tips. Leaves bluish green and leaf tip needle-like, while the leaf base appears normal. Tillering reduced.","https://agritech.tnau.ac.in/horticulture/plant_nutri/Rice-Copper.html"
"Crop nutrient deficiency & correction","","Agricultural Crops","Cereals","Rice","Copper","Copper","Micro","Correction measure / remedy","Soil application CuSO4 at 1-5 kg Cu ha-1 or apply cupric sulfate solution as foliar spray.","https://agritech.tnau.ac.in/horticulture/plant_nutri/Rice-Copper.html"
"Crop nutrient deficiency & correction","","Agricultural Crops","Cereals","Rice","Iron","Iron","Micro","Deficiency symptoms","Interveinal chlorosis in young leaves • Whole Leaves become chlorotic and then very pale • Decreased dry matter production","https://agritech.tnau.ac.in/agriculture/plant_nutri/rice_sili.html"
"Crop nutrient deficiency & correction","","Agricultural Crops","Cereals","Rice","Iron","Iron","Micro","Correction measure / remedy","Apply ferrous sulphate @ 0.5 % (5g/lit) as foliar spray, two times at 15 days intervalTD height=""27"" colSpan=1 align=""right"" b","https://agritech.tnau.ac.in/agriculture/plant_nutri/rice_sili.html"
"Crop nutrient deficiency & correction","","Agricultural Crops","Cereals","Rice","Manganese","Manganese","Micro","Deficiency symptoms","Interveinal chlorosis starting at the tip of younger leaves. Pale greayish green interveinal chlorosis spreading from the tip of the leaf to the base. Necrotic brown spots develop and leaf becomes dark brown. New leaves short narrow and light green.","https://agritech.tnau.ac.in/agriculture/plant_nutri/Rice_Manganese.html"
"Crop nutrient deficiency & correction","","Agricultural Crops","Cereals","Rice","Manganese","Manganese","Micro","Correction measure / remedy","Apply MnSO4 (5-20 kg Mn ha-1) in bands along rice row. Apply foliar MnSO4 (1-5 kg Mn ha-1 in about 200 L water ha-1)","https://agritech.tnau.ac.in/agriculture/plant_nutri/Rice_Manganese.html"
"Crop nutrient deficiency & correction","","Agricultural Crops","Cereals","Rice","Zinc","Zinc","Micro","Deficiency symptoms","Leaf base of younger leaves become chlorotic • Dusty brown spots on younger leaves • Stunted growth, low tillering and increased spikelet sterility","https://agritech.tnau.ac.in/agriculture/plant_nutri/rice_zin.html"
"Crop nutrient deficiency & correction","","Agricultural Crops","Cereals","Rice","Zinc","Zinc","Micro","Correction measure / remedy","Apply ZnSO 4 @ 25 kg/ha • Foliar spray of 0.5 % ZnSO 4 ( 5g/lit), two times at 15 days intervalTD height=""27"" colSpan=1 align=""right"" b","https://agritech.tnau.ac.in/agriculture/plant_nutri/rice_zin.html"
"Crop nutrient deficiency & correction","","Agricultural Crops","Cereals","Rice","Silicon","Silicon","Micro","Deficiency symptoms","Soft, droopy leaves and culms. Leaves become chlorotic which later become necrotic brown spots. Entire leaf becomes brown or pink. Reduced panicles per m2. Susceptible to lodging.","https://agritech.tnau.ac.in/agriculture/plant_nutri/Rice_Silicon.html"
"Crop nutrient deficiency & correction","","Agricultural Crops","Cereals","Rice","Silicon","Silicon","Micro","Correction measure / remedy","Apply Calcium silicate @ 120- 200 kg/ ha (or) Potassium silicate @ 40- 60 kg/ ha for disappearance of symptoms","https://agritech.tnau.ac.in/agriculture/plant_nutri/Rice_Silicon.html"
"Crop nutrient deficiency & correction","","Agricultural Crops","Cereals","Wheat","Copper","Copper","Micro","Deficiency symptoms","Chlorotic leaves, leaf curl and twist at the tips and margins. The heads bleached","https://agritech.tnau.ac.in/agriculture/plant_nutri/wheat_copp.html"
"Crop nutrient deficiency & correction","","Agricultural Crops","Cereals","Wheat","Copper","Copper","Micro","Correction measure / remedy","Foliar spray of CuSo4 0.3% (3g/ lit).","https://agritech.tnau.ac.in/agriculture/plant_nutri/wheat_copp.html"
"Crop nutrient deficiency & correction","","Agricultural Crops","Cereals","Wheat","Manganese","Manganese","Micro","Deficiency symptoms","Grey speck spots leaves often drop at the base lighter green than normal.","https://agritech.tnau.ac.in/agriculture/plant_nutri/wheat_manganes.html"
"Crop nutrient deficiency & correction","","Agricultural Crops","Cereals","Wheat","Manganese","Manganese","Micro","Correction measure / remedy","Foliar spray of MnSO4 0.2% (2g/ lit).","https://agritech.tnau.ac.in/agriculture/plant_nutri/wheat_manganes.html"
"Crop nutrient deficiency & correction","","Agricultural Crops","Fibre Crops","Cotton","Nitrogen","Nitrogen","Macro","Deficiency symptoms","General yellowing of the older leaves. • Stunted growth with few vegetative fruiting branches.","https://agritech.tnau.ac.in/agriculture/plant_nutri/cot_nitro.html"
"Crop nutrient deficiency & correction","","Agricultural Crops","Fibre Crops","Cotton","Nitrogen","Nitrogen","Macro","Correction measure / remedy","Urea 1% foliar spray or DAP 2% can control this deficiency","https://agritech.tnau.ac.in/agriculture/plant_nutri/cot_nitro.html"
"Crop nutrient deficiency & correction","","Agricultural Crops","Fibre Crops","Cotton","Phosphorus","Phosphorus","Macro","Deficiency symptoms","Dark green stunted plants. • Small leaves and the symptoms first appear on the lower or older leaves and progress upward on the stalk. • Delay in blooming and fruiting. • Redderg symptom appear on leaves.","https://agritech.tnau.ac.in/agriculture/plant_nutri/cot_phos.html"
"Crop nutrient deficiency & correction","","Agricultural Crops","Fibre Crops","Cotton","Phosphorus","Phosphorus","Macro","Correction measure / remedy","Foliar application of 2% DAP.","https://agritech.tnau.ac.in/agriculture/plant_nutri/cot_phos.html"
"Crop nutrient deficiency & correction","","Agricultural Crops","Fibre Crops","Cotton","Potassium","Potassium","Macro","Deficiency symptoms","Older leaves are chlorotic, droopy and have yellow spots between the veins the edges turn yellow then brown curt downward and die. • Brown spots appear between vein dry the margins and tip of leaves. • The tips curl and breakdown. • The leaves brown-reddish brown of dry. • The maturity and quality of both offered.","https://agritech.tnau.ac.in/agriculture/plant_nutri/cot_pota.html"
"Crop nutrient deficiency & correction","","Agricultural Crops","Fibre Crops","Cotton","Potassium","Potassium","Macro","Correction measure / remedy","Foliar spray of 1 % KCl","https://agritech.tnau.ac.in/agriculture/plant_nutri/cot_pota.html"
"Crop nutrient deficiency & correction","","Agricultural Crops","Fibre Crops","Cotton","Calcium","Calcium","Macro","Deficiency symptoms","Large plants and few fruiting forms. Crinkle leaf and poor root growth.","https://agritech.tnau.ac.in/agriculture/plant_nutri/cot_cal.html"
"Crop nutrient deficiency & correction","","Agricultural Crops","Fibre Crops","Cotton","Calcium","Calcium","Macro","Correction measure / remedy","Soil application of gypsum @ 50 kg/ha.","https://agritech.tnau.ac.in/agriculture/plant_nutri/cot_cal.html"
"Crop nutrient deficiency & correction","","Agricultural Crops","Fibre Crops","Cotton","Magnesium","Magnesium","Macro","Deficiency symptoms","Leaf cupping and interveinal chlorosis, veins remain green; starts in young leaves.","https://agritech.tnau.ac.in/agriculture/plant_nutri/cot_magnes.html"
"Crop nutrient deficiency & correction","","Agricultural Crops","Fibre Crops","Cotton","Magnesium","Magnesium","Macro","Correction measure / remedy","Foliar spray of MgSO4 @ 1 %","https://agritech.tnau.ac.in/agriculture/plant_nutri/cot_magnes.html"
"Crop nutrient deficiency & correction","","Agricultural Crops","Fibre Crops","Cotton","Sulphur","Sulphur","Macro","Deficiency symptoms","Pale green to yellow colour of young leaves at the top leave green colour which is similar to N deficiency, bur N deficiency begin near the bottom and not at the top. • The plants are small and spindly with short, slender stalks.","https://agritech.tnau.ac.in/agriculture/plant_nutri/cot_sul.html"
"Crop nutrient deficiency & correction","","Agricultural Crops","Fibre Crops","Cotton","Sulphur","Sulphur","Macro","Correction measure / remedy","Foliar spray of MgSO4 @ 1 %","https://agritech.tnau.ac.in/agriculture/plant_nutri/cot_sul.html"
"Crop nutrient deficiency & correction","","Agricultural Crops","Fibre Crops","Cotton","Boron","Boron","Micro","Deficiency symptoms","Short leaf petioles with dark green rings. Excessive sheding of buds and young bolls. Ruptured nectarines, small bolls, and delayed maturity. Terminal bud dies, more lateral branches with short internodes. Black discolouration at the base of bolls. Bolls dry and fall young leaves become thick, brittle with water spots.","https://agritech.tnau.ac.in/agriculture/plant_nutri/cot_boron.html"
"Crop nutrient deficiency & correction","","Agricultural Crops","Fibre Crops","Cotton","Boron","Boron","Micro","Correction measure / remedy","Soil application of borax 0.5 kg/ha or foliar spray of borax 0.2","https://agritech.tnau.ac.in/agriculture/plant_nutri/cot_boron.html"
"Crop nutrient deficiency & correction","","Agricultural Crops","Fibre Crops","Cotton","Iron","Iron","Micro","Deficiency symptoms","Yellowing of cotton leaves at top of plant following irrigation.","https://agritech.tnau.ac.in/agriculture/plant_nutri/cot_iron.html"
"Crop nutrient deficiency & correction","","Agricultural Crops","Fibre Crops","Cotton","Iron","Iron","Micro","Correction measure / remedy","Soil application of FeSO4 @ 5 kg/ha or foliar spray of 0.5% FeSO4.","https://agritech.tnau.ac.in/agriculture/plant_nutri/cot_iron.html"
"Crop nutrient deficiency & correction","","Agricultural Crops","Fibre Crops","Cotton","Manganese","Manganese","Micro","Deficiency symptoms","Yellowing of cotton leaves at top of plant following irrigation.","https://agritech.tnau.ac.in/agriculture/plant_nutri/cot_mangan.html"
"Crop nutrient deficiency & correction","","Agricultural Crops","Fibre Crops","Cotton","Manganese","Manganese","Micro","Correction measure / remedy","Soil application of FeSO4 @ 5 kg/ha or foliar spray of 0.5% FeSO4.","https://agritech.tnau.ac.in/agriculture/plant_nutri/cot_mangan.html"
"Crop nutrient deficiency & correction","","Agricultural Crops","Fibre Crops","Cotton","Zinc","Zinc","Micro","Deficiency symptoms","Pronounced inerveinal chlorosis differs from manganese in that leaves are more misshapen, tips of leaves elongated and parallel. Both old and young leaves show red pigmentation; leaves lose normal green colour of interveinal portions turn golden yellow colour. Brown spots extend from leaf tips to base and later dry. Plants show shorter appearance.","https://agritech.tnau.ac.in/agriculture/plant_nutri/cot_zinc.html"
"Crop nutrient deficiency & correction","","Agricultural Crops","Fibre Crops","Cotton","Zinc","Zinc","Micro","Correction measure / remedy","Soil application of ZnSO4 5 kg/ha or foliar application of ZnSO4 1%.","https://agritech.tnau.ac.in/agriculture/plant_nutri/cot_zinc.html"
"Crop nutrient deficiency & correction","","Agricultural Crops","Millets","Cumbu (Pearl Millet)","Nitrogen","Nitrogen","Macro","Deficiency symptoms","Stunted plant growth, spindly pale yellow or deep yellow color near the tips and margins progresses toward the base.","https://agritech.tnau.ac.in/agriculture/plant_nutri/cumbu_nitro.html"
"Crop nutrient deficiency & correction","","Agricultural Crops","Millets","Cumbu (Pearl Millet)","Nitrogen","Nitrogen","Macro","Correction measure / remedy","Foliar spray of Urea 1% or DAP 2%.","https://agritech.tnau.ac.in/agriculture/plant_nutri/cumbu_nitro.html"
"Crop nutrient deficiency & correction","nutrient name read from page title","Agricultural Crops","Millets","Cumbu (Pearl Millet)","Phosphorus","Phosphorus","Macro","Deficiency symptoms","Grain filling inhibited. Stunted growth, spindly, dark green leaves with dark red coloration. Leave appear to be erect and leathery.","https://agritech.tnau.ac.in/agriculture/plant_nutri/cumbu_phos.html"
"Crop nutrient deficiency & correction","nutrient name read from page title","Agricultural Crops","Millets","Cumbu (Pearl Millet)","Phosphorus","Phosphorus","Macro","Correction measure / remedy","Foliar spray of DAP 2% 2-3 sprays","https://agritech.tnau.ac.in/agriculture/plant_nutri/cumbu_phos.html"
"Crop nutrient deficiency & correction","","Agricultural Crops","Millets","Cumbu (Pearl Millet)","Potassium","Potassium","Macro","Deficiency symptoms","Symptoms first seen in older leaves. Irregular necrotic patterns intermingled with red pigmentation. Streaked patterns on the interveinal tissue symptoms at tips and margins move towards the base.","https://agritech.tnau.ac.in/agriculture/plant_nutri/cumbu_potassium.html"
"Crop nutrient deficiency & correction","","Agricultural Crops","Millets","Cumbu (Pearl Millet)","Potassium","Potassium","Macro","Correction measure / remedy","Foliar spray of KCl 1%","https://agritech.tnau.ac.in/agriculture/plant_nutri/cumbu_potassium.html"
"Crop nutrient deficiency & correction","","Agricultural Crops","Millets","Cumbu (Pearl Millet)","Calcium","Calcium","Macro","Deficiency symptoms","Plants stunted. Young leaf tips stick together form sword-like projections. Serrated leaf edges, leaves brittle, brown, sticky near margins and turn brown.","https://agritech.tnau.ac.in/agriculture/plant_nutri/cumbu_cal.html"
"Crop nutrient deficiency & correction","","Agricultural Crops","Millets","Cumbu (Pearl Millet)","Calcium","Calcium","Macro","Correction measure / remedy","Foliar application of CaSO4 2% twice.","https://agritech.tnau.ac.in/agriculture/plant_nutri/cumbu_cal.html"
"Crop nutrient deficiency & correction","","Agricultural Crops","Millets","Cumbu (Pearl Millet)","Sulphur","Sulphur","Macro","Deficiency symptoms","Deficiency appears in upper leaves. Emerging leaves pale yellow in color.","https://agritech.tnau.ac.in/agriculture/plant_nutri/cumbu_sul.html"
"Crop nutrient deficiency & correction","","Agricultural Crops","Millets","Cumbu (Pearl Millet)","Sulphur","Sulphur","Macro","Correction measure / remedy","Foliar spray of CaSO4 2%","https://agritech.tnau.ac.in/agriculture/plant_nutri/cumbu_sul.html"
"Crop nutrient deficiency & correction","","Agricultural Crops","Millets","Cumbu (Pearl Millet)","Boron","Boron","Micro","Deficiency symptoms","Apical growing points stop developing leaves thick brittle and irregular chlorosis.","https://agritech.tnau.ac.in/agriculture/plant_nutri/cumbu_boron.html"
"Crop nutrient deficiency & correction","","Agricultural Crops","Millets","Cumbu (Pearl Millet)","Boron","Boron","Micro","Correction measure / remedy","Foliar spray of Borax 0.5 % at fortnightly intervals","https://agritech.tnau.ac.in/agriculture/plant_nutri/cumbu_boron.html"
"Crop nutrient deficiency & correction","","Agricultural Crops","Millets","Cumbu (Pearl Millet)","Copper","Copper","Micro","Deficiency symptoms","Younger leaf tips turn brown roll up and break.","https://agritech.tnau.ac.in/agriculture/plant_nutri/cumbu_copper.html"
"Crop nutrient deficiency & correction","","Agricultural Crops","Millets","Cumbu (Pearl Millet)","Copper","Copper","Micro","Correction measure / remedy","Foliar spray of CuSO4 0.2%","https://agritech.tnau.ac.in/agriculture/plant_nutri/cumbu_copper.html"
"Crop nutrient deficiency & correction","","Agricultural Crops","Millets","Cumbu (Pearl Millet)","Iron","Iron","Micro","Deficiency symptoms","Deficiency appears first in newly emerging leaves. Interveinal tissue turns pale yellow with green veins chlorotic pattern uniformly leaves turn yellow or white. Newly formed leaves exhibit chlorotic symptoms.","https://agritech.tnau.ac.in/agriculture/plant_nutri/cumbu_iron.html"
"Crop nutrient deficiency & correction","","Agricultural Crops","Millets","Cumbu (Pearl Millet)","Iron","Iron","Micro","Correction measure / remedy","Soil application of 20-25 Kg FeSO4 or foliar spray of 1% FeSO4 at weekly interval.","https://agritech.tnau.ac.in/agriculture/plant_nutri/cumbu_iron.html"
"Crop nutrient deficiency & correction","","Agricultural Crops","Millets","Cumbu (Pearl Millet)","Zinc","Zinc","Micro","Deficiency symptoms","Deficiencies first in the younger leaves. Emerging leaves uniformly pale green. Chlorosis staring at the base progressive toward the tip. Bleached white patches on the leaves. Older leaves have yellow streaks or chlorotic striping between veins.","https://agritech.tnau.ac.in/agriculture/plant_nutri/cumbu_zinc.html"
"Crop nutrient deficiency & correction","","Agricultural Crops","Millets","Cumbu (Pearl Millet)","Zinc","Zinc","Micro","Correction measure / remedy","Soil application of ZnSO4 20-25 Kg/ha or foliar spray of ZnSO4 0.5%","https://agritech.tnau.ac.in/agriculture/plant_nutri/cumbu_zinc.html"
"Crop nutrient deficiency & correction","","Agricultural Crops","Millets","Maize","Nitrogen","Nitrogen","Macro","Deficiency symptoms","Chlorosis occurs in older leaves • Appearance of golden yellow color near the tips • Margins progresses both side.","https://agritech.tnau.ac.in/agriculture/plant_nutri/maize_nitro.html"
"Crop nutrient deficiency & correction","","Agricultural Crops","Millets","Maize","Nitrogen","Nitrogen","Macro","Correction measure / remedy","Foliar spray of 0.5% urea (5 g /lit) for twice at 10 days interval.","https://agritech.tnau.ac.in/agriculture/plant_nutri/maize_nitro.html"
"Crop nutrient deficiency & correction","","Agricultural Crops","Millets","Maize","Phosphorus","Phosphorus","Macro","Deficiency symptoms","Stunted plant growth and occurrence of pink pigmentation in the older leaves.","https://agritech.tnau.ac.in/agriculture/plant_nutri/maize_phos.html"
"Crop nutrient deficiency & correction","","Agricultural Crops","Millets","Maize","Phosphorus","Phosphorus","Macro","Correction measure / remedy","Foliar spray of DAP 2%.","https://agritech.tnau.ac.in/agriculture/plant_nutri/maize_phos.html"
"Crop nutrient deficiency & correction","","Agricultural Crops","Millets","Maize","Potassium","Potassium","Macro","Deficiency symptoms","Older leaves show yellow or yellowish green streaks • Scorching of leaf tips and margins. • Shortened internodes. • Plants become weak and fall down • Tip end of cobs are poorly filled. .","https://agritech.tnau.ac.in/agriculture/plant_nutri/maize_potassium.html"
"Crop nutrient deficiency & correction","","Agricultural Crops","Millets","Maize","Potassium","Potassium","Macro","Correction measure / remedy","Foliar application of 1% KCl or K2SO4 (10 g / litre of water) two times at 15 days interval. .TD height=""27"" colSpan=1 align=""right"" bgcolor=""#DEF0C2"" style","https://agritech.tnau.ac.in/agriculture/plant_nutri/maize_potassium.html"
"Crop nutrient deficiency & correction","","Agricultural Crops","Millets","Maize","Calcium","Calcium","Macro","Deficiency symptoms","Young leaf tips stick together form sword-like projections. Serrated leaf edges, leaves brittle, brown, sticky near margins and turn brown.","https://agritech.tnau.ac.in/agriculture/plant_nutri/maize_cal.html"
"Crop nutrient deficiency & correction","","Agricultural Crops","Millets","Maize","Calcium","Calcium","Macro","Correction measure / remedy","Foliar application of CaSO4 2% twice.","https://agritech.tnau.ac.in/agriculture/plant_nutri/maize_cal.html"
"Crop nutrient deficiency & correction","","Agricultural Crops","Millets","Maize","Magnesium","Magnesium","Macro","Deficiency symptoms","Deficiency appear first on older leaves, irregular necrotic spots on tips and margins, leaves become brittle and turn brown .","https://agritech.tnau.ac.in/agriculture/plant_nutri/maize_magnesium.html"
"Crop nutrient deficiency & correction","","Agricultural Crops","Millets","Maize","Magnesium","Magnesium","Macro","Correction measure / remedy","Foliar spray of MgSO4 2%.","https://agritech.tnau.ac.in/agriculture/plant_nutri/maize_magnesium.html"
"Crop nutrient deficiency & correction","","Agricultural Crops","Millets","Maize","Sulphur","Sulphur","Macro","Deficiency symptoms","Deficiency appears in upper leaves and emerging leaves appear as pale yellow.","https://agritech.tnau.ac.in/agriculture/plant_nutri/maize_sul.html"
"Crop nutrient deficiency & correction","","Agricultural Crops","Millets","Maize","Sulphur","Sulphur","Macro","Correction measure / remedy","Foliar spray of MgSO4@1%","https://agritech.tnau.ac.in/agriculture/plant_nutri/maize_sul.html"
"Crop nutrient deficiency & correction","","Agricultural Crops","Millets","Maize","Boron","Boron","Micro","Deficiency symptoms","Abnormal leaf and cobs .","https://agritech.tnau.ac.in/agriculture/plant_nutri/maize_boron.html"
"Crop nutrient deficiency & correction","","Agricultural Crops","Millets","Maize","Boron","Boron","Micro","Correction measure / remedy","Foliar application of mono ammonium phosphate (MAP) 1% (10 g / litre of water) two times at 15 days interval. .TD height=""27"" colSpan=1 align=""right"" bgcolor=""#DEF0C2"" style","https://agritech.tnau.ac.in/agriculture/plant_nutri/maize_boron.html"
"Crop nutrient deficiency & correction","","Agricultural Crops","Millets","Maize","Copper","Copper","Micro","Deficiency symptoms","Younger leaf tips turn brown roll up and break","https://agritech.tnau.ac.in/agriculture/plant_nutri/maize_copper.html"
"Crop nutrient deficiency & correction","","Agricultural Crops","Millets","Maize","Copper","Copper","Micro","Correction measure / remedy","Foliar spray of CuSO4 @ 0.2%..","https://agritech.tnau.ac.in/agriculture/plant_nutri/maize_copper.html"
"Crop nutrient deficiency & correction","","Agricultural Crops","Millets","Maize","Iron","Iron","Micro","Deficiency symptoms","Deficiency appears first in newly emerging leaves. Interveinal tissue turns pale yellow with green veins chlorotic pattern uniformly leaves turn yellow or white. Newly formed leaves exhibit chlorotic symptoms and the entire crop show bleached appearance.","https://agritech.tnau.ac.in/agriculture/plant_nutri/maize_iron.html"
"Crop nutrient deficiency & correction","","Agricultural Crops","Millets","Maize","Iron","Iron","Micro","Correction measure / remedy","Soil application of 20-25 Kg FeSO4 or foliar spray of 1% FeSO4 at weekly interval","https://agritech.tnau.ac.in/agriculture/plant_nutri/maize_iron.html"
"Crop nutrient deficiency & correction","","Agricultural Crops","Millets","Maize","Manganese","Manganese","Micro","Deficiency symptoms","Deficiency appears first in younger leaves. Leaves pale color in a streaked pattern and long narrow lesions on leaves.","https://agritech.tnau.ac.in/agriculture/plant_nutri/maize_manganes.html"
"Crop nutrient deficiency & correction","","Agricultural Crops","Millets","Maize","Manganese","Manganese","Micro","Correction measure / remedy","Foliar spray of MnSO4@2%","https://agritech.tnau.ac.in/agriculture/plant_nutri/maize_manganes.html"
"Crop nutrient deficiency & correction","","Agricultural Crops","Millets","Maize","Zinc","Zinc","Micro","Deficiency symptoms","Leaves have yellow streaks or chlorotic striping between veins. • White colour band arises from base to tip of the leaf. • New leaves are white in colour known as white bud. • Shortened internodes with rosette appearance. • Unfolding of young leaves .","https://agritech.tnau.ac.in/agriculture/plant_nutri/maize_zinc.html"
"Crop nutrient deficiency & correction","","Agricultural Crops","Millets","Maize","Zinc","Zinc","Micro","Correction measure / remedy","Foliar application of 0.5% ZnSO4 (5 g / litre of water) two times at 15 days interval. .TD height=""27"" colSpan=1 align=""right"" bgcolor=""#DEF0C2"" style","https://agritech.tnau.ac.in/agriculture/plant_nutri/maize_zinc.html"
"Crop nutrient deficiency & correction","","Agricultural Crops","Millets","Sorghum","Nitrogen","Nitrogen","Macro","Deficiency symptoms","Plants stunted, spindly pale yellow or deep yellow color near the tips and margins progresses toward the base heads small seed numbers reduced.","https://agritech.tnau.ac.in/agriculture/plant_nutri/sorghum_nitro.html"
"Crop nutrient deficiency & correction","","Agricultural Crops","Millets","Sorghum","Nitrogen","Nitrogen","Macro","Correction measure / remedy","Foliar spray of Urea 1% or DAP 2%.","https://agritech.tnau.ac.in/agriculture/plant_nutri/sorghum_nitro.html"
"Crop nutrient deficiency & correction","","Agricultural Crops","Millets","Sorghum","Phosphorus","Phosphorus","Macro","Deficiency symptoms","Small root systems; grain filling inhibited. Growth stunted, spindly, dark green leaves with dark red coloration. Leaf sheaths bend upward with red coloration leaf. Leave appear to be erect and leathery. Roots turn dark brown purple or black.","https://agritech.tnau.ac.in/agriculture/plant_nutri/sorghum_phos.html"
"Crop nutrient deficiency & correction","","Agricultural Crops","Millets","Sorghum","Phosphorus","Phosphorus","Macro","Correction measure / remedy","Foliar spray of DAP 2% 2-3 sprays","https://agritech.tnau.ac.in/agriculture/plant_nutri/sorghum_phos.html"
"Crop nutrient deficiency & correction","","Agricultural Crops","Millets","Sorghum","Potassium","Potassium","Macro","Deficiency symptoms","Deficiency first seen on older leaves. Irregular necrotic patterns intermingled with red pigmentation. Streaked patterns on the interveinal tissue symptoms at tips and margins move towards the base.","https://agritech.tnau.ac.in/agriculture/plant_nutri/sorghum_pota.html"
"Crop nutrient deficiency & correction","","Agricultural Crops","Millets","Sorghum","Potassium","Potassium","Macro","Correction measure / remedy","Foliar spray of KCl 1%","https://agritech.tnau.ac.in/agriculture/plant_nutri/sorghum_pota.html"
"Crop nutrient deficiency & correction","","Agricultural Crops","Millets","Sorghum","Calcium","Calcium","Macro","Deficiency symptoms","Plants stunted. Young leaf tips stick together form sword-like projections. Serrated leaf edges, leaves brittle, brown, sticky near margins and turn brown.","https://agritech.tnau.ac.in/agriculture/plant_nutri/sorghum_cal.html"
"Crop nutrient deficiency & correction","","Agricultural Crops","Millets","Sorghum","Calcium","Calcium","Macro","Correction measure / remedy","Foliar application of CaSO4 2% twice.","https://agritech.tnau.ac.in/agriculture/plant_nutri/sorghum_cal.html"
"Crop nutrient deficiency & correction","","Agricultural Crops","Millets","Sorghum","Magnesium","Magnesium","Macro","Deficiency symptoms","Deficiency appear first on older leaves irregular necrotic spots on tips and margins deep red color on leaves become brittle, turn brown","https://agritech.tnau.ac.in/agriculture/plant_nutri/sorghum_magnes.html"
"Crop nutrient deficiency & correction","","Agricultural Crops","Millets","Sorghum","Magnesium","Magnesium","Macro","Correction measure / remedy","Foliar spray of MgSO4 2%","https://agritech.tnau.ac.in/agriculture/plant_nutri/sorghum_magnes.html"
"Crop nutrient deficiency & correction","","Agricultural Crops","Millets","Sorghum","Sulphur","Sulphur","Macro","Deficiency symptoms","Deficiency appears in upper leaves. Emerging leaves pale yellow.","https://agritech.tnau.ac.in/agriculture/plant_nutri/sorghum_sul.html"
"Crop nutrient deficiency & correction","","Agricultural Crops","Millets","Sorghum","Sulphur","Sulphur","Macro","Correction measure / remedy","Foliar spray of CaSO4 2%","https://agritech.tnau.ac.in/agriculture/plant_nutri/sorghum_sul.html"
"Crop nutrient deficiency & correction","","Agricultural Crops","Millets","Sorghum","Boron","Boron","Micro","Deficiency symptoms","Apical growing points stop developing leaves thick brittle and irregular chlorosis.","https://agritech.tnau.ac.in/agriculture/plant_nutri/sorghum_bor.html"
"Crop nutrient deficiency & correction","","Agricultural Crops","Millets","Sorghum","Boron","Boron","Micro","Correction measure / remedy","Foliar spray of Borax 0.5 % at fortnightly intervals","https://agritech.tnau.ac.in/agriculture/plant_nutri/sorghum_bor.html"
"Crop nutrient deficiency & correction","","Agricultural Crops","Millets","Sorghum","Copper","Copper","Micro","Deficiency symptoms","Younger leaf tips turn brown roll up and break.","https://agritech.tnau.ac.in/agriculture/plant_nutri/sorghum_copp.html"
"Crop nutrient deficiency & correction","","Agricultural Crops","Millets","Sorghum","Copper","Copper","Micro","Correction measure / remedy","Foliar spray of CuSO4 0.2%","https://agritech.tnau.ac.in/agriculture/plant_nutri/sorghum_copp.html"
"Crop nutrient deficiency & correction","","Agricultural Crops","Millets","Sorghum","Iron","Iron","Micro","Deficiency symptoms","Deficiency appears first in newly emerging leaves. Interveinal tissue turns pale yellow with green veins chlorotic pattern uniformly leaves turn yellow or white. Newly formed leaves exhibit chlorotic symptoms the entire crop show bleached appearance and dry.","https://agritech.tnau.ac.in/agriculture/plant_nutri/sorghum_iro.html"
"Crop nutrient deficiency & correction","","Agricultural Crops","Millets","Sorghum","Iron","Iron","Micro","Correction measure / remedy","Soil application of 20-25 Kg FeSO4 or foliar spray of 1% FeSO4 at weekly interval.","https://agritech.tnau.ac.in/agriculture/plant_nutri/sorghum_iro.html"
"Crop nutrient deficiency & correction","","Agricultural Crops","Millets","Sorghum","Manganese","Manganese","Micro","Deficiency symptoms","Deficiency appears first in younger leaves. Leaves pale color in a streaked pattern and long narrow lesions on leaves.","https://agritech.tnau.ac.in/agriculture/plant_nutri/sorghum_manganes.html"
"Crop nutrient deficiency & correction","","Agricultural Crops","Millets","Sorghum","Manganese","Manganese","Micro","Correction measure / remedy","Foliar spray of MnSO4 0.2%","https://agritech.tnau.ac.in/agriculture/plant_nutri/sorghum_manganes.html"
"Crop nutrient deficiency & correction","","Agricultural Crops","Millets","Sorghum","Zinc","Zinc","Micro","Deficiency symptoms","Deficiencies first in the younger leaves. Emerging leaves uniformly pale green. Chlorosis staring at the base progressive toward the tip. Margins with distinct red line. Bleached white patches on the leaves. Older leaves have yellow streaks or chlorotic striping between veins.","https://agritech.tnau.ac.in/agriculture/plant_nutri/sorghum_zin.html"
"Crop nutrient deficiency & correction","","Agricultural Crops","Millets","Sorghum","Zinc","Zinc","Micro","Correction measure / remedy","Soil application of ZnSO4 20-25 Kg/ha or foliar spray of ZnSO4 0.5%","https://agritech.tnau.ac.in/agriculture/plant_nutri/sorghum_zin.html"
"Crop nutrient deficiency & correction","","Agricultural Crops","Oil Seeds","Groundnut","Nitrogen","Nitrogen","Macro","Deficiency symptoms","Leaf chlorosis, plants turn pale yellow, stunted growth, a reddish coloration of stems may occur.","https://agritech.tnau.ac.in/agriculture/plant_nutri/gnut_nitro.html"
"Crop nutrient deficiency & correction","","Agricultural Crops","Oil Seeds","Groundnut","Nitrogen","Nitrogen","Macro","Correction measure / remedy","Foliar spray of Urea 1 to 2% at fortnightly intervals.","https://agritech.tnau.ac.in/agriculture/plant_nutri/gnut_nitro.html"
"Crop nutrient deficiency & correction","","Agricultural Crops","Oil Seeds","Groundnut","Potassium","Potassium","Macro","Deficiency symptoms","Slight interveinal chlorosis, followed by a yellowing of the edges of the leaves.","https://agritech.tnau.ac.in/agriculture/plant_nutri/gnut_pota.html"
"Crop nutrient deficiency & correction","","Agricultural Crops","Oil Seeds","Groundnut","Potassium","Potassium","Macro","Correction measure / remedy","Foliar spray of KCl 1 to 2% at fortnightly intervals.","https://agritech.tnau.ac.in/agriculture/plant_nutri/gnut_pota.html"
"Crop nutrient deficiency & correction","","Agricultural Crops","Oil Seeds","Groundnut","Calcium","Calcium","Macro","Deficiency symptoms","Very rare in leaves and stems, small distorted leaves near branch tips, and terminal buds blacken and fail to continue to develop. Most common symptom in developing fruit is lack of kernel formation, darkened plumule if kernel develops, and reduced seed germination.","https://agritech.tnau.ac.in/agriculture/plant_nutri/gnut_cal.html"
"Crop nutrient deficiency & correction","","Agricultural Crops","Oil Seeds","Groundnut","Calcium","Calcium","Macro","Correction measure / remedy","Soil application of Gypsum 200 kg/ha.","https://agritech.tnau.ac.in/agriculture/plant_nutri/gnut_cal.html"
"Crop nutrient deficiency & correction","","Agricultural Crops","Oil Seeds","Groundnut","Sulphur","Sulphur","Macro","Deficiency symptoms","Plants look light green. Stunted growth, uniformly chlorotic plants, thin stemmed and spindle appearance.","https://agritech.tnau.ac.in/agriculture/plant_nutri/gnut_sul.html"
"Crop nutrient deficiency & correction","","Agricultural Crops","Oil Seeds","Groundnut","Sulphur","Sulphur","Macro","Correction measure / remedy","Soil application of Gypsum 200 kg/ha.","https://agritech.tnau.ac.in/agriculture/plant_nutri/gnut_sul.html"
"Crop nutrient deficiency & correction","","Agricultural Crops","Oil Seeds","Groundnut","Boron","Boron","Micro","Deficiency symptoms","Growth of young leaves restricted giving a rosette effect. The pod development is affected resulting in the production of 'pop' pods. Leaves small, branches stubby and stems may split pots show hollow heart and discoloration.","https://agritech.tnau.ac.in/agriculture/plant_nutri/gnut_boron.html"
"Crop nutrient deficiency & correction","","Agricultural Crops","Oil Seeds","Groundnut","Boron","Boron","Micro","Correction measure / remedy","Apply Borax 10 kg + Gypsum 200 kg/ha at 45 days after sowing.","https://agritech.tnau.ac.in/agriculture/plant_nutri/gnut_boron.html"
"Crop nutrient deficiency & correction","","Agricultural Crops","Oil Seeds","Groundnut","Copper","Copper","Micro","Deficiency symptoms","Chlorosis in younger leaves, distorted leaf lets and scattering of yellowish white spots on leaves.","https://agritech.tnau.ac.in/agriculture/plant_nutri/gnut_copp.html"
"Crop nutrient deficiency & correction","","Agricultural Crops","Oil Seeds","Groundnut","Copper","Copper","Micro","Correction measure / remedy","Foliar spray of CuSO4 0.2% at fortnightly intervals.","https://agritech.tnau.ac.in/agriculture/plant_nutri/gnut_copp.html"
"Crop nutrient deficiency & correction","","Agricultural Crops","Oil Seeds","Groundnut","Iron","Iron","Micro","Deficiency symptoms","Interveinal chlorosis - Depression on growth of aerial parts and roots. Stunted growth. Young leaves are reduced in size and suddenly become chlorotic.","https://agritech.tnau.ac.in/agriculture/plant_nutri/gnut_iron.html"
"Crop nutrient deficiency & correction","","Agricultural Crops","Oil Seeds","Groundnut","Iron","Iron","Micro","Correction measure / remedy","Foliar spray of 1% FeSO4 on 30,40 and 50 days after sowing.","https://agritech.tnau.ac.in/agriculture/plant_nutri/gnut_iron.html"
"Crop nutrient deficiency & correction","","Agricultural Crops","Oil Seeds","Groundnut","Manganese","Manganese","Micro","Deficiency symptoms","Interveinal chlorosis and stunted growth.","https://agritech.tnau.ac.in/agriculture/plant_nutri/gnut_mangan.html"
"Crop nutrient deficiency & correction","","Agricultural Crops","Oil Seeds","Groundnut","Manganese","Manganese","Micro","Correction measure / remedy","Foliar spray of MnSO4 0.5% at fortnightly intervals / soil appln. of MnSO4 5-10 kg/ha.","https://agritech.tnau.ac.in/agriculture/plant_nutri/gnut_mangan.html"
"Crop nutrient deficiency & correction","","Agricultural Crops","Oil Seeds","Groundnut","Zinc","Zinc","Micro","Deficiency symptoms","Light yellow stripes along with veins of leaf blade under acute condition-veinally chlorosis and cessation of growth of terminal bud. Older leaves may show slight chlorosis.","https://agritech.tnau.ac.in/agriculture/plant_nutri/gnut_zinc.html"
"Crop nutrient deficiency & correction","","Agricultural Crops","Oil Seeds","Groundnut","Zinc","Zinc","Micro","Correction measure / remedy","Apply 25 kg ZnSO4/ha (basal) or foliar spray of ZnSO4 1% at fortnightly intervals.","https://agritech.tnau.ac.in/agriculture/plant_nutri/gnut_zinc.html"
"Crop nutrient deficiency & correction","","Agricultural Crops","Oil Seeds","Sesame","Phosphorus","Phosphorus","Macro","Deficiency symptoms","Branching suppressed, stalks slender, lower leaves dull dark, grayish green. Necrosis of lower of majority of leaves is followed by defoliation.","https://agritech.tnau.ac.in/agriculture/plant_nutri/sesame_phos.html"
"Crop nutrient deficiency & correction","","Agricultural Crops","Oil Seeds","Sesame","Phosphorus","Phosphorus","Macro","Correction measure / remedy","Soil application of single super phosphate 2% DAP foliar spray at fortnightly intervals.","https://agritech.tnau.ac.in/agriculture/plant_nutri/sesame_phos.html"
"Crop nutrient deficiency & correction","","Agricultural Crops","Oil Seeds","Sesame","Calcium","Calcium","Macro","Deficiency symptoms","Terminal bud dies out following distortion of the tips and bases of young leaves. Hooking downward of the young leaf tips followed by twisting and puckering.","https://agritech.tnau.ac.in/agriculture/plant_nutri/sesame_cal.html"
"Crop nutrient deficiency & correction","","Agricultural Crops","Oil Seeds","Sesame","Calcium","Calcium","Macro","Correction measure / remedy","Soil application of gypsum @ 50 kg/ha.","https://agritech.tnau.ac.in/agriculture/plant_nutri/sesame_cal.html"
"Crop nutrient deficiency & correction","","Agricultural Crops","Oil Seeds","Sesame","Magnesium","Magnesium","Macro","Deficiency symptoms","Lower leaves develop interveinal chlorosis, light yellow in color becoming orange later. Green color persists in midrib and veins giving a characteristics pattern.","https://agritech.tnau.ac.in/agriculture/plant_nutri/sesame_magnes.html"
"Crop nutrient deficiency & correction","","Agricultural Crops","Oil Seeds","Sesame","Magnesium","Magnesium","Macro","Correction measure / remedy","Foliar spray of 2% MgSO4 at fortnightly intervals.","https://agritech.tnau.ac.in/agriculture/plant_nutri/sesame_magnes.html"
"Crop nutrient deficiency & correction","","Agricultural Crops","Oil Seeds","Sesame","Sulphur","Sulphur","Macro","Deficiency symptoms","Sulphur deficiency produce smaller new leaflets with yellow and erect petioles than the normal. Plants are smaller in size and modulation is poor.","https://agritech.tnau.ac.in/agriculture/plant_nutri/sesame_sul.html"
"Crop nutrient deficiency & correction","","Agricultural Crops","Oil Seeds","Sesame","Sulphur","Sulphur","Macro","Correction measure / remedy","Foliar spray 0.5 - 1% of calcium sulphate","https://agritech.tnau.ac.in/agriculture/plant_nutri/sesame_sul.html"
"Crop nutrient deficiency & correction","","Agricultural Crops","Oil Seeds","Sesame","Boron","Boron","Micro","Deficiency symptoms","Yellowing of plant tops and of the youngest leaves. Upper leaves became dark green, coriaceous, with edges curved down. inhibits root elongation leading to the death of root tips.","https://agritech.tnau.ac.in/agriculture/plant_nutri/sesame_boro.html"
"Crop nutrient deficiency & correction","","Agricultural Crops","Oil Seeds","Sesame","Boron","Boron","Micro","Correction measure / remedy","Foliar spray Borax 0.2% at fortnightly intervals.","https://agritech.tnau.ac.in/agriculture/plant_nutri/sesame_boro.html"
"Crop nutrient deficiency & correction","","Agricultural Crops","Oil Seeds","Sesame","Iron","Iron","Micro","Deficiency symptoms","Decrease the dry weight of leaves, stem root decrease in taproot length and its dry mass. The leaves show deficiency symptoms mild chlorosis.","https://agritech.tnau.ac.in/agriculture/plant_nutri/sesame_iro.html"
"Crop nutrient deficiency & correction","","Agricultural Crops","Oil Seeds","Sesame","Iron","Iron","Micro","Correction measure / remedy","Foliar application of ferrous sulfate 0.5% at weekly interval.","https://agritech.tnau.ac.in/agriculture/plant_nutri/sesame_iro.html"
"Crop nutrient deficiency & correction","","Agricultural Crops","Oil Seeds","Sesame","Manganese","Manganese","Micro","Deficiency symptoms","Deficiency symptoms appear in the form of interveinal chlorotic mottling of apical part of the second set of leaves. The entire laminae become severely mottled and the interveinal chlorotic areas develop light brown irregular necrotic patches. These patches, which are initially more conspicuous near the leaf apices, later spread to the entire laminae, which eventually turn severely necrotic. Symptoms gradually spread from the middle to the young and old leaves.","https://agritech.tnau.ac.in/agriculture/plant_nutri/sesame_mangan.html"
"Crop nutrient deficiency & correction","","Agricultural Crops","Oil Seeds","Sesame","Manganese","Manganese","Micro","Correction measure / remedy","Foliar spray of 0.2 - 0.3% MnSO4 solution 2-3 times at weekly intervals or soil application of MnSO4 10 kg/ha.","https://agritech.tnau.ac.in/agriculture/plant_nutri/sesame_mangan.html"
"Crop nutrient deficiency & correction","","Agricultural Crops","Oil Seeds","Sesame","Zinc","Zinc","Micro","Deficiency symptoms","Prevents seed formation thus reducing yield.","https://agritech.tnau.ac.in/agriculture/plant_nutri/sesame_zin.html"
"Crop nutrient deficiency & correction","","Agricultural Crops","Oil Seeds","Sesame","Zinc","Zinc","Micro","Correction measure / remedy","Foliar application of ZnSO4 0.5% or soil application of ZnSO4 10 kg/ha.","https://agritech.tnau.ac.in/agriculture/plant_nutri/sesame_zin.html"
"Crop nutrient deficiency & correction","","Agricultural Crops","Oil Seeds","Sunflower","Nitrogen","Nitrogen","Macro","Deficiency symptoms","Chlorosis of young leaves & old leaves (early stages), Marginal Chlorosis, Whole leaf Chlorosis Yellow-Pale green Death of whole leaf, Chlorosis followed by death. Thin stems, spindly stems pale green stems are seen fewer or smaller mature heads. Sunflower responds to 30-80 kg N/ha depending upon soil moisture status.","https://agritech.tnau.ac.in/agriculture/plant_nutri/sun_nitro.html"
"Crop nutrient deficiency & correction","","Agricultural Crops","Oil Seeds","Sunflower","Nitrogen","Nitrogen","Macro","Correction measure / remedy","Foliar spray of 1% Urea at weekly intervals.","https://agritech.tnau.ac.in/agriculture/plant_nutri/sun_nitro.html"
"Crop nutrient deficiency & correction","","Agricultural Crops","Oil Seeds","Sunflower","Phosphorus","Phosphorus","Macro","Deficiency symptoms","Interveinal Cholorsis Yellow - Pale green leaves, Interveinal necrosis stems: Short & Thin Stems. Bent petioles (resulting in leaves pointing downwards), Reproductive stage symptoms expressed: Delayed matureity, Fewer of smaller mature heads which set few grains/seed. Lower grain yield, Dark Brown necrotic lesions, Grey-dark brown necrotic lesions.","https://agritech.tnau.ac.in/agriculture/plant_nutri/sun_phos.html"
"Crop nutrient deficiency & correction","","Agricultural Crops","Oil Seeds","Sunflower","Phosphorus","Phosphorus","Macro","Correction measure / remedy","Soil application of SPP or Foliar application of DAP 2%.","https://agritech.tnau.ac.in/agriculture/plant_nutri/sun_phos.html"
"Crop nutrient deficiency & correction","","Agricultural Crops","Oil Seeds","Sunflower","Potassium","Potassium","Macro","Deficiency symptoms","Deficiency symptoms appear on old leaves whilst young leaves remain green and healthy, Chlorosis of old leaves (early stages). Marginal chlorosis with Yellow-Pale green leaves & puckering of the leaves Necrosis on older leaves & interveinal necrosis. The stem show stout & Stunted stem growth. Leaf tips & or margins curl up or down giving a wavy appearance. Fewer or smaller mature heads which set few grains / seed Bronze / Pale brown necrotic lesions.","https://agritech.tnau.ac.in/agriculture/plant_nutri/sun_pota.html"
"Crop nutrient deficiency & correction","","Agricultural Crops","Oil Seeds","Sunflower","Potassium","Potassium","Macro","Correction measure / remedy","Soil application of Murate of potash 20 kg/ha at foliar spray of KCl 1%.","https://agritech.tnau.ac.in/agriculture/plant_nutri/sun_pota.html"
"Crop nutrient deficiency & correction","","Agricultural Crops","Oil Seeds","Sunflower","Calcium","Calcium","Macro","Deficiency symptoms","Small distorted leaves near branch tips, and terminal buds blacken and fail to continue to develop and reduced the seed germination.","https://agritech.tnau.ac.in/agriculture/plant_nutri/sun_cal.html"
"Crop nutrient deficiency & correction","","Agricultural Crops","Oil Seeds","Sunflower","Calcium","Calcium","Macro","Correction measure / remedy","","https://agritech.tnau.ac.in/agriculture/plant_nutri/sun_cal.html"
"Crop nutrient deficiency & correction","","Agricultural Crops","Oil Seeds","Sunflower","Magnesium","Magnesium","Macro","Deficiency symptoms","Yellowing of older leaves; interveinal chlorosis","https://agritech.tnau.ac.in/agriculture/plant_nutri/sun_magnes.html"
"Crop nutrient deficiency & correction","","Agricultural Crops","Oil Seeds","Sunflower","Magnesium","Magnesium","Macro","Correction measure / remedy","Foliar spray of MgSO4@1-2%","https://agritech.tnau.ac.in/agriculture/plant_nutri/sun_magnes.html"
"Crop nutrient deficiency & correction","","Agricultural Crops","Oil Seeds","Sunflower","Sulphur","Sulphur","Macro","Deficiency symptoms","Plants showing paling/yellowing of leaves. Yellowing spreads from the base to the apex. Growth of plants is reduced. The size of capitulum is severely restricted. Inflorescence may remain covered within the bracts. Maturity of flowers is delayed.","https://agritech.tnau.ac.in/agriculture/plant_nutri/sun_sul.html"
"Crop nutrient deficiency & correction","","Agricultural Crops","Oil Seeds","Sunflower","Sulphur","Sulphur","Macro","Correction measure / remedy","Application of 25 kg S/ha or 80 kg N+25 kg S.","https://agritech.tnau.ac.in/agriculture/plant_nutri/sun_sul.html"
"Crop nutrient deficiency & correction","","Agricultural Crops","Oil Seeds","Sunflower","Boron","Boron","Micro","Deficiency symptoms","Young and middle leaves of plants develop small chlorotic patches. Chlorotic patches become more pronounced and develop orange coloured necrotic areas in young leaves. Shoot apex of plants may turn necrotic and cease to grow. Young leaves show severe curling and distortion. This leads to appearance of side branches bearing small leaves. Eventually all the young leaves turn necrotic.","https://agritech.tnau.ac.in/agriculture/plant_nutri/sun_boron.html"
"Crop nutrient deficiency & correction","","Agricultural Crops","Oil Seeds","Sunflower","Boron","Boron","Micro","Correction measure / remedy","Spray of Borax (0.2%) on capitulum at ray floret opening stage for increasing seed filling, Yield and oil content.","https://agritech.tnau.ac.in/agriculture/plant_nutri/sun_boron.html"
"Crop nutrient deficiency & correction","","Agricultural Crops","Oil Seeds","Sunflower","Copper","Copper","Micro","Deficiency symptoms","Deficiency symptoms appear as interveional chlorosis of the upper half of the old leaves starting from the tip of the leaf. Chlorosis is generally restricted to the apical half of the lamina. Chlorotic areas later develop dark brown necrotic scorching, which spreads along the margins towards the base of the leaf. Laminae becomes shriveled and withered. Marginal scorching of the leaves becomes more pronounced and brown necrotic spots develop near the midrib.","https://agritech.tnau.ac.in/agriculture/plant_nutri/sun_copp.html"
"Crop nutrient deficiency & correction","","Agricultural Crops","Oil Seeds","Sunflower","Copper","Copper","Micro","Correction measure / remedy","2 to 3 sprays of 0.2% copper sulphate solution at weekly intervals.","https://agritech.tnau.ac.in/agriculture/plant_nutri/sun_copp.html"
"Crop nutrient deficiency & correction","","Agricultural Crops","Oil Seeds","Sunflower","Iron","Iron","Micro","Deficiency symptoms","Yellowing of young leaves; interveinal chlorosis","https://agritech.tnau.ac.in/agriculture/plant_nutri/sun_iron.html"
"Crop nutrient deficiency & correction","","Agricultural Crops","Oil Seeds","Sunflower","Iron","Iron","Micro","Correction measure / remedy","Foliar spray of FeSO4@0.5%","https://agritech.tnau.ac.in/agriculture/plant_nutri/sun_iron.html"
"Crop nutrient deficiency & correction","","Agricultural Crops","Oil Seeds","Sunflower","Manganese","Manganese","Micro","Deficiency symptoms","Deficiency symptoms appear in the form of interveinal chlorotic mottling of apical part of the second set of leaves. The entire laminae become severely mottled and the interveinal chlorotic areas develop light brown irregular necrotic patches. These patches, which are initially more conspicuous near the leaf apices, later spread to the entire laminae, which eventually turn severely necrotic. Symptoms gradually spread from the middle to the young and old leaves.","https://agritech.tnau.ac.in/agriculture/plant_nutri/sun_mangan.html"
"Crop nutrient deficiency & correction","","Agricultural Crops","Oil Seeds","Sunflower","Manganese","Manganese","Micro","Correction measure / remedy","Foliar spray of 0.2 - 0.3% MnSO4 solution 2-3 times at weekly intervals or soil application of MnSO4 10 kg/ha.","https://agritech.tnau.ac.in/agriculture/plant_nutri/sun_mangan.html"
"Crop nutrient deficiency & correction","","Agricultural Crops","Oil Seeds","Sunflower","Zinc","Zinc","Micro","Deficiency symptoms","Light yellow stripes along with veins of leaf blade under acute condition-veinally chlorosis and cessation of growth of terminal bud. Older leaves may show slight chlorosis.","https://agritech.tnau.ac.in/agriculture/plant_nutri/sun_zinc.html"
"Crop nutrient deficiency & correction","","Agricultural Crops","Oil Seeds","Sunflower","Zinc","Zinc","Micro","Correction measure / remedy","Foliar spray of ZnSO4@0.5%","https://agritech.tnau.ac.in/agriculture/plant_nutri/sun_zinc.html"
"Crop nutrient deficiency & correction","","Agricultural Crops","Pulses","Bean","Boron","Boron","Micro","Deficiency symptoms","Appearance of curled and crinkled leaves.","https://agritech.tnau.ac.in/agriculture/plant_nutri/bean_boron.html"
"Crop nutrient deficiency & correction","","Agricultural Crops","Pulses","Bean","Boron","Boron","Micro","Correction measure / remedy","Foliar spray of Borax 0.2%","https://agritech.tnau.ac.in/agriculture/plant_nutri/bean_boron.html"
"Crop nutrient deficiency & correction","","Agricultural Crops","Pulses","Bean","Iron","Iron","Micro","Deficiency symptoms","Upper leaves light yellow to white veins remain green.","https://agritech.tnau.ac.in/agriculture/plant_nutri/bean_iron.html"
"Crop nutrient deficiency & correction","","Agricultural Crops","Pulses","Bean","Iron","Iron","Micro","Correction measure / remedy","Foliar spray of FeSO4 0.5%.","https://agritech.tnau.ac.in/agriculture/plant_nutri/bean_iron.html"
"Crop nutrient deficiency & correction","","Agricultural Crops","Pulses","Bean","Zinc","Zinc","Micro","Deficiency symptoms","The leaf interveinal tissue is yellowish between green veins. Necrotic areas appear if deficiency is severe. Pod set may be reduced.","https://agritech.tnau.ac.in/agriculture/plant_nutri/bean_zinc.html"
"Crop nutrient deficiency & correction","","Agricultural Crops","Pulses","Bean","Zinc","Zinc","Micro","Correction measure / remedy","Soil appln. of 5-10 kg ZnSO4 / ha or foliar appln. of 0.5% ZnSO4.","https://agritech.tnau.ac.in/agriculture/plant_nutri/bean_zinc.html"
"Crop nutrient deficiency & correction","","Agricultural Crops","Pulses","Bengalgram (Chickpea)","Nitrogen","Nitrogen","Macro","Deficiency symptoms","Growth will be stunted and leaves a very pale green.","https://agritech.tnau.ac.in/agriculture/plant_nutri/chick_nitro.html"
"Crop nutrient deficiency & correction","","Agricultural Crops","Pulses","Bengalgram (Chickpea)","Nitrogen","Nitrogen","Macro","Correction measure / remedy","Foliar spray of 1% Urea","https://agritech.tnau.ac.in/agriculture/plant_nutri/chick_nitro.html"
"Crop nutrient deficiency & correction","","Agricultural Crops","Pulses","Bengalgram (Chickpea)","Potassium","Potassium","Macro","Deficiency symptoms","Chlorotic areas increase as deficiency becomes more severe, then they merge so that chlorosis occurs around the edges of the leaf. As deficiency becomes more severe, chlorosis progresses toward the center of the leaf.","https://agritech.tnau.ac.in/agriculture/plant_nutri/chick_pota.html"
"Crop nutrient deficiency & correction","","Agricultural Crops","Pulses","Bengalgram (Chickpea)","Potassium","Potassium","Macro","Correction measure / remedy","Foliar spray of 1% KCl","https://agritech.tnau.ac.in/agriculture/plant_nutri/chick_pota.html"
"Crop nutrient deficiency & correction","","Agricultural Crops","Pulses","Bengalgram (Chickpea)","Sulphur","Sulphur","Macro","Deficiency symptoms","Deficient plants become chlorotic. New leaves are first affected, but gradually the entire plant becomes uniformly chlorotic.","https://agritech.tnau.ac.in/agriculture/plant_nutri/chick_sul.html"
"Crop nutrient deficiency & correction","","Agricultural Crops","Pulses","Bengalgram (Chickpea)","Sulphur","Sulphur","Macro","Correction measure / remedy","Foliar spray of CaSO4 @ 0.5%","https://agritech.tnau.ac.in/agriculture/plant_nutri/chick_sul.html"
"Crop nutrient deficiency & correction","","Agricultural Crops","Pulses","Bengalgram (Chickpea)","Iron","Iron","Micro","Deficiency symptoms","Symptoms appear first on young emerging leaves. Interveinal areas turn chlorotic and become yellow. Whole leaf turn yellow and white. Stunted growth and poor pod set.","https://agritech.tnau.ac.in/agriculture/plant_nutri/chick_iron.html"
"Crop nutrient deficiency & correction","","Agricultural Crops","Pulses","Bengalgram (Chickpea)","Iron","Iron","Micro","Correction measure / remedy","Foliar spray of FeSO4 @ 0.5%","https://agritech.tnau.ac.in/agriculture/plant_nutri/chick_iron.html"
"Crop nutrient deficiency & correction","","Agricultural Crops","Pulses","Bengalgram (Chickpea)","Zinc","Zinc","Micro","Deficiency symptoms","Leaves chlorotic and then turn to rusty brown colour. Veins remain green. Leaves and shoots smaller than normal. Yellowing in interveinal areas.","https://agritech.tnau.ac.in/agriculture/plant_nutri/chick_zinc.html"
"Crop nutrient deficiency & correction","","Agricultural Crops","Pulses","Bengalgram (Chickpea)","Zinc","Zinc","Micro","Correction measure / remedy","Foliar spray of ZnSO4@ 05.%","https://agritech.tnau.ac.in/agriculture/plant_nutri/chick_zinc.html"
"Crop nutrient deficiency & correction","","Agricultural Crops","Pulses","Blackgram","Manganese","Manganese","Micro","Deficiency symptoms","Deficiency symptoms appear in older leaves of young plants. Leaves are yellow in colour. But veins are remain in green colour. Later, reddish pale yellow colour leaves are produced. Young leaves turn completely yellow dark brownish black spots appear on the leaf.","https://agritech.tnau.ac.in/agriculture/plant_nutri/bgram_mangan.html"
"Crop nutrient deficiency & correction","","Agricultural Crops","Pulses","Blackgram","Manganese","Manganese","Micro","Correction measure / remedy","Spraying of 1% MnSO4 during 20, 30, 40 DAS or application 10 kg of MnSO4 as a basal dose.","https://agritech.tnau.ac.in/agriculture/plant_nutri/bgram_mangan.html"
"Crop nutrient deficiency & correction","","Agricultural Crops","Pulses","Cowpea","Potassium","Potassium","Macro","Deficiency symptoms","Tips and edges of the older leaflets turn yellow. • The yellowing spreads gradually toward the center and base of the leaflets. • The condition is followed by necrosis and browning of tissue around the leaf margins & eventually dropping of the leaves.","https://agritech.tnau.ac.in/agriculture/plant_nutri/cow_pota.html"
"Crop nutrient deficiency & correction","","Agricultural Crops","Pulses","Cowpea","Potassium","Potassium","Macro","Correction measure / remedy","Foliar spray of KCl 1% can control this deficiency.","https://agritech.tnau.ac.in/agriculture/plant_nutri/cow_pota.html"
"Crop nutrient deficiency & correction","","Agricultural Crops","Pulses","Cowpea","Magnesium","Magnesium","Macro","Deficiency symptoms","In early stages of deficiency the areas between the veins become yellow. These areas later turn deep yellow and rusty specks and necrotic blotches may appear between the veins and around the edges of the leaves. In later stages, Mg deficiency gives the appearance of early maturity.","https://agritech.tnau.ac.in/agriculture/plant_nutri/cow_magnes.html"
"Crop nutrient deficiency & correction","","Agricultural Crops","Pulses","Cowpea","Magnesium","Magnesium","Macro","Correction measure / remedy","Foliar spray of 1% MgSO4 at fortnightly intervals","https://agritech.tnau.ac.in/agriculture/plant_nutri/cow_magnes.html"
"Crop nutrient deficiency & correction","","Agricultural Crops","Pulses","Cowpea","Boron","Boron","Micro","Deficiency symptoms","Crinkling of leaves; leaves become small","https://agritech.tnau.ac.in/agriculture/plant_nutri/cow_boron.html"
"Crop nutrient deficiency & correction","","Agricultural Crops","Pulses","Cowpea","Boron","Boron","Micro","Correction measure / remedy","Foliar spray of borax@0.2%","https://agritech.tnau.ac.in/agriculture/plant_nutri/cow_boron.html"
"Crop nutrient deficiency & correction","","Agricultural Crops","Pulses","Cowpea","Iron","Iron","Micro","Deficiency symptoms","Iron deficiency of soybeans occurs on some soils when the pH is high. Frequently it is on soils which contain considerable quantities of free lime. With Fe deficiency, the whole leaf including the veins turns yellow. Interveinal areas turn chlorotic first then the veins become chlorotic and finally, under severe Fe deficiency, the leaves turn almost white.","https://agritech.tnau.ac.in/agriculture/plant_nutri/cow_iron.html"
"Crop nutrient deficiency & correction","","Agricultural Crops","Pulses","Cowpea","Iron","Iron","Micro","Correction measure / remedy","Foliar spray of FeSO4@0.5%","https://agritech.tnau.ac.in/agriculture/plant_nutri/cow_iron.html"
"Crop nutrient deficiency & correction","","Agricultural Crops","Pulses","Cowpea","Manganese","Manganese","Micro","Deficiency symptoms","Leaves become chlorotic in interveinal areas while the veins remain green. • Symptoms differ from Fe where the veins also become chlorotic. • Whole leaves, veins excepted, become pale green and pale yellow. • Brown spots and necrotic areas develop on lower leaves as the deficiency becomes more severe. • Deficiency occurs on the new leaves, however, when later growth is normal the chlorotic leaves are no longer at top of the plant.","https://agritech.tnau.ac.in/agriculture/plant_nutri/cow_mangan.html"
"Crop nutrient deficiency & correction","","Agricultural Crops","Pulses","Cowpea","Manganese","Manganese","Micro","Correction measure / remedy","Application of Manganese Sulphate 5 kg/ha in soil. • Foliar spraying of manganese sulphate twice at 10 days interval","https://agritech.tnau.ac.in/agriculture/plant_nutri/cow_mangan.html"
"Crop nutrient deficiency & correction","","Agricultural Crops","Pulses","Greengram","Nitrogen","Nitrogen","Macro","Deficiency symptoms","Symptoms appear in older leaves. Leaves are yellow in colour. Leaves number reduction in plants. Stems become thin and sicky in nature, reduced branches. Leaves remain pale green colour. Older leaves turn yellow and die prematurely.","https://agritech.tnau.ac.in/agriculture/plant_nutri/ggram_nitro.html"
"Crop nutrient deficiency & correction","","Agricultural Crops","Pulses","Greengram","Nitrogen","Nitrogen","Macro","Correction measure / remedy","10-20kg N/ha has been recommended or Foliar spray of DAP 2% at weekly intervals.","https://agritech.tnau.ac.in/agriculture/plant_nutri/ggram_nitro.html"
"Crop nutrient deficiency & correction","","Agricultural Crops","Pulses","Greengram","Potassium","Potassium","Macro","Deficiency symptoms","Yellow patches appear in leaf margin then these patches join, lead to yellowish leaf. Dark spots will appear on the affected portion. Curling of leaf. Basal portion of leaves only shows the symptoms. Yellow discoloration of leaves appear from the base and top leaves remain green the bluish green leaves show black to brown tips internodes sharp and pale yellowish symptom appear on the margin and in-between the veins.","https://agritech.tnau.ac.in/agriculture/plant_nutri/ggram_pota.html"
"Crop nutrient deficiency & correction","","Agricultural Crops","Pulses","Greengram","Potassium","Potassium","Macro","Correction measure / remedy","Soil application of Murate of potash spraying of 1% potash at flowering stage.","https://agritech.tnau.ac.in/agriculture/plant_nutri/ggram_pota.html"
"Crop nutrient deficiency & correction","","Agricultural Crops","Pulses","Greengram","Calcium","Calcium","Macro","Deficiency symptoms","Tips of primary leaves become necrotic and narrow chlorotic bands develop around leaf margins. Tissues between the veins tend to ridge. Terminal buds deteriorate and petioles break down. Primary leaves become soft and drop off.","https://agritech.tnau.ac.in/agriculture/plant_nutri/ggram_cal.html"
"Crop nutrient deficiency & correction","","Agricultural Crops","Pulses","Greengram","Calcium","Calcium","Macro","Correction measure / remedy","Foliar spray of CaSO 4 1% at fortnightly intervals.","https://agritech.tnau.ac.in/agriculture/plant_nutri/ggram_cal.html"
"Crop nutrient deficiency & correction","","Agricultural Crops","Pulses","Greengram","Sulphur","Sulphur","Macro","Deficiency symptoms","Deficient plants become chlorotic. New leaves are first affected, but gradually the entire plant becomes uniformly chlorotic .","https://agritech.tnau.ac.in/agriculture/plant_nutri/ggram_sul.html"
"Crop nutrient deficiency & correction","","Agricultural Crops","Pulses","Greengram","Sulphur","Sulphur","Macro","Correction measure / remedy","A","https://agritech.tnau.ac.in/agriculture/plant_nutri/ggram_sul.html"
"Crop nutrient deficiency & correction","","Agricultural Crops","Pulses","Greengram","Boron","Boron","Micro","Deficiency symptoms","Upper internodes of the stem are shortened, giving the plants a rosette appearance. Upper leaves near the growing points turn yellow and sometimes red. Symptoms are most severe at the leaf tips while the leaf bases remain green.","https://agritech.tnau.ac.in/agriculture/plant_nutri/ggram_boron.html"
"Crop nutrient deficiency & correction","","Agricultural Crops","Pulses","Greengram","Boron","Boron","Micro","Correction measure / remedy","Foliar spray of Borax 0.2% at fortnightly intervals.","https://agritech.tnau.ac.in/agriculture/plant_nutri/ggram_boron.html"
"Crop nutrient deficiency & correction","","Agricultural Crops","Pulses","Greengram","Iron","Iron","Micro","Deficiency symptoms","Yellowish green discolourations appear in newly arising leaves. But veins remain green in colour. Interveinal chlorosis. Finally whole leaves turn to yellow in colour this is called sogai disease.","https://agritech.tnau.ac.in/agriculture/plant_nutri/ggram_iron.html"
"Crop nutrient deficiency & correction","","Agricultural Crops","Pulses","Greengram","Iron","Iron","Micro","Correction measure / remedy","Spraying of 1% FeSO 4 - 10 day intervel of 3 times. Application of 25 kg of FeSO4 as basal dose.","https://agritech.tnau.ac.in/agriculture/plant_nutri/ggram_iron.html"
"Crop nutrient deficiency & correction","","Agricultural Crops","Pulses","Greengram","Manganese","Manganese","Micro","Deficiency symptoms","Deficiency symptoms appear in older leaves of young plants. Leaves are yellow in colour. But veins are remain in green colour. Later, reddish pale yellow colour leaves are produced. Young leaves turn completely yellow dark brownish black spots appear on the leaf.","https://agritech.tnau.ac.in/agriculture/plant_nutri/ggram_mang.html"
"Crop nutrient deficiency & correction","","Agricultural Crops","Pulses","Greengram","Manganese","Manganese","Micro","Correction measure / remedy","Spraying of 1% MnSO 4 during 20, 30, 40 DAS or application 10 kg of MnSO 4 as a basal dose.","https://agritech.tnau.ac.in/agriculture/plant_nutri/ggram_mang.html"
"Crop nutrient deficiency & correction","","Agricultural Crops","Pulses","Greengram","Zinc","Zinc","Micro","Deficiency symptoms","Deficiency will appear one month after germination. Interveinal areas of leaves become yellow and die prematurely. Reduction of growth in plants. Yellowish smaller leaves, veins remain green in colour.","https://agritech.tnau.ac.in/agriculture/plant_nutri/ggram_zinc.html"
"Crop nutrient deficiency & correction","","Agricultural Crops","Pulses","Greengram","Zinc","Zinc","Micro","Correction measure / remedy","Application of basal dose ZnSO4 at the rate of 25 kg per ha. Spraying of 0.5% ZnSO4 during 20, 30, 40th day after sowing.","https://agritech.tnau.ac.in/agriculture/plant_nutri/ggram_zinc.html"
"Crop nutrient deficiency & correction","","Agricultural Crops","Pulses","Horsegram","Iron","Iron","Micro","Deficiency symptoms","This deficiency majorly found in Coimbatore, Erode, Nilgiris, Ramanathapuram, Tirunelveli, Kanyakumari, Thiruvannamalai, Cuddalore and Villupuram districts of Tamil Nadu. Sandy land soil is contaminated by high limestone and iron rich sol are prone to this deficiency. Lesser aerated soil, sodic and saline soil types prone to this deficiency. • The pale color of the leaves, low in chlorophyll, leaf area shrunken, yellow color, the veins are green in color. The leaves eventually turn yellow over during severe deficiency then turns pale yellow in color","https://agritech.tnau.ac.in/agriculture/plant_nutri/hgram_iron.html"
"Crop nutrient deficiency & correction","","Agricultural Crops","Pulses","Horsegram","Iron","Iron","Micro","Correction measure / remedy","One hundred (10 g / liter) Ferrous sulphate through the spray solution by three times in the space of ten days or Apply Ferrous sulphate by 25 kg per hectare as basal.","https://agritech.tnau.ac.in/agriculture/plant_nutri/hgram_iron.html"
"Crop nutrient deficiency & correction","","Agricultural Crops","Pulses","Redgram (Pigeonpea)","Phosphorus","Phosphorus","Macro","Deficiency symptoms","No clearly defined symptoms. Plants small and stunted, leaves dark green; no obvious leaf symptoms.","https://agritech.tnau.ac.in/agriculture/plant_nutri/redgram_phos.html"
"Crop nutrient deficiency & correction","","Agricultural Crops","Pulses","Redgram (Pigeonpea)","Phosphorus","Phosphorus","Macro","Correction measure / remedy","Foliar spray of DAP 2% at fortnightly interval.","https://agritech.tnau.ac.in/agriculture/plant_nutri/redgram_phos.html"
"Crop nutrient deficiency & correction","","Agricultural Crops","Pulses","Redgram (Pigeonpea)","Potassium","Potassium","Macro","Deficiency symptoms","Leaf tip yellow or brown. Yellowing spreads from the tip onward along he leaf margin and may coalesce with similar areas at extremities of the lateral veins. Leaf tip becomes scorched as symptoms become more severe. The scorching may spread around the leaf margin but typically there is a yellow band between the scorched area and the healthy green tissue in the early stages. The affected leaves not showing symptoms are generally dark green. Plants stunted.","https://agritech.tnau.ac.in/agriculture/plant_nutri/redgram_pota.html"
"Crop nutrient deficiency & correction","","Agricultural Crops","Pulses","Redgram (Pigeonpea)","Potassium","Potassium","Macro","Correction measure / remedy","Foliar spray of KCl 1% at weekly intervals.","https://agritech.tnau.ac.in/agriculture/plant_nutri/redgram_pota.html"
"Crop nutrient deficiency & correction","","Agricultural Crops","Pulses","Redgram (Pigeonpea)","Magnesium","Magnesium","Macro","Deficiency symptoms","Mild interveinal chlorosis, veins remain dark green. Interveinal areas become rusty brown or bronzed and may become necrotic so that narrow elongated streaks of dying tissue appear between the veins. The margins of the young leaves frequently in rolled.","https://agritech.tnau.ac.in/agriculture/plant_nutri/redgram_magnes.html"
"Crop nutrient deficiency & correction","","Agricultural Crops","Pulses","Redgram (Pigeonpea)","Magnesium","Magnesium","Macro","Correction measure / remedy","Foliar spray of MgSO4 2% and 1% Urea","https://agritech.tnau.ac.in/agriculture/plant_nutri/redgram_magnes.html"
"Crop nutrient deficiency & correction","","Agricultural Crops","Pulses","Redgram (Pigeonpea)","Sulphur","Sulphur","Macro","Deficiency symptoms","Deficient plants become chlorotic. New leaves are first affected, but gradually the entire plant becomes uniformly chlorotic (Yellowish).","https://agritech.tnau.ac.in/agriculture/plant_nutri/redgram_sul.html"
"Crop nutrient deficiency & correction","","Agricultural Crops","Pulses","Redgram (Pigeonpea)","Sulphur","Sulphur","Macro","Correction measure / remedy","Foliar spraying of Calcium Sulphate 0.5 % can control sulphur deficiency.","https://agritech.tnau.ac.in/agriculture/plant_nutri/redgram_sul.html"
"Crop nutrient deficiency & correction","","Agricultural Crops","Pulses","Redgram (Pigeonpea)","Boron","Boron","Micro","Deficiency symptoms","Upper internodes of the stem are shortened, giving the plants a rosette appearance. Upper leaves near the growing points turn yellow and sometimes red. Symptoms are most severe at the leaf tips while the leaf bases remain green.","https://agritech.tnau.ac.in/agriculture/plant_nutri/redgram_boron.html"
"Crop nutrient deficiency & correction","","Agricultural Crops","Pulses","Redgram (Pigeonpea)","Boron","Boron","Micro","Correction measure / remedy","Spraying of Broron 0.2 % at two week interval by foliar spray.","https://agritech.tnau.ac.in/agriculture/plant_nutri/redgram_boron.html"
"Crop nutrient deficiency & correction","","Agricultural Crops","Pulses","Redgram (Pigeonpea)","Iron","Iron","Micro","Deficiency symptoms","Interveinal area light green, veins and adjacent tissues remaining dark green.","https://agritech.tnau.ac.in/agriculture/plant_nutri/redgram_iron.html"
"Crop nutrient deficiency & correction","","Agricultural Crops","Pulses","Redgram (Pigeonpea)","Iron","Iron","Micro","Correction measure / remedy","Foliar spray of FeSO4 0.5% at weekly intervels.","https://agritech.tnau.ac.in/agriculture/plant_nutri/redgram_iron.html"
"Crop nutrient deficiency & correction","","Agricultural Crops","Pulses","Redgram (Pigeonpea)","Manganese","Manganese","Micro","Deficiency symptoms","Deficiency symptoms appear in older leaves of young plants. Leaves are yellow in colour. But veins are remain in green colour Young leaves turn completely yellow dark brownish black spots appear on the leaf.","https://agritech.tnau.ac.in/agriculture/plant_nutri/redgram_mangan.html"
"Crop nutrient deficiency & correction","","Agricultural Crops","Pulses","Redgram (Pigeonpea)","Manganese","Manganese","Micro","Correction measure / remedy","Spraying of manganese sulphate (5g / Litre) at 10 days interval.","https://agritech.tnau.ac.in/agriculture/plant_nutri/redgram_mangan.html"
"Crop nutrient deficiency & correction","","Agricultural Crops","Pulses","Redgram (Pigeonpea)","Zinc","Zinc","Micro","Deficiency symptoms","Stunted growth narrowing of leaves with pale green or yellow. Inter-veinal chlorosis starting from tip of leaflets and spreading to the remaining area leaving only the midrib green.","https://agritech.tnau.ac.in/agriculture/plant_nutri/redgram_zinc.html"
"Crop nutrient deficiency & correction","","Agricultural Crops","Pulses","Redgram (Pigeonpea)","Zinc","Zinc","Micro","Correction measure / remedy","Foliar spray of ZnSO4 at 0.5% at fortnightly interval or soil application of ZnSO4 10-15 kg/ha.","https://agritech.tnau.ac.in/agriculture/plant_nutri/redgram_zinc.html"
"Crop nutrient deficiency & correction","","Agricultural Crops","Pulses","Soybean","Nitrogen","Nitrogen","Macro","Deficiency symptoms","Growth will be stunted and leaves a very pale green. • Nitrogen deficiency occurs because the soybean roots are not nodulated or nodules are not effective because of poor soil fertility or low levels of Mo.","https://agritech.tnau.ac.in/agriculture/plant_nutri/soy_nitro.html"
"Crop nutrient deficiency & correction","","Agricultural Crops","Pulses","Soybean","Nitrogen","Nitrogen","Macro","Correction measure / remedy","Foliar spray Urea 1% at fortnightly interval","https://agritech.tnau.ac.in/agriculture/plant_nutri/soy_nitro.html"
"Crop nutrient deficiency & correction","","Agricultural Crops","Pulses","Soybean","Potassium","Potassium","Macro","Deficiency symptoms","Deficiency in early growth stages shows up as irregular mottling around the edges of leaves. These chlorotic areas increase as deficiency becomes more severe, then they merge so that chlorosis occurs around the edges of the leaf. As deficiency becomes more severe, chlorosis progresses toward the center of the leaf. In early growth, necrosis may be on lower leaves but later in the season it may be on leaves in the upper parts of the plant.","https://agritech.tnau.ac.in/agriculture/plant_nutri/soy_pota.html"
"Crop nutrient deficiency & correction","","Agricultural Crops","Pulses","Soybean","Potassium","Potassium","Macro","Correction measure / remedy","Foliar spray of KCl 1% at fortnightly interval","https://agritech.tnau.ac.in/agriculture/plant_nutri/soy_pota.html"
"Crop nutrient deficiency & correction","","Agricultural Crops","Pulses","Soybean","Magnesium","Magnesium","Macro","Deficiency symptoms","In early stages of deficiency the areas between the veins become yellow. These areas later turn deep yellow and rusty specks and necrotic blotches may appear between the veins and around the edges of the leaves. In later stages, Mg deficiency gives the appearance of early maturity.","https://agritech.tnau.ac.in/agriculture/plant_nutri/soy_magnes.html"
"Crop nutrient deficiency & correction","","Agricultural Crops","Pulses","Soybean","Magnesium","Magnesium","Macro","Correction measure / remedy","Foliar spray of MgSO4 @ 2% at fortnightly interval","https://agritech.tnau.ac.in/agriculture/plant_nutri/soy_magnes.html"
"Crop nutrient deficiency & correction","","Agricultural Crops","Pulses","Soybean","Sulphur","Sulphur","Macro","Deficiency symptoms","Deficient plants become chlorotic. • New leaves are first affected, but gradually the entire plant becomes uniformly chlorotic .","https://agritech.tnau.ac.in/agriculture/plant_nutri/soy_sul.html"
"Crop nutrient deficiency & correction","","Agricultural Crops","Pulses","Soybean","Sulphur","Sulphur","Macro","Correction measure / remedy","Foliar spraying of Calsium Sulphate 0.5-1.0 % can control the deficiency .","https://agritech.tnau.ac.in/agriculture/plant_nutri/soy_sul.html"
"Crop nutrient deficiency & correction","","Agricultural Crops","Pulses","Soybean","Boron","Boron","Micro","Deficiency symptoms","Leaf turns yellow colour. • Leaf tip and borders dried. Growing tips dried. • Paled leaves turns dried and fell down. • Pods are less in number and maturity delays.","https://agritech.tnau.ac.in/agriculture/plant_nutri/soy_boron.html"
"Crop nutrient deficiency & correction","","Agricultural Crops","Pulses","Soybean","Boron","Boron","Micro","Correction measure / remedy","Spraying of foliar application of Borax @ 3 g/Litre twice at 10 days interval. • Application of Borax @ 5g/ha","https://agritech.tnau.ac.in/agriculture/plant_nutri/soy_boron.html"
"Crop nutrient deficiency & correction","","Agricultural Crops","Pulses","Soybean","Iron","Iron","Micro","Deficiency symptoms","Iron deficiency of soybeans occurs on some soils when the pH is high. Frequently it is on soils which contain considerable quantities of free lime. With Fe deficiency, the whole leaf including the veins turns yellow. Interveinal areas turn chlorotic first then the veins become chlorotic and finally, under severe Fe deficiency, the leaves turn almost white.","https://agritech.tnau.ac.in/agriculture/plant_nutri/soy_iron.html"
"Crop nutrient deficiency & correction","","Agricultural Crops","Pulses","Soybean","Iron","Iron","Micro","Correction measure / remedy","Foliar spray of FeSO4 1% at fortnightly intervals or soil application of FeSO4 5 to 10 kg/ha","https://agritech.tnau.ac.in/agriculture/plant_nutri/soy_iron.html"
"Crop nutrient deficiency & correction","","Agricultural Crops","Pulses","Soybean","Manganese","Manganese","Micro","Deficiency symptoms","Leaves become chlorotic in interveinal areas while the veins remain green. Symptoms differ from Fe where the veins also become chlorotic. Whole leaves, veins excepted, become pale green and pale yellow. Brown spots and necrotic areas develop on lower leaves as the deficiency becomes more severe. Deficiency occurs on the new leaves, however, when later growth is normal the chlorotic leaves are no longer at top of the plant.","https://agritech.tnau.ac.in/agriculture/plant_nutri/soy_mangan.html"
"Crop nutrient deficiency & correction","","Agricultural Crops","Pulses","Soybean","Manganese","Manganese","Micro","Correction measure / remedy","Foliar spray of MnSO4 @ 0.5% at fortnightly intervals or soil application of MnSO4 @ 20 to 25 kg/ha","https://agritech.tnau.ac.in/agriculture/plant_nutri/soy_mangan.html"
"Crop nutrient deficiency & correction","","Agricultural Crops","Pulses","Soybean","Zinc","Zinc","Micro","Deficiency symptoms","Zinc deficiency of soybeans is not common. The leaves become chlorotic, then rusty brown in color. The veins remain green. The chlorosis is uniform over the leaf and not concentrated initially on the edges as occurs with deficiencies such as K.","https://agritech.tnau.ac.in/agriculture/plant_nutri/soy_zinc.html"
"Crop nutrient deficiency & correction","","Agricultural Crops","Pulses","Soybean","Zinc","Zinc","Micro","Correction measure / remedy","Foliar spray of ZnSO4 1% at fortnightly intervals or soil application of ZnSO4 20 to 25 kg/ha","https://agritech.tnau.ac.in/agriculture/plant_nutri/soy_zinc.html"
"Crop nutrient deficiency & correction","","Agricultural Crops","Sugar Crops","Sugarbeet","Nitrogen","Nitrogen","Macro","Deficiency symptoms","Yellowing of leaves. Premature senescence of older leaves. Seedlings yellow, center leaves green in colour.","https://agritech.tnau.ac.in/agriculture/plant_nutri/sb_nitro.html"
"Crop nutrient deficiency & correction","","Agricultural Crops","Sugar Crops","Sugarbeet","Nitrogen","Nitrogen","Macro","Correction measure / remedy","Foliar spray Urea 1% twice at weekly interval.","https://agritech.tnau.ac.in/agriculture/plant_nutri/sb_nitro.html"
"Crop nutrient deficiency & correction","","Agricultural Crops","Sugar Crops","Sugarbeet","Phosphorus","Phosphorus","Macro","Deficiency symptoms","Plants smaller in size and have a deep green color ranging from a dull grey green to almost bluish-green.","https://agritech.tnau.ac.in/agriculture/plant_nutri/sb_phos.html"
"Crop nutrient deficiency & correction","","Agricultural Crops","Sugar Crops","Sugarbeet","Phosphorus","Phosphorus","Macro","Correction measure / remedy","Foliar spray of DAP 2% twice at fortnight interval.","https://agritech.tnau.ac.in/agriculture/plant_nutri/sb_phos.html"
"Crop nutrient deficiency & correction","","Agricultural Crops","Sugar Crops","Sugarbeet","Potassium","Potassium","Macro","Deficiency symptoms","Marginal tanning and scorching of mature leaves. Center leaves remain normal. Intreveinal scorching. Crinkled leaf surface of mature leaves.","https://agritech.tnau.ac.in/agriculture/plant_nutri/sb_pota.html"
"Crop nutrient deficiency & correction","","Agricultural Crops","Sugar Crops","Sugarbeet","Potassium","Potassium","Macro","Correction measure / remedy","Foliar spray of KCl 1% twice at weekly interval","https://agritech.tnau.ac.in/agriculture/plant_nutri/sb_pota.html"
"Crop nutrient deficiency & correction","","Agricultural Crops","Sugar Crops","Sugarbeet","Calcium","Calcium","Macro","Deficiency symptoms","Leaves crinkling downward and cupping or young leaf blades with chlorotic margins. Young blades become tip burn. The growing-point damaged.","https://agritech.tnau.ac.in/agriculture/plant_nutri/sb_cal.html"
"Crop nutrient deficiency & correction","","Agricultural Crops","Sugar Crops","Sugarbeet","Calcium","Calcium","Macro","Correction measure / remedy","Foliar spray of CaCl2 0.5% twice at fortnight interval","https://agritech.tnau.ac.in/agriculture/plant_nutri/sb_cal.html"
"Crop nutrient deficiency & correction","","Agricultural Crops","Sugar Crops","Sugarbeet","Magnesium","Magnesium","Macro","Deficiency symptoms","Easily confused with K deficiency. Mature leaves become chlorotic, interspersed with interveinal necrosis. Base of the blade remains green, after forming a green triangle at the base.","https://agritech.tnau.ac.in/agriculture/plant_nutri/sb_magnes.html"
"Crop nutrient deficiency & correction","","Agricultural Crops","Sugar Crops","Sugarbeet","Magnesium","Magnesium","Macro","Correction measure / remedy","Foliar spray of MgSO4 1% twice at Fortnight interval.","https://agritech.tnau.ac.in/agriculture/plant_nutri/sb_magnes.html"
"Crop nutrient deficiency & correction","","Agricultural Crops","Sugar Crops","Sugarbeet","Boron","Boron","Micro","Deficiency symptoms","Symptoms first appear in young leaves; crinkled appearance of leaves.","https://agritech.tnau.ac.in/agriculture/plant_nutri/sb_boron.html"
"Crop nutrient deficiency & correction","","Agricultural Crops","Sugar Crops","Sugarbeet","Boron","Boron","Micro","Correction measure / remedy","Foliar spray of borax @0.5%","https://agritech.tnau.ac.in/agriculture/plant_nutri/sb_boron.html"
"Crop nutrient deficiency & correction","","Agricultural Crops","Sugar Crops","Sugarbeet","Copper","Copper","Micro","Deficiency symptoms","Green netted veining followed by a ""bleaching"" of the leaf blade tissues. Symptoms differ from the spotted necrosis of Fe deficiency.","https://agritech.tnau.ac.in/agriculture/plant_nutri/sb_copp.html"
"Crop nutrient deficiency & correction","","Agricultural Crops","Sugar Crops","Sugarbeet","Copper","Copper","Micro","Correction measure / remedy","Foliar spray of CuSO4 0.25%","https://agritech.tnau.ac.in/agriculture/plant_nutri/sb_copp.html"
"Crop nutrient deficiency & correction","","Agricultural Crops","Sugar Crops","Sugarbeet","Iron","Iron","Micro","Deficiency symptoms","Yellowing of young leaves; leaves size become small","https://agritech.tnau.ac.in/agriculture/plant_nutri/sb_iron.html"
"Crop nutrient deficiency & correction","","Agricultural Crops","Sugar Crops","Sugarbeet","Iron","Iron","Micro","Correction measure / remedy","Foliar spray of FeSO4 0.5% twice at fortnight interval","https://agritech.tnau.ac.in/agriculture/plant_nutri/sb_iron.html"
"Crop nutrient deficiency & correction","","Agricultural Crops","Sugar Crops","Sugarbeet","Manganese","Manganese","Micro","Deficiency symptoms","Marginal chlorosis of young leaves, which later turn brown. Fruits with raised spots which are dark brown on black in colour. Leaves give striated appearance from the edges.","https://agritech.tnau.ac.in/agriculture/plant_nutri/sb_mangan.html"
"Crop nutrient deficiency & correction","","Agricultural Crops","Sugar Crops","Sugarbeet","Manganese","Manganese","Micro","Correction measure / remedy","Foliar spray of MnSO4 @1%","https://agritech.tnau.ac.in/agriculture/plant_nutri/sb_mangan.html"
"Crop nutrient deficiency & correction","","Agricultural Crops","Sugar Crops","Sugarcane","Nitrogen","Nitrogen","Macro","Deficiency symptoms","All leaves of sugarcane exhibit a yellow - green colour. • Die back of older leaves • Retardation of growth. • Cane stalks are smaller in diameter. • Premature drying of older leaves. • Roots attain a greater length but are smaller in diameter.","https://agritech.tnau.ac.in/agriculture/plant_nutri/sug_nitro.html"
"Crop nutrient deficiency & correction","","Agricultural Crops","Sugar Crops","Sugarcane","Nitrogen","Nitrogen","Macro","Correction measure / remedy","Soil application of N fertilizer or Foliar spray of Urea 1-2% twice at weekly interval.","https://agritech.tnau.ac.in/agriculture/plant_nutri/sug_nitro.html"
"Crop nutrient deficiency & correction","","Agricultural Crops","Sugar Crops","Sugarcane","Phosphorus","Phosphorus","Macro","Deficiency symptoms","Colour of the leaves in greenish blue or red - purple discolouration on tips and margins, narrow and somewhat reduce in length. • Reduction in length of sugarcane stalks, diameters of which taper rapidly at growing points. • Poor or no tillering. • Decreased shoot / root ratio with restricted root development.","https://agritech.tnau.ac.in/agriculture/plant_nutri/sug_phos.html"
"Crop nutrient deficiency & correction","","Agricultural Crops","Sugar Crops","Sugarcane","Phosphorus","Phosphorus","Macro","Correction measure / remedy","Foliar spray of DAP 2% twice at fortnight interval • Applying large amounts upto 1 tonne/ha of rock phosphate • Application of triple super phosphate @ 0.5 to 0.75 kg /ha","https://agritech.tnau.ac.in/agriculture/plant_nutri/sug_phos.html"
"Crop nutrient deficiency & correction","","Agricultural Crops","Sugar Crops","Sugarcane","Potassium","Potassium","Macro","Deficiency symptoms","Depressed growth • Yellowing and marginal drying of older leaves and • Development of slender stalks. • Orange, yellow colour appears in the older lower leaves which develop numerous chlorotic spots that later become brown with dead centre result in 'firing' apperance. • Reddish discoloration which is confined to the epidermal cells of the upper surfaces and midribs of the leaves. Bunchy top appearance. • Poor root growth with less member of root hairs.","https://agritech.tnau.ac.in/agriculture/plant_nutri/sug_pota.html"
"Crop nutrient deficiency & correction","","Agricultural Crops","Sugar Crops","Sugarcane","Potassium","Potassium","Macro","Correction measure / remedy","Foliar spray of KCl 1% twice at fortnightly interval","https://agritech.tnau.ac.in/agriculture/plant_nutri/sug_pota.html"
"Crop nutrient deficiency & correction","","Agricultural Crops","Sugar Crops","Sugarcane","Calcium","Calcium","Macro","Deficiency symptoms","Minute chlorotic spots with dead centers which later become dark reddish-brown. Plants weak with thin stalks and soft rid. Growth is retarded.","https://agritech.tnau.ac.in/agriculture/plant_nutri/sug_cal.html"
"Crop nutrient deficiency & correction","","Agricultural Crops","Sugar Crops","Sugarcane","Calcium","Calcium","Macro","Correction measure / remedy","Soil application of 100kg/ha of Gypsum.","https://agritech.tnau.ac.in/agriculture/plant_nutri/sug_cal.html"
"Crop nutrient deficiency & correction","","Agricultural Crops","Sugar Crops","Sugarcane","Magnesium","Magnesium","Macro","Deficiency symptoms","Young leaves are light green or yellowish-green with smaller chlorotic spots that become dark brown. Rusty or freckled appearance spotting pronounced on the older leaves. Stalks show internal browning.","https://agritech.tnau.ac.in/agriculture/plant_nutri/sug_magnes.html"
"Crop nutrient deficiency & correction","","Agricultural Crops","Sugar Crops","Sugarcane","Magnesium","Magnesium","Macro","Correction measure / remedy","Soil application of MgSO4 25kg/ha or Foliar spray of MgSO4 2% twice at fortnight interval.","https://agritech.tnau.ac.in/agriculture/plant_nutri/sug_magnes.html"
"Crop nutrient deficiency & correction","","Agricultural Crops","Sugar Crops","Sugarcane","Sulphur","Sulphur","Macro","Deficiency symptoms","Plants have an off-color or yellowish-green appearance like N deficiency the youngest leaves are more chlorotic. Stalks short thin and leaf area reduced.","https://agritech.tnau.ac.in/agriculture/plant_nutri/sug_sul.html"
"Crop nutrient deficiency & correction","","Agricultural Crops","Sugar Crops","Sugarcane","Sulphur","Sulphur","Macro","Correction measure / remedy","Foliar spray of K2SO­4 1% twice at fortnight interval.","https://agritech.tnau.ac.in/agriculture/plant_nutri/sug_sul.html"
"Crop nutrient deficiency & correction","","Agricultural Crops","Sugar Crops","Sugarcane","Boron","Boron","Micro","Deficiency symptoms","Leaves become smaller; malformed leaves","https://agritech.tnau.ac.in/agriculture/plant_nutri/sug_boron.html"
"Crop nutrient deficiency & correction","","Agricultural Crops","Sugar Crops","Sugarcane","Boron","Boron","Micro","Correction measure / remedy","Foliar spray of borax@0.2-0.5%","https://agritech.tnau.ac.in/agriculture/plant_nutri/sug_boron.html"
"Crop nutrient deficiency & correction","","Agricultural Crops","Sugar Crops","Sugarcane","Copper","Copper","Micro","Deficiency symptoms","Symptoms occur in young leaves; leaves become yellow in color with smaller in size","https://agritech.tnau.ac.in/agriculture/plant_nutri/sug_copp.html"
"Crop nutrient deficiency & correction","","Agricultural Crops","Sugar Crops","Sugarcane","Copper","Copper","Micro","Correction measure / remedy","Foliar spray of CuSO4@2%","https://agritech.tnau.ac.in/agriculture/plant_nutri/sug_copp.html"
"Crop nutrient deficiency & correction","","Agricultural Crops","Sugar Crops","Sugarcane","Iron","Iron","Micro","Deficiency symptoms","Young leaves where pale stripes with scanty chlorophyll content occur between parallel lines. • Leaves turn completely white, even in the veins and midribs. • Restricted Root growth. • stunted appearance with constricted internodes","https://agritech.tnau.ac.in/agriculture/plant_nutri/sug_iron.html"
"Crop nutrient deficiency & correction","","Agricultural Crops","Sugar Crops","Sugarcane","Iron","Iron","Micro","Correction measure / remedy","Foliar spraying of 250-500g of ferrous sulphate dissolved in 100 lit of water or Soil application of 25kg/ha of ferrous sulphate or Application of 100 kg of ferrous sulphate mixed with 12.5 tonnes of farmyard manure for one hectare (or) Alternatively foliar spraying of 5 kg of ferrous sulphate with 2.5 kg of urea in 500 litres of water for one hectare should be done. The foliar spraying may be repeated at an interval of 7-10 days depending upon on the severity of the disorder.","https://agritech.tnau.ac.in/agriculture/plant_nutri/sug_iron.html"
"Crop nutrient deficiency & correction","","Agricultural Crops","Sugar Crops","Sugarcane","Manganese","Manganese","Micro","Deficiency symptoms","A chlorosis in young leaves increases to a uniform yellow a gray metallic purplish luster develops on the appear surface. Upward curving of blade margins.","https://agritech.tnau.ac.in/agriculture/plant_nutri/sug_mangan.html"
"Crop nutrient deficiency & correction","","Agricultural Crops","Sugar Crops","Sugarcane","Manganese","Manganese","Micro","Correction measure / remedy","Foliar spray of MnSO4@1-2%","https://agritech.tnau.ac.in/agriculture/plant_nutri/sug_mangan.html"
"Crop nutrient deficiency & correction","","Agricultural Crops","Sugar Crops","Sugarcane","Zinc","Zinc","Micro","Deficiency symptoms","Light greening or yellowing first appears in younger leaves followed by pitting, collapse and drying of interveinal tissue, leaving the veins green","https://agritech.tnau.ac.in/agriculture/plant_nutri/sug_zinc.html"
"Crop nutrient deficiency & correction","","Agricultural Crops","Sugar Crops","Sugarcane","Zinc","Zinc","Micro","Correction measure / remedy","Foliar spray of ZnSO4@0.5%","https://agritech.tnau.ac.in/agriculture/plant_nutri/sug_zinc.html"
"Crop nutrient deficiency & correction","nutrient name read from filename","Agricultural Crops","Sugar Crops","Sugarcane","Molybdenum","Molybdenum","Micro","Deficiency symptoms","Resembles S deficiency. Pitting develops along the veins.","https://agritech.tnau.ac.in/agriculture/plant_nutri/sug_molyb.html"
"Crop nutrient deficiency & correction","nutrient name read from filename","Agricultural Crops","Sugar Crops","Sugarcane","Molybdenum","Molybdenum","Micro","Correction measure / remedy","Foliar spray of sodium molybdate@2mg/litre","https://agritech.tnau.ac.in/agriculture/plant_nutri/sug_molyb.html"
"Crop nutrient deficiency & correction","","Horticultural Crops","Flowers / Ornamentals","Chrysanthemum","Phosphorus","Phosphorus","Macro","Deficiency symptoms","Reduction in the size of new leaves is one of the first symptoms of P deficiency although leaf colour remains green. Deficiency progresses, growth of main stem slows down & finally stops. New leaves become dark green in colour & are reduced in size. Lower leaves sometimes develop an orange-green colour. Margin of older leaves turns to brown colour (marginal browning). Finally resulted in premature death of affected leaves. Flowering is delayed with reduction in size & number of leaves.","https://agritech.tnau.ac.in/horticulture/plant_nutri/chry_phosphorus.html"
"Crop nutrient deficiency & correction","","Horticultural Crops","Flowers / Ornamentals","Chrysanthemum","Phosphorus","Phosphorus","Macro","Correction measure / remedy","6kg of super phosphate soaked in 100 lit of water for one day & the supernatant solution should be filtered & give in foliar spray at 10 days interval still the symptom disappears. Feeding with 0.30-0.40 monoammonium phosphate / litre of water, 5 times was recommended. Application of 30-60g super phosphate / m2 was also very effective to control the deficiency.","https://agritech.tnau.ac.in/horticulture/plant_nutri/chry_phosphorus.html"
"Crop nutrient deficiency & correction","","Horticultural Crops","Flowers / Ornamentals","Chrysanthemum","Potassium","Potassium","Macro","Deficiency symptoms","Leaf margins turns brown colour & reduction of leaf size are the characteristics symptoms. Flowering is delayed & keeping quality gets impaired. Reduction in flower number and size. Delay in flowering. Abscission of lower leaves.","https://agritech.tnau.ac.in/horticulture/plant_nutri/chry_potassium.html"
"Crop nutrient deficiency & correction","","Horticultural Crops","Flowers / Ornamentals","Chrysanthemum","Potassium","Potassium","Macro","Correction measure / remedy","5 g of potassium chloride / lit of water at 10 days intervals. Feeding with K2SO4 @ 1.25 g/lit (5 application) corrects the deficiency.","https://agritech.tnau.ac.in/horticulture/plant_nutri/chry_potassium.html"
"Crop nutrient deficiency & correction","","Horticultural Crops","Flowers / Ornamentals","Chrysanthemum","Potassium","Potassium","Macro","Deficiency symptoms","Leaf margins turns brown colour & reduction of leaf size are the characteristics symptoms. Flowering is delayed & keeping quality gets impaired. Reduction in flower number and size. Delay in flowering. Abscission of lower leaves.","https://agritech.tnau.ac.in/horticulture/plant_nutri/chry_potassium01.html"
"Crop nutrient deficiency & correction","","Horticultural Crops","Flowers / Ornamentals","Chrysanthemum","Potassium","Potassium","Macro","Correction measure / remedy","5 g of potassium chloride / lit of water at 10 days intervals. Feeding with K2SO4 @ 1.25 g/lit (5 application) corrects the deficiency.","https://agritech.tnau.ac.in/horticulture/plant_nutri/chry_potassium01.html"
"Crop nutrient deficiency & correction","","Horticultural Crops","Flowers / Ornamentals","Chrysanthemum","Calcium","Calcium","Macro","Deficiency symptoms","Complete cessation of top growth death of roots, which become dark & adhere together. Yellowing of leaves & shortening of internodes become very marked. Upper leaves form a rosette. Buds of growing points die. Lower leaves, which remain dark green, become stiff & brittle. Opening of flowers will delay.","https://agritech.tnau.ac.in/horticulture/plant_nutri/chry_calcium.html"
"Crop nutrient deficiency & correction","","Horticultural Crops","Flowers / Ornamentals","Chrysanthemum","Calcium","Calcium","Macro","Correction measure / remedy","CaCl2 @ 5 g/lit or CaNO3 5g/lit as foliar spray at 10 days intervals.","https://agritech.tnau.ac.in/horticulture/plant_nutri/chry_calcium.html"
"Crop nutrient deficiency & correction","","Horticultural Crops","Flowers / Ornamentals","Chrysanthemum","Boron","Boron","Micro","Deficiency symptoms","Peripheralflowers losing, turgidity, and also developing necrosis. Results in brittle & curled leaves with pale green tips curling upwards. Petals become quilled or will not open regularly. Branching of stem without flowering. Also delay in flowering.","https://agritech.tnau.ac.in/horticulture/plant_nutri/chry_boron.html"
"Crop nutrient deficiency & correction","","Horticultural Crops","Flowers / Ornamentals","Chrysanthemum","Boron","Boron","Micro","Correction measure / remedy","Borax 3g/lit as foliar spray during flowering. Borox 0.02 g/lit for 3-4 weeks alternately with irrigation corrects the deficiency.","https://agritech.tnau.ac.in/horticulture/plant_nutri/chry_boron.html"
"Crop nutrient deficiency & correction","","Horticultural Crops","Flowers / Ornamentals","Chrysanthemum","Iron","Iron","Micro","Deficiency symptoms","Interveinal yellowing of leaves, reduction in size and delayed flowering with pale petal colour are the symptoms of iron deficiency. The veins are yellow, and chocolate-colored spots appear on the leaves. In case of severe iron deficiency, the margins of the leaves become necrotic.","https://agritech.tnau.ac.in/horticulture/plant_nutri/chry_iron.html"
"Crop nutrient deficiency & correction","","Horticultural Crops","Flowers / Ornamentals","Chrysanthemum","Iron","Iron","Micro","Correction measure / remedy","Foliar spray of FeSO4@0.5%","https://agritech.tnau.ac.in/horticulture/plant_nutri/chry_iron.html"
"Crop nutrient deficiency & correction","","Horticultural Crops","Flowers / Ornamentals","Chrysanthemum","Manganese","Manganese","Micro","Deficiency symptoms","General chlorosis and small necrotic spots near leaf edges and â petiole are the characteristics symptoms. Upper leaves are reduced in size.","https://agritech.tnau.ac.in/horticulture/plant_nutri/chry_manganese.html"
"Crop nutrient deficiency & correction","","Horticultural Crops","Flowers / Ornamentals","Chrysanthemum","Manganese","Manganese","Micro","Correction measure / remedy","Foliar application of manganous sulphate at 0.6 g/l.","https://agritech.tnau.ac.in/horticulture/plant_nutri/chry_manganese.html"
"Crop nutrient deficiency & correction","","Horticultural Crops","Flowers / Ornamentals","Ixora","Iron","Iron","Micro","Deficiency symptoms","Thin leaves with interveinal chlorosis. Later the leaves become pale green colour. Older leaves remain green.","https://agritech.tnau.ac.in/horticulture/plant_nutri/ixora_iron.html"
"Crop nutrient deficiency & correction","","Horticultural Crops","Flowers / Ornamentals","Ixora","Iron","Iron","Micro","Correction measure / remedy","oliar spray of FeSO4@0.5%","https://agritech.tnau.ac.in/horticulture/plant_nutri/ixora_iron.html"
"Crop nutrient deficiency & correction","","Horticultural Crops","Flowers / Ornamentals","Jasmine","Nitrogen","Nitrogen","Macro","Deficiency symptoms","Stunted plant growth;Old leaves turn yellow in color","https://agritech.tnau.ac.in/horticulture/plant_nutri/jasmine_nitrogen.html"
"Crop nutrient deficiency & correction","","Horticultural Crops","Flowers / Ornamentals","Jasmine","Nitrogen","Nitrogen","Macro","Correction measure / remedy","Foliar spray of urea@1%","https://agritech.tnau.ac.in/horticulture/plant_nutri/jasmine_nitrogen.html"
"Crop nutrient deficiency & correction","","Horticultural Crops","Flowers / Ornamentals","Jasmine","Phosphorus","Phosphorus","Macro","Deficiency symptoms","Pink color pigmentation seen in old leaves; stunted plant growth","https://agritech.tnau.ac.in/horticulture/plant_nutri/jasmine_phosphorus.html"
"Crop nutrient deficiency & correction","","Horticultural Crops","Flowers / Ornamentals","Jasmine","Phosphorus","Phosphorus","Macro","Correction measure / remedy","Foliar spray of DAP 2% twice at fortnightly interval","https://agritech.tnau.ac.in/horticulture/plant_nutri/jasmine_phosphorus.html"
"Crop nutrient deficiency & correction","","Horticultural Crops","Flowers / Ornamentals","Jasmine","Potassium","Potassium","Macro","Deficiency symptoms","Symptom first visible on older leaves as marginal chlorosis and become necrotic drying form tip towards base.","https://agritech.tnau.ac.in/horticulture/plant_nutri/jasmine_potassium.html"
"Crop nutrient deficiency & correction","","Horticultural Crops","Flowers / Ornamentals","Jasmine","Potassium","Potassium","Macro","Correction measure / remedy","Foliar spray of KCl@0.5%","https://agritech.tnau.ac.in/horticulture/plant_nutri/jasmine_potassium.html"
"Crop nutrient deficiency & correction","","Horticultural Crops","Flowers / Ornamentals","Jasmine","Calcium","Calcium","Macro","Deficiency symptoms","Leaf growth will be inhibited; scorching symptoms occur in new leaves as welk as in tip of the plant","https://agritech.tnau.ac.in/horticulture/plant_nutri/jasmine_calcium.html"
"Crop nutrient deficiency & correction","","Horticultural Crops","Flowers / Ornamentals","Jasmine","Calcium","Calcium","Macro","Correction measure / remedy","Foliar spray of CaCl2@1-2%","https://agritech.tnau.ac.in/horticulture/plant_nutri/jasmine_calcium.html"
"Crop nutrient deficiency & correction","","Horticultural Crops","Flowers / Ornamentals","Jasmine","Magnesium","Magnesium","Macro","Deficiency symptoms","Symptoms seen in old leaves; ouuurence of interveinal chlorosis","https://agritech.tnau.ac.in/horticulture/plant_nutri/jasmine_magnesium.html"
"Crop nutrient deficiency & correction","","Horticultural Crops","Flowers / Ornamentals","Jasmine","Magnesium","Magnesium","Macro","Correction measure / remedy","Foliar spray of MgSO4@1%","https://agritech.tnau.ac.in/horticulture/plant_nutri/jasmine_magnesium.html"
"Crop nutrient deficiency & correction","","Horticultural Crops","Flowers / Ornamentals","Jasmine","Sulphur","Sulphur","Macro","Deficiency symptoms","Symptoms first appear on young leaves with fading of green colour. Growth is stunted. Leaf tip remains green and with severe deficiency the whole leaf turns yellow.","https://agritech.tnau.ac.in/horticulture/plant_nutri/jasmine_sulphur.html"
"Crop nutrient deficiency & correction","","Horticultural Crops","Flowers / Ornamentals","Jasmine","Sulphur","Sulphur","Macro","Correction measure / remedy","Foliar spray of CaSO4 @ 0.5%","https://agritech.tnau.ac.in/horticulture/plant_nutri/jasmine_sulphur.html"
"Crop nutrient deficiency & correction","","Horticultural Crops","Flowers / Ornamentals","Jasmine","Boron","Boron","Micro","Deficiency symptoms","Newly emerging leaves are malformed. Plants show shunted growth. Chlorotic streaks appear perpendicular to the veins. Incomplete leaf formation and inhibition of flower.","https://agritech.tnau.ac.in/horticulture/plant_nutri/jasmine_boron.html"
"Crop nutrient deficiency & correction","","Horticultural Crops","Flowers / Ornamentals","Jasmine","Boron","Boron","Micro","Correction measure / remedy","Foliar spray of borax@0.2%","https://agritech.tnau.ac.in/horticulture/plant_nutri/jasmine_boron.html"
"Crop nutrient deficiency & correction","","Horticultural Crops","Flowers / Ornamentals","Jasmine","Copper","Copper","Micro","Deficiency symptoms","Dark green colour of leaves. Twisted and malformed and shriveled leaves with busty growth.","https://agritech.tnau.ac.in/horticulture/plant_nutri/jasmine_copper.html"
"Crop nutrient deficiency & correction","","Horticultural Crops","Flowers / Ornamentals","Jasmine","Copper","Copper","Micro","Correction measure / remedy","Soil application of CuSO4 2-5 g/plant or Foliar spray of CuSO4@ 0.25% at fortnightly intervals.","https://agritech.tnau.ac.in/horticulture/plant_nutri/jasmine_copper.html"
"Crop nutrient deficiency & correction","","Horticultural Crops","Flowers / Ornamentals","Jasmine","Iron","Iron","Micro","Deficiency symptoms","Thin leaves with interveinal chlorosis. Later the leaves become pale green colour. Older leaves remain green.","https://agritech.tnau.ac.in/horticulture/plant_nutri/jasmine_iron.html"
"Crop nutrient deficiency & correction","","Horticultural Crops","Flowers / Ornamentals","Jasmine","Iron","Iron","Micro","Correction measure / remedy","Foliar spray of FeSO4@0.5%","https://agritech.tnau.ac.in/horticulture/plant_nutri/jasmine_iron.html"
"Crop nutrient deficiency & correction","","Horticultural Crops","Flowers / Ornamentals","Jasmine","Manganese","Manganese","Micro","Deficiency symptoms","Interveinal chlorosis of leaves. Leaves show yellowish green background with fine nature of green veins. Leaves become thicker.","https://agritech.tnau.ac.in/horticulture/plant_nutri/jasmine_manganese.html"
"Crop nutrient deficiency & correction","","Horticultural Crops","Flowers / Ornamentals","Jasmine","Manganese","Manganese","Micro","Correction measure / remedy","Soil application of MnSO4 @ 5-10 g/plant or Foliar spray of MnSO4 0.5% at fortnightly intervals.","https://agritech.tnau.ac.in/horticulture/plant_nutri/jasmine_manganese.html"
"Crop nutrient deficiency & correction","","Horticultural Crops","Flowers / Ornamentals","Jasmine","Zinc","Zinc","Micro","Deficiency symptoms","Leaves become small and chlorosis occur in young leaves","https://agritech.tnau.ac.in/horticulture/plant_nutri/jasmine_zinc.html"
"Crop nutrient deficiency & correction","","Horticultural Crops","Flowers / Ornamentals","Jasmine","Zinc","Zinc","Micro","Correction measure / remedy","Foliar spray of ZnSO4@0.5%","https://agritech.tnau.ac.in/horticulture/plant_nutri/jasmine_zinc.html"
"Crop nutrient deficiency & correction","","Horticultural Crops","Flowers / Ornamentals","Nerium","Boron","Boron","Micro","Deficiency symptoms","Young and newly developing leaves become deformed called as little leaf. The apical shoot exhibits blackening and death. Sterilising and malformation of reproductive structures.","https://agritech.tnau.ac.in/horticulture/plant_nutri/nerium_boron.html"
"Crop nutrient deficiency & correction","","Horticultural Crops","Flowers / Ornamentals","Nerium","Boron","Boron","Micro","Correction measure / remedy","Foliar spray of borax@0.2%","https://agritech.tnau.ac.in/horticulture/plant_nutri/nerium_boron.html"
"Crop nutrient deficiency & correction","","Horticultural Crops","Flowers / Ornamentals","Rose","Phosphorus","Phosphorus","Macro","Deficiency symptoms","The deficiency of P causes complete cessation of elongation,older leaves becoming irregularly necrotic and marginal chlorosis and premature death are caused. P deficiency causes a blue or dark green coloration of leaves.Flowering is delayed with reduction in size & number of leaves.","https://agritech.tnau.ac.in/horticulture/plant_nutri/rose_phosphorus.html"
"Crop nutrient deficiency & correction","","Horticultural Crops","Flowers / Ornamentals","Rose","Phosphorus","Phosphorus","Macro","Correction measure / remedy","Application of super phosphate was very effective to control the deficiency.","https://agritech.tnau.ac.in/horticulture/plant_nutri/rose_phosphorus.html"
"Crop nutrient deficiency & correction","","Horticultural Crops","Flowers / Ornamentals","Rose","Potassium","Potassium","Macro","Deficiency symptoms","Symptom first visible on older leaves as marginal chlorosis and become necrotic drying form tip towards base.","https://agritech.tnau.ac.in/horticulture/plant_nutri/rose_potassium.html"
"Crop nutrient deficiency & correction","","Horticultural Crops","Flowers / Ornamentals","Rose","Potassium","Potassium","Macro","Correction measure / remedy","Foliar spray K2SO4 1% at fortnightly intervals.","https://agritech.tnau.ac.in/horticulture/plant_nutri/rose_potassium.html"
"Crop nutrient deficiency & correction","","Horticultural Crops","Flowers / Ornamentals","Rose","Potassium","Potassium","Macro","Deficiency symptoms","Symptom first visible on older leaves as marginal chlorosis and become necrotic drying form tip towards base.","https://agritech.tnau.ac.in/horticulture/plant_nutri/rose_potassium01.html"
"Crop nutrient deficiency & correction","","Horticultural Crops","Flowers / Ornamentals","Rose","Potassium","Potassium","Macro","Correction measure / remedy","Foliar spray K2SO4 1% at fortnightly intervals.","https://agritech.tnau.ac.in/horticulture/plant_nutri/rose_potassium01.html"
"Crop nutrient deficiency & correction","","Horticultural Crops","Flowers / Ornamentals","Rose","Magnesium","Magnesium","Macro","Deficiency symptoms","Symptoms seen in old leaves; ouuurence of interveinal chlorosis","https://agritech.tnau.ac.in/horticulture/plant_nutri/rose_magnesium.html"
"Crop nutrient deficiency & correction","","Horticultural Crops","Flowers / Ornamentals","Rose","Magnesium","Magnesium","Macro","Correction measure / remedy","Foliar spray of MgSO4@1%","https://agritech.tnau.ac.in/horticulture/plant_nutri/rose_magnesium.html"
"Crop nutrient deficiency & correction","","Horticultural Crops","Fruits","Acid Lime (Citrus)","Nitrogen","Nitrogen","Macro","Deficiency symptoms","Dull green, yellowish, smaller leaves. Die back of twigs, thin and bushy appearance of tops with sparse bloom. Vein chlorosis. New leaves are greater than older.","https://agritech.tnau.ac.in/horticulture/plant_nutri/citrus_nitrogen.html"
"Crop nutrient deficiency & correction","","Horticultural Crops","Fruits","Acid Lime (Citrus)","Nitrogen","Nitrogen","Macro","Correction measure / remedy","Foliar spray urea 2% at 15 days interval.","https://agritech.tnau.ac.in/horticulture/plant_nutri/citrus_nitrogen.html"
"Crop nutrient deficiency & correction","","Horticultural Crops","Fruits","Acid Lime (Citrus)","Potassium","Potassium","Macro","Deficiency symptoms","Slower growth, shedding of leaves at blossom tine. New shoots poorly attached to twig. Smaller leaves, twigs die peak, scorching of leaf tips, small brown resinous spots on leaf. Small wrinkled spotted leaves. Small fruits, thin peel. In mandarin â yellowing and bronzing of leaves become twisted, wrinkled and spindy twigs.","https://agritech.tnau.ac.in/horticulture/plant_nutri/citrus_potassium.html"
"Crop nutrient deficiency & correction","","Horticultural Crops","Fruits","Acid Lime (Citrus)","Potassium","Potassium","Macro","Correction measure / remedy","Foliar spray of KNO3 2% at fortnightly interval. Application of 200g N, 100g P2O5 and 200g K2O / tree/year.","https://agritech.tnau.ac.in/horticulture/plant_nutri/citrus_potassium.html"
"Crop nutrient deficiency & correction","","Horticultural Crops","Fruits","Acid Lime (Citrus)","Boron","Boron","Micro","Deficiency symptoms","Premature wilting, water soaked spots on leaves. Premature shedding of leaves, bushing appearance curling of leaves, splitting and curling of veins. Fruits with gum spots and lumpings, hand abnormal shape and small.","https://agritech.tnau.ac.in/horticulture/plant_nutri/citrus_boron.html"
"Crop nutrient deficiency & correction","","Horticultural Crops","Fruits","Acid Lime (Citrus)","Boron","Boron","Micro","Correction measure / remedy","Foliar spray of borax@0.5%","https://agritech.tnau.ac.in/horticulture/plant_nutri/citrus_boron.html"
"Crop nutrient deficiency & correction","","Horticultural Crops","Fruits","Acid Lime (Citrus)","Copper","Copper","Micro","Deficiency symptoms","Reduced growth and dark green colour of leaves, twin led malformed leaves. New leaves shriveled, bushy growth.","https://agritech.tnau.ac.in/horticulture/plant_nutri/citrus_copper.html"
"Crop nutrient deficiency & correction","","Horticultural Crops","Fruits","Acid Lime (Citrus)","Copper","Copper","Micro","Correction measure / remedy","Foliar spray of CuSO4 each 0.5% at fortnightly interval.","https://agritech.tnau.ac.in/horticulture/plant_nutri/citrus_copper.html"
"Crop nutrient deficiency & correction","","Horticultural Crops","Fruits","Acid Lime (Citrus)","Iron","Iron","Micro","Deficiency symptoms","Thin leaves with interveinal chlorosis in young leaves. Greein tinge at the base of mid rib. Leaf size reduced. Later the leaves become pale or whitish and shed. Die back symptom older leaves remain green, fruits hand, coarse light coloured.","https://agritech.tnau.ac.in/horticulture/plant_nutri/citrus_iron.html"
"Crop nutrient deficiency & correction","","Horticultural Crops","Fruits","Acid Lime (Citrus)","Iron","Iron","Micro","Correction measure / remedy","Foliar spray of FeSO4 @ 0.5% twice at fortnight interval.","https://agritech.tnau.ac.in/horticulture/plant_nutri/citrus_iron.html"
"Crop nutrient deficiency & correction","","Horticultural Crops","Fruits","Acid Lime (Citrus)","Manganese","Manganese","Micro","Deficiency symptoms","Fine network of green veins as a light green background on young leaves. Leaf remains fairly green. Dark green irregular bands on mature leaves, along the midrib. White spots develop in interveinal area with die back symptom.","https://agritech.tnau.ac.in/horticulture/plant_nutri/citrus_manganese.html"
"Crop nutrient deficiency & correction","","Horticultural Crops","Fruits","Acid Lime (Citrus)","Manganese","Manganese","Micro","Correction measure / remedy","Foliar spray of 0.5% MnSO4 at fortnightly interval.","https://agritech.tnau.ac.in/horticulture/plant_nutri/citrus_manganese.html"
"Crop nutrient deficiency & correction","","Horticultural Crops","Fruits","Acid Lime (Citrus)","Zinc","Zinc","Micro","Deficiency symptoms","Irregular and chlorite leaf spots, mottled leaf, small leaves, severe dieback of twigs. The area near midrib and lateral veins remain green. Terminal twigs with narrow small erect leaves. Small, thin skinned fruits.","https://agritech.tnau.ac.in/horticulture/plant_nutri/citrus_zinc.html"
"Crop nutrient deficiency & correction","","Horticultural Crops","Fruits","Acid Lime (Citrus)","Zinc","Zinc","Micro","Correction measure / remedy","Foliar spray 2% ZnSO4 with 1% lime at fortnightly interval.","https://agritech.tnau.ac.in/horticulture/plant_nutri/citrus_zinc.html"
"Crop nutrient deficiency & correction","","Horticultural Crops","Fruits","Amla (Gooseberry)","Boron","Boron","Micro","Deficiency symptoms","Fruit necrosis which begins with the browning of inner most part of the mesocarpic tissues at the time of endocarp hardening. This is extended towards the epicarp resulting into brownish black areas on the fruit surfaces depending of the severity of the disorder, mesocarp of affected fruits turns black from brown which later turns into corky and gummy pockets.","https://agritech.tnau.ac.in/horticulture/plant_nutri/amla_boron.html"
"Crop nutrient deficiency & correction","","Horticultural Crops","Fruits","Amla (Gooseberry)","Boron","Boron","Micro","Correction measure / remedy","Spray of Borax 0.6% thrice at monthly intervals.","https://agritech.tnau.ac.in/horticulture/plant_nutri/amla_boron.html"
"Crop nutrient deficiency & correction","","Horticultural Crops","Fruits","Avocado","Zinc","Zinc","Micro","Deficiency symptoms","Leaf become thick and distorted. Leaf tip curve back. Spaced leaves show rosette appearance. Twigs show dieback symptoms.","https://agritech.tnau.ac.in/horticulture/plant_nutri/avacado_zinc.html"
"Crop nutrient deficiency & correction","","Horticultural Crops","Fruits","Avocado","Zinc","Zinc","Micro","Correction measure / remedy","Soil application of ZnSO4@0.5kg/tree","https://agritech.tnau.ac.in/horticulture/plant_nutri/avacado_zinc.html"
"Crop nutrient deficiency & correction","nutrient name read from page title","Horticultural Crops","Fruits","Banana","Nitrogen","Nitrogen","Macro","Deficiency symptoms","Nitrogen deficiency causes slow growth and paler leaves with reduced leaf area and rate of leaf production. Leaf petioles short, thin and compressed, thin profuse roots and lesser number of suckers are produced due to lack of N.","https://agritech.tnau.ac.in/horticulture/plant_nutri/banana_nitro.html"
"Crop nutrient deficiency & correction","nutrient name read from page title","Horticultural Crops","Fruits","Banana","Nitrogen","Nitrogen","Macro","Correction measure / remedy","Foliar spray of urea 2% at weekly intervals till disappearance of the deficiency symptom.td align","https://agritech.tnau.ac.in/horticulture/plant_nutri/banana_nitro.html"
"Crop nutrient deficiency & correction","nutrient name read from page title","Horticultural Crops","Fruits","Banana","Phosphorus","Phosphorus","Macro","Deficiency symptoms","The deficiency of P causes complete cessation of elongation, at a height of about two feet resetting of leaves with older leaves becoming increasingly irregularly necrotic, leaf production is reduced, and marginal chlorosis and premature death are caused. P deficiency causes a blue or dark green coloration of leaves.","https://agritech.tnau.ac.in/horticulture/plant_nutri/banana_phos.html"
"Crop nutrient deficiency & correction","nutrient name read from page title","Horticultural Crops","Fruits","Banana","Phosphorus","Phosphorus","Macro","Correction measure / remedy","40-60 g SSP / plant. Entire quantity of phosphorus fertilizer should be applied at the time of last ploughing or applied at the time of filling the pits.td align","https://agritech.tnau.ac.in/horticulture/plant_nutri/banana_phos.html"
"Crop nutrient deficiency & correction","nutrient name read from page title","Horticultural Crops","Fruits","Banana","Potassium","Potassium","Macro","Deficiency symptoms","Deficiency of potassium causes marked reduction in growth, interval profusely smaller, premature yellowing of plant. Purplish brown patches appear at the base of the petioles and in severe cases the centre of the corm may show area of brown, water soaked disintegrated cell structures. Fruits are badly shaped, poorly filled and unsuitable for marketing. Splits develop parallel to the secondary veins and the lamina folds downwards, while the midrib bends and fractures, leaving the distal half of the leaf hanging.","https://agritech.tnau.ac.in/horticulture/plant_nutri/banana_pota.html"
"Crop nutrient deficiency & correction","nutrient name read from page title","Horticultural Crops","Fruits","Banana","Potassium","Potassium","Macro","Correction measure / remedy","Foliar spray of KCl 2% at weekly interval till the symptom disappear.td align","https://agritech.tnau.ac.in/horticulture/plant_nutri/banana_pota.html"
"Crop nutrient deficiency & correction","","Horticultural Crops","Fruits","Banana","Calcium","Calcium","Macro","Deficiency symptoms","Characterized narrow land of marginal chlorosis of leaves turning into necrotic fallow. Leaves become small, growth shunted. Youngest leaves with thickened secondary veins. Splitting and curling of leaps edges. Distal end of midrib interveinal and marginal chlorosis.","https://agritech.tnau.ac.in/horticulture/plant_nutri/banana_cal.html"
"Crop nutrient deficiency & correction","","Horticultural Crops","Fruits","Banana","Calcium","Calcium","Macro","Correction measure / remedy","Application of gypsum @ 250Kg/ha.td align","https://agritech.tnau.ac.in/horticulture/plant_nutri/banana_cal.html"
"Crop nutrient deficiency & correction","nutrient name read from page title","Horticultural Crops","Fruits","Banana","Magnesium","Magnesium","Macro","Deficiency symptoms","Magnesium deficiency symptoms show green banding around the margin and next to the midrib. Leaves turn yellowish with brown goods on the leaf margin. Plant height reduced marginal yellowing of leaf margin extends towards the midrib. Purplish mottling of leaf petiole and malformation of leaves. Fruits do not ripen well and become tasteless.","https://agritech.tnau.ac.in/horticulture/plant_nutri/banana_magnes.html"
"Crop nutrient deficiency & correction","nutrient name read from page title","Horticultural Crops","Fruits","Banana","Magnesium","Magnesium","Macro","Correction measure / remedy","Spraying MgSO4 5% or application of dolomite lime stone 3t/ha effectively corrects the deficiency.strong","https://agritech.tnau.ac.in/horticulture/plant_nutri/banana_magnes.html"
"Crop nutrient deficiency & correction","nutrient name read from page title","Horticultural Crops","Fruits","Banana","Sulphur","Sulphur","Macro","Deficiency symptoms","Deficiency causes chlorosis and delaying of green colour in newly emerging leaves, thinkening and leaf puckering, reduced plant growth and growth and reduced leaf size. The heart leaf becomes white and leaf blades become very soft and tear easily.","https://agritech.tnau.ac.in/horticulture/plant_nutri/banana_sul.html"
"Crop nutrient deficiency & correction","nutrient name read from page title","Horticultural Crops","Fruits","Banana","Sulphur","Sulphur","Macro","Correction measure / remedy","Application of ammonium sulphate @ 100g/plant.strong","https://agritech.tnau.ac.in/horticulture/plant_nutri/banana_sul.html"
"Crop nutrient deficiency & correction","nutrient name read from page title","Horticultural Crops","Fruits","Banana","Boron","Boron","Micro","Deficiency symptoms","Newly emerging leaves are malformed. Plants show shunted growth. Chlorotic streaks appear perpendicular to the veins. Incomplete leaf formation and inhibition of fruit and flower. Deficiency of boron may results in reduction in weight and size of the bunch and it will effects the proper filling of the bunch.","https://agritech.tnau.ac.in/horticulture/plant_nutri/banana_bor.html"
"Crop nutrient deficiency & correction","nutrient name read from page title","Horticultural Crops","Fruits","Banana","Boron","Boron","Micro","Correction measure / remedy","Soil application of 20 g Borax per tree. Borax acid 0.2% foliar sprays on 4th and 5th month after planting.strong","https://agritech.tnau.ac.in/horticulture/plant_nutri/banana_bor.html"
"Crop nutrient deficiency & correction","nutrient name read from page title","Horticultural Crops","Fruits","Banana","Copper","Copper","Micro","Deficiency symptoms","Plants show overall droopy appearance with shortened intervals between petiole. Size of leaves reduced.","https://agritech.tnau.ac.in/horticulture/plant_nutri/banana_cop.html"
"Crop nutrient deficiency & correction","nutrient name read from page title","Horticultural Crops","Fruits","Banana","Copper","Copper","Micro","Correction measure / remedy","Application of 20 Kg CuSO4/ha a foliar spray of 2% CuSO4.strong","https://agritech.tnau.ac.in/horticulture/plant_nutri/banana_cop.html"
"Crop nutrient deficiency & correction","nutrient name read from page title","Horticultural Crops","Fruits","Banana","Iron","Iron","Micro","Deficiency symptoms","Iron deficiency has been recorded in alkaline soils and is identified by interveinal chlorosis of young leaves.","https://agritech.tnau.ac.in/horticulture/plant_nutri/banana_ir.html"
"Crop nutrient deficiency & correction","nutrient name read from page title","Horticultural Crops","Fruits","Banana","Iron","Iron","Micro","Correction measure / remedy","Soil application of FeSO4 5/g/ha or foliar spray of 0.5% FeSO4 at weekly intervals.strong","https://agritech.tnau.ac.in/horticulture/plant_nutri/banana_ir.html"
"Crop nutrient deficiency & correction","nutrient name read from page title","Horticultural Crops","Fruits","Banana","Manganese","Manganese","Micro","Deficiency symptoms","Marginal chlorosis of young leaves, which later turn brown. Fruits with raised spots which are dark brown on black in colour. Leaves give striated appearance from the edges.","https://agritech.tnau.ac.in/horticulture/plant_nutri/banana_mangan.html"
"Crop nutrient deficiency & correction","nutrient name read from page title","Horticultural Crops","Fruits","Banana","Manganese","Manganese","Micro","Correction measure / remedy","Weekly foliar spray of 2% MnSO4.strong","https://agritech.tnau.ac.in/horticulture/plant_nutri/banana_mangan.html"
"Crop nutrient deficiency & correction","nutrient name read from page title","Horticultural Crops","Fruits","Banana","Zinc","Zinc","Micro","Deficiency symptoms","Deficiency appears in the young plants. Interveinal chlorosis of leaves with chlorotic stripes. Leaves appear papery whole in colour. Finger twisted, short, thinner and light green colour.","https://agritech.tnau.ac.in/horticulture/plant_nutri/banana_zin.html"
"Crop nutrient deficiency & correction","nutrient name read from page title","Horticultural Crops","Fruits","Banana","Zinc","Zinc","Micro","Correction measure / remedy","Application of 50 g/plant ZnSO4 at time of planting is recommended or foliar application of ZnSO4 at 3 g/litre + urea (5g per litre) + 10 ml non ionic sticker in 20 litres of water. The above prepared solution is sprayed at 45 and 60 DAP.strong","https://agritech.tnau.ac.in/horticulture/plant_nutri/banana_zin.html"
"Crop nutrient deficiency & correction","","Horticultural Crops","Fruits","Custard Apple","Phosphorus","Phosphorus","Macro","Deficiency symptoms","Plants look lush blue-green or purplish in color. Mature leaves to be small, initially purplish tints and scorched areas, later become yellow with purple veins and died prematurely.","https://agritech.tnau.ac.in/horticulture/plant_nutri/custard_phosphorus.html"
"Crop nutrient deficiency & correction","","Horticultural Crops","Fruits","Custard Apple","Phosphorus","Phosphorus","Macro","Correction measure / remedy","Soil application of single super phosphate","https://agritech.tnau.ac.in/horticulture/plant_nutri/custard_phosphorus.html"
"Crop nutrient deficiency & correction","","Horticultural Crops","Fruits","Custard Apple","Potassium","Potassium","Macro","Deficiency symptoms","Yellowish spots in the margins of new leaves which later spread over the surface and subsequently turned brown, starting with the older leaves. Leaves first become grey at the margin and later interveinally.","https://agritech.tnau.ac.in/horticulture/plant_nutri/custard_potassium.html"
"Crop nutrient deficiency & correction","","Horticultural Crops","Fruits","Custard Apple","Potassium","Potassium","Macro","Correction measure / remedy","Soil application of KCl@300-500g/tree.","https://agritech.tnau.ac.in/horticulture/plant_nutri/custard_potassium.html"
"Crop nutrient deficiency & correction","","Horticultural Crops","Fruits","Custard Apple","Calcium","Calcium","Macro","Deficiency symptoms","Upper leaf coloration initially was darker green, but, later turning yellow at the edges and died. Fruit showing blossom end rot were found to ripen less rapidly","https://agritech.tnau.ac.in/horticulture/plant_nutri/custard_calcium.html"
"Crop nutrient deficiency & correction","","Horticultural Crops","Fruits","Custard Apple","Calcium","Calcium","Macro","Correction measure / remedy","Application gypsum@ 50 kg/ha","https://agritech.tnau.ac.in/horticulture/plant_nutri/custard_calcium.html"
"Crop nutrient deficiency & correction","","Horticultural Crops","Fruits","Custard Apple","Magnesium","Magnesium","Macro","Deficiency symptoms","Chlorosis of leaves. Interveinal areas became yellow or greenish yellow while leaf margins remained green.","https://agritech.tnau.ac.in/horticulture/plant_nutri/custard_magnesium.html"
"Crop nutrient deficiency & correction","","Horticultural Crops","Fruits","Custard Apple","Magnesium","Magnesium","Macro","Correction measure / remedy","Soil application of dolomite","https://agritech.tnau.ac.in/horticulture/plant_nutri/custard_magnesium.html"
"Crop nutrient deficiency & correction","","Horticultural Crops","Fruits","Custard Apple","Sulphur","Sulphur","Macro","Deficiency symptoms","Symptoms are somewhat similar to nitrogen deficiency. Younger leaves are affected. Older leaves developd necrosis at tips and margins with development of small purple spots between the veins.","https://agritech.tnau.ac.in/horticulture/plant_nutri/custard_sulphur.html"
"Crop nutrient deficiency & correction","","Horticultural Crops","Fruits","Custard Apple","Sulphur","Sulphur","Macro","Correction measure / remedy","Soil application of gypsum@2-5kg/tree/year","https://agritech.tnau.ac.in/horticulture/plant_nutri/custard_sulphur.html"
"Crop nutrient deficiency & correction","","Horticultural Crops","Fruits","Custard Apple","Boron","Boron","Micro","Deficiency symptoms","A","https://agritech.tnau.ac.in/horticulture/plant_nutri/custard_boron.html"
"Crop nutrient deficiency & correction","","Horticultural Crops","Fruits","Custard Apple","Boron","Boron","Micro","Correction measure / remedy","F","https://agritech.tnau.ac.in/horticulture/plant_nutri/custard_boron.html"
"Crop nutrient deficiency & correction","","Horticultural Crops","Fruits","Custard Apple","Iron","Iron","Micro","Deficiency symptoms","Symptoms are first seen in the youngest leaves. Initially the smallest veins remani green, which produces areticulate pattern of green veins on yellow leaves. The leaves turn completely chlorotic but there is no associated necrosis.","https://agritech.tnau.ac.in/horticulture/plant_nutri/custard_iron.html"
"Crop nutrient deficiency & correction","","Horticultural Crops","Fruits","Custard Apple","Iron","Iron","Micro","Correction measure / remedy","Soil application of FeSO4@0.5 kg /tree","https://agritech.tnau.ac.in/horticulture/plant_nutri/custard_iron.html"
"Crop nutrient deficiency & correction","","Horticultural Crops","Fruits","Custard Apple","Manganese","Manganese","Micro","Deficiency symptoms","Reduction in leaf size and development of interveinal orange-yellow mottling over the tip. Mottling spreads over the whole leaflet turn yellow while the veins remani green. Numerous small, dark brown, necrotic spots with chlorosis in leaflets of very young leaves","https://agritech.tnau.ac.in/horticulture/plant_nutri/custard_manganese.html"
"Crop nutrient deficiency & correction","","Horticultural Crops","Fruits","Custard Apple","Manganese","Manganese","Micro","Correction measure / remedy","Foliar spray of foliar spray of MnSO4@1%","https://agritech.tnau.ac.in/horticulture/plant_nutri/custard_manganese.html"
"Crop nutrient deficiency & correction","","Horticultural Crops","Fruits","Custard Apple","Zinc","Zinc","Micro","Deficiency symptoms","Interveinal chlorosis; shortened internodes; epinastic curvature of leaves","https://agritech.tnau.ac.in/horticulture/plant_nutri/custard_zinc.html"
"Crop nutrient deficiency & correction","","Horticultural Crops","Fruits","Custard Apple","Zinc","Zinc","Micro","Correction measure / remedy","Soil application of ZnSO4@ 20kg/tree/year or foliar spray of ZnSO4@0.5%","https://agritech.tnau.ac.in/horticulture/plant_nutri/custard_zinc.html"
"Crop nutrient deficiency & correction","","Horticultural Crops","Fruits","Grapes","Phosphorus","Phosphorus","Macro","Deficiency symptoms","Pigmentation seen in old leaves; leaf growth rate will be affected","https://agritech.tnau.ac.in/horticulture/plant_nutri/grapes_phosphorus.html"
"Crop nutrient deficiency & correction","","Horticultural Crops","Fruits","Grapes","Phosphorus","Phosphorus","Macro","Correction measure / remedy","Soil application of super phosphate or foliar spray of DAP@1-2%","https://agritech.tnau.ac.in/horticulture/plant_nutri/grapes_phosphorus.html"
"Crop nutrient deficiency & correction","","Horticultural Crops","Fruits","Grapes","Potassium","Potassium","Macro","Deficiency symptoms","A dull, dark green color will appear on the leaves. In mid-to late summer, leaves may have a bronze color, especially on the west-facing side of the trellis. Some leaves may have dark spots or blotches. This symptom often has been characterized as black leaf of grapes Marginal chlorosis, browning, and drying may occur as the deficiency becomes more severe. Other possible symptoms include brown dead spots or areas throughout the leaf. In sever cases, more than half of the leaves on a vine may show these symptoms. Severe potassium deficiency greatly reduces vine vigor, berry size, and crop yield. Symptoms of potassium deficiency generally develop in mid-shoot leaves followed by older basal leaves.","https://agritech.tnau.ac.in/horticulture/plant_nutri/grapes_potassium.html"
"Crop nutrient deficiency & correction","","Horticultural Crops","Fruits","Grapes","Potassium","Potassium","Macro","Correction measure / remedy","Foliar sprays of K2SO4or KNO3 can be effective to temporarily reduce a severe K deficiency. Soil application in general 40-160 kg per acre have been adequate. Foliar spray KNO3 1% is recommended.","https://agritech.tnau.ac.in/horticulture/plant_nutri/grapes_potassium.html"
"Crop nutrient deficiency & correction","","Horticultural Crops","Fruits","Grapes","Potassium","Potassium","Macro","Deficiency symptoms","A dull, dark green color will appear on the leaves. In mid-to late summer, leaves may have a bronze color, especially on the west-facing side of the trellis. Some leaves may have dark spots or blotches. This symptom often has been characterized as black leaf of grapes Marginal chlorosis, browning, and drying may occur as the deficiency becomes more severe. Other possible symptoms include brown dead spots or areas throughout the leaf. In sever cases, more than half of the leaves on a vine may show these symptoms. Severe potassium deficiency greatly reduces vine vigor, berry size, and crop yield. Symptoms of potassium deficiency generally develop in mid-shoot leaves followed by older basal leaves.","https://agritech.tnau.ac.in/horticulture/plant_nutri/grapes_potassium01.html"
"Crop nutrient deficiency & correction","","Horticultural Crops","Fruits","Grapes","Potassium","Potassium","Macro","Correction measure / remedy","Foliar sprays of K2SO4or KNO3 can be effective to temporarily reduce a severe K deficiency. Soil application in general 40-160 kg per acre have been adequate. Foliar spray KNO3 1% is recommended.","https://agritech.tnau.ac.in/horticulture/plant_nutri/grapes_potassium01.html"
"Crop nutrient deficiency & correction","","Horticultural Crops","Fruits","Grapes","Calcium","Calcium","Macro","Deficiency symptoms","Growth of the plant is reduced. symptoms are first seen at the growing points of the plant, which may become necrotic and die. Marginal leaf chlorosis followed by necrosis will be evident on the youngest leaves. Flower buds will fail to develop. The youngest leaves will remain small and deformed and will tend to curl upward at the margins.","https://agritech.tnau.ac.in/horticulture/plant_nutri/grapes_calcium.html"
"Crop nutrient deficiency & correction","","Horticultural Crops","Fruits","Grapes","Calcium","Calcium","Macro","Correction measure / remedy","Foliar spray of CaSO4 1% or soil application of gypsum @ 50 kg/ha.","https://agritech.tnau.ac.in/horticulture/plant_nutri/grapes_calcium.html"
"Crop nutrient deficiency & correction","","Horticultural Crops","Fruits","Grapes","Magnesium","Magnesium","Macro","Deficiency symptoms","Symptoms of Mg deficiency develop on the older leaves first. Chlorosis (yellowing) appears between the veins of the leaves while the veins remain green. As a vine becomes more severely affected, interveinal chlorosis intensifies in older leaves and spreads to younger leaves toward the terminals of canes. The younger terminal leaves may not exhibit symptoms until the entire vine is extremely deficient. Early symptoms: green leaf margins with yellow between the veins. Deficiency of magnesium appears first on basal leaves of shoots as a yellowing between veins. Symptoms progress to dead blotches on the leaves, which may be a rusty-red. Advanced stage yellow between veins interspersed with brown or often rust-colored areas. First chlorosis of basal leaf margins, than between and secondary veins, leaf margin burn may develop, interveinal areas become white yellow or red depending on variety.","https://agritech.tnau.ac.in/horticulture/plant_nutri/grapes_magnesium.html"
"Crop nutrient deficiency & correction","","Horticultural Crops","Fruits","Grapes","Magnesium","Magnesium","Macro","Correction measure / remedy","Mix magnesium sulfate at the rate of 6 kg per 200 litres of water. Two applications usually are adequate. Apply the first shortly after bloom and the second two weeks later. Each spray application requires about 400 to 500 litres of the mixture per acre to adequately cover the vines.","https://agritech.tnau.ac.in/horticulture/plant_nutri/grapes_magnesium.html"
"Crop nutrient deficiency & correction","","Horticultural Crops","Fruits","Grapes","Sulphur","Sulphur","Macro","Deficiency symptoms","Whole orchard or spot-wise stunted growth of pale-green plants.","https://agritech.tnau.ac.in/horticulture/plant_nutri/grapes_sulphur.html"
"Crop nutrient deficiency & correction","","Horticultural Crops","Fruits","Grapes","Sulphur","Sulphur","Macro","Correction measure / remedy","Foliar spray of MgSO4@1%","https://agritech.tnau.ac.in/horticulture/plant_nutri/grapes_sulphur.html"
"Crop nutrient deficiency & correction","","Horticultural Crops","Fruits","Grapes","Boron","Boron","Micro","Deficiency symptoms","Poor fruit set clusters will tend to be small, and berries will not fully develop on the rachis. Terminal buds may not break in the spring, and ends of shoots sometimes are distorted. Borax or borate, B carriers, can be sprayed on in the spring when needed. Pre-bloom sprays seem to be an effective way to get B into flower parts. Use foliar applications at an annual rate of one pound of actual boron per acre.","https://agritech.tnau.ac.in/horticulture/plant_nutri/grapes_boron.html"
"Crop nutrient deficiency & correction","","Horticultural Crops","Fruits","Grapes","Boron","Boron","Micro","Correction measure / remedy","Foliar spray of Borax 0.2% at soil application of Borax 25-50 g/plat.","https://agritech.tnau.ac.in/horticulture/plant_nutri/grapes_boron.html"
"Crop nutrient deficiency & correction","","Horticultural Crops","Fruits","Grapes","Iron","Iron","Micro","Deficiency symptoms","Leaf veins remain green interveinal portion turns yellow young leaves small but not deformed.","https://agritech.tnau.ac.in/horticulture/plant_nutri/grapes_iron.html"
"Crop nutrient deficiency & correction","","Horticultural Crops","Fruits","Grapes","Iron","Iron","Micro","Correction measure / remedy","FFoliar spray of 0.5% FeSO4","https://agritech.tnau.ac.in/horticulture/plant_nutri/grapes_iron.html"
"Crop nutrient deficiency & correction","","Horticultural Crops","Fruits","Grapes","Manganese","Manganese","Micro","Deficiency symptoms","Symptoms first appear as interveinal chlorosis, or yellowing of the younger terminal leaves.Applying fertilizer-grade manganese sulfate at 20 to 40 gm per vine, or 100 to 200 kg per acre, depending on vine size and severity of the deficiency.","https://agritech.tnau.ac.in/horticulture/plant_nutri/grapes_manganese.html"
"Crop nutrient deficiency & correction","","Horticultural Crops","Fruits","Grapes","Manganese","Manganese","Micro","Correction measure / remedy","Foliar application of Mn can be sprayed for immediate effect mix manganese sulfate at the rate of 160 gram plus 80 gram of hydrate lime per 200 litres of water. Two application usually will provide season-long control of manganese symptoms. First appln.just after bloom or when symptoms first appear and second two weeks later.","https://agritech.tnau.ac.in/horticulture/plant_nutri/grapes_manganese.html"
"Crop nutrient deficiency & correction","","Horticultural Crops","Fruits","Grapes","Zinc","Zinc","Micro","Deficiency symptoms","Poor fruit set and stunted shots with small, misshapen leaves foliar application of zinc is the most effective method for treating Zn deficiency.","https://agritech.tnau.ac.in/horticulture/plant_nutri/grapes_zinc.html"
"Crop nutrient deficiency & correction","","Horticultural Crops","Fruits","Grapes","Zinc","Zinc","Micro","Correction measure / remedy","Neutral zinc products containing 50-52% Zn, or zinc oxide (75-805 Zn) are both effective as foliar sprays. Zinc spray applications are most effective in improving fruit set when applied during the period of two weeks prior to bloom up to full bloom. If foliar deficiency symptoms persist or reappear, a second application may be necessary.","https://agritech.tnau.ac.in/horticulture/plant_nutri/grapes_zinc.html"
"Crop nutrient deficiency & correction","","Horticultural Crops","Fruits","Guava","Nitrogen","Nitrogen","Macro","Deficiency symptoms","Stunted growth. Pale green to light yellow color (chlorosis) appearing first on older leaves, usually starting at the tips. Depending on the severity of deficiency, the chlorosis could result in the death and / or dropping of the older leaves.","https://agritech.tnau.ac.in/horticulture/plant_nutri/guava_nitro.html"
"Crop nutrient deficiency & correction","","Horticultural Crops","Fruits","Guava","Nitrogen","Nitrogen","Macro","Correction measure / remedy","Foliar spray of Urea 1-2 % at fortnightly intervals.td align=""ri","https://agritech.tnau.ac.in/horticulture/plant_nutri/guava_nitro.html"
"Crop nutrient deficiency & correction","","Horticultural Crops","Fruits","Guava","Phosphorus","Phosphorus","Macro","Deficiency symptoms","Slow, weak and stunted growth with dark to blue-green coloration to appear on older leaves of some plants. Under severe deficiency, purpling in leaves and stems may appear. Delayed maturity and poor seed and fruit development.","https://agritech.tnau.ac.in/horticulture/plant_nutri/guava_phos.html"
"Crop nutrient deficiency & correction","","Horticultural Crops","Fruits","Guava","Phosphorus","Phosphorus","Macro","Correction measure / remedy","Foliar spray of DAP 2% at fortnightly interval.td align=""ri","https://agritech.tnau.ac.in/horticulture/plant_nutri/guava_phos.html"
"Crop nutrient deficiency & correction","","Horticultural Crops","Fruits","Guava","Potassium","Potassium","Macro","Deficiency symptoms","Chlorosis along the edges of leaves (leaf margin scorching) occurs first in older leaves. Plants lacking K will have slow and stunted growth. Stems are weak. The size of seeds and fruits and the quantity of their production is reduced","https://agritech.tnau.ac.in/horticulture/plant_nutri/guava_pota.html"
"Crop nutrient deficiency & correction","","Horticultural Crops","Fruits","Guava","Potassium","Potassium","Macro","Correction measure / remedy","Foliar spray of K2SO4 2% at fortnightly interval.td align=""ri","https://agritech.tnau.ac.in/horticulture/plant_nutri/guava_pota.html"
"Crop nutrient deficiency & correction","","Horticultural Crops","Fruits","Guava","Calcium","Calcium","Macro","Deficiency symptoms","Symptoms first appear on the younger leaves and leaf tips. The growing tips of roots and leaves turn brown and die. Newly emerging leaves may stick together at the margins, which causes tearing as the leaves expand and unfurl. Younger leaves may be cupped and crinkled, with the terminal bud deteriorating.","https://agritech.tnau.ac.in/horticulture/plant_nutri/guava_cal.html"
"Crop nutrient deficiency & correction","","Horticultural Crops","Fruits","Guava","Calcium","Calcium","Macro","Correction measure / remedy","Soil application of gypsum @ 20 kg /ha.td align=""ri","https://agritech.tnau.ac.in/horticulture/plant_nutri/guava_cal.html"
"Crop nutrient deficiency & correction","","Horticultural Crops","Fruits","Guava","Magnesium","Magnesium","Macro","Deficiency symptoms","The deficiency symptom of interveinal chlorosis first appears in older leaves. Leaf tissue between the veins may be yellowish, bronze or reddish, while the leaf veins remain green. In severe cases, symptoms may appear on younger leaves and cause premature leaf drop. Symptoms occur most frequently in acid soils and soils receiving high amounts of K fertilizer or Ca.","https://agritech.tnau.ac.in/horticulture/plant_nutri/guava_magnes.html"
"Crop nutrient deficiency & correction","","Horticultural Crops","Fruits","Guava","Magnesium","Magnesium","Macro","Correction measure / remedy","Foliar spray of MgSO4 2% at fortnightly interval.td align=""ri","https://agritech.tnau.ac.in/horticulture/plant_nutri/guava_magnes.html"
"Crop nutrient deficiency & correction","","Horticultural Crops","Fruits","Guava","Sulphur","Sulphur","Macro","Deficiency symptoms","Younger leaves are chlorotic with evenly, lightly colored veins. Growth rate is retarded and maturity is delayed. Plant stems are stiff, thin and woody. Symptoms may be similar to N deficiency and are most often found in sandy soils that are low in organic matter and receive moderate to heavy rainfall.","https://agritech.tnau.ac.in/horticulture/plant_nutri/guava_sul.html"
"Crop nutrient deficiency & correction","","Horticultural Crops","Fruits","Guava","Sulphur","Sulphur","Macro","Correction measure / remedy","Soil application of gypsum @ 20 kg /ha.td align=""ri","https://agritech.tnau.ac.in/horticulture/plant_nutri/guava_sul.html"
"Crop nutrient deficiency & correction","","Horticultural Crops","Fruits","Guava","Boron","Boron","Micro","Deficiency symptoms","Stunted growth, first showing symptoms on the growing point and younger leaves. The leaves tend to be thickened and may curl and become brittle.","https://agritech.tnau.ac.in/horticulture/plant_nutri/guava_bor.html"
"Crop nutrient deficiency & correction","","Horticultural Crops","Fruits","Guava","Boron","Boron","Micro","Correction measure / remedy","Foliar spray of Borax 0.5% at fortnightly interval.td align=""ri","https://agritech.tnau.ac.in/horticulture/plant_nutri/guava_bor.html"
"Crop nutrient deficiency & correction","","Horticultural Crops","Fruits","Guava","Iron","Iron","Micro","Deficiency symptoms","Interveinal chlorosis in younger leaves. The youngest leaves become pale yellow.","https://agritech.tnau.ac.in/horticulture/plant_nutri/guava_ir.html"
"Crop nutrient deficiency & correction","","Horticultural Crops","Fruits","Guava","Iron","Iron","Micro","Correction measure / remedy","Soil application of FeSO4 @ 10 kg/ha.td align=""ri","https://agritech.tnau.ac.in/horticulture/plant_nutri/guava_ir.html"
"Crop nutrient deficiency & correction","","Horticultural Crops","Fruits","Guava","Manganese","Manganese","Micro","Deficiency symptoms","Symptoms first appear as chlorosis in young tissues. Unlike Fe chlorosis symptoms, Mn chlorosis shows up as tiny yellow spots.","https://agritech.tnau.ac.in/horticulture/plant_nutri/guava_mangan.html"
"Crop nutrient deficiency & correction","","Horticultural Crops","Fruits","Guava","Manganese","Manganese","Micro","Correction measure / remedy","Foliar spray of MnSO4 1% at fortnightly interval.td align=""ri","https://agritech.tnau.ac.in/horticulture/plant_nutri/guava_mangan.html"
"Crop nutrient deficiency & correction","","Horticultural Crops","Fruits","Jackfruit","Magnesium","Magnesium","Macro","Deficiency symptoms","Yellowing of older leaves between lateral veins on either side of midrib. Chlorosis spreads from margin towards midrib.","https://agritech.tnau.ac.in/horticulture/plant_nutri/jackfruit_magnesium.html"
"Crop nutrient deficiency & correction","","Horticultural Crops","Fruits","Jackfruit","Magnesium","Magnesium","Macro","Correction measure / remedy","Foliar spray of Mangenisum Sulphate 30 to 50 gram per litre of water. Soil application of 1.5 kg of dolomite tree/year","https://agritech.tnau.ac.in/horticulture/plant_nutri/jackfruit_magnesium.html"
"Crop nutrient deficiency & correction","","Horticultural Crops","Fruits","Jackfruit","Boron","Boron","Micro","Deficiency symptoms","Fruits show splitting or cracking with characteristic reddish purple colour. Leaves show chlorosis and brittleness. Terminal shoot poorly developed.","https://agritech.tnau.ac.in/horticulture/plant_nutri/jackfruit_boron.html"
"Crop nutrient deficiency & correction","","Horticultural Crops","Fruits","Jackfruit","Boron","Boron","Micro","Correction measure / remedy","Foliar spray of Mangenisum Sulphate 30 to 50 gram per litre of water. Soil application of 1.5 kg of dolomite tree/year","https://agritech.tnau.ac.in/horticulture/plant_nutri/jackfruit_boron.html"
"Crop nutrient deficiency & correction","","Horticultural Crops","Fruits","Jackfruit","Iron","Iron","Micro","Deficiency symptoms","Young leaves show interveinal chlorosis. Veins remain green. In severe cases entire leaf becomes yellow. The midrib remain green with stunted growth.","https://agritech.tnau.ac.in/horticulture/plant_nutri/jackfruit_iron.html"
"Crop nutrient deficiency & correction","","Horticultural Crops","Fruits","Jackfruit","Iron","Iron","Micro","Correction measure / remedy","Foliar spray of Mangenisum Sulphate 30 to 50 gram per litre of water. Soil application of 1.5 kg of dolomite tree/year","https://agritech.tnau.ac.in/horticulture/plant_nutri/jackfruit_iron.html"
"Crop nutrient deficiency & correction","","Horticultural Crops","Fruits","Jackfruit","Manganese","Manganese","Micro","Deficiency symptoms","Leaves become yellow in color; veins remain green in color","https://agritech.tnau.ac.in/horticulture/plant_nutri/jackfruit_manganese.html"
"Crop nutrient deficiency & correction","","Horticultural Crops","Fruits","Jackfruit","Manganese","Manganese","Micro","Correction measure / remedy","Foliar spray of Mangenisum Sulphate 30 to 50 gram per litre of water. Soil application of 1.5 kg of dolomite tree/year","https://agritech.tnau.ac.in/horticulture/plant_nutri/jackfruit_manganese.html"
"Crop nutrient deficiency & correction","nutrient name read from page title","Horticultural Crops","Fruits","Mango","Nitrogen","Nitrogen","Macro","Deficiency symptoms","Yellow undersized leaves, severe retardation of growth, twigs become yellow in color. Fruits smaller and mature early. Leaves small with general yellowing","https://agritech.tnau.ac.in/horticulture/plant_nutri/mango_nitro.html"
"Crop nutrient deficiency & correction","nutrient name read from page title","Horticultural Crops","Fruits","Mango","Nitrogen","Nitrogen","Macro","Correction measure / remedy","Application of recommended nitrogenous fertilizers (80 kg N/ha) or foliar application of Urea 2-4% at fortnightly intervals.td align=""ri","https://agritech.tnau.ac.in/horticulture/plant_nutri/mango_nitro.html"
"Crop nutrient deficiency & correction","","Horticultural Crops","Fruits","Mango","Phosphorus","Phosphorus","Macro","Deficiency symptoms","Retarded growth premature dropping of older leaves partial die-back from the tip small green younger leaves are borne at the tips of the branches. Some branches show die back. Leaf tip necrosis and premature abscission of leaves.","https://agritech.tnau.ac.in/horticulture/plant_nutri/mango_phos.html"
"Crop nutrient deficiency & correction","","Horticultural Crops","Fruits","Mango","Phosphorus","Phosphorus","Macro","Correction measure / remedy","Soil application of single super phosphate or foliar application of ortho phosphoric acid 0.5 %thrice.td align=""ri","https://agritech.tnau.ac.in/horticulture/plant_nutri/mango_phos.html"
"Crop nutrient deficiency & correction","","Horticultural Crops","Fruits","Mango","Potassium","Potassium","Macro","Deficiency symptoms","Darkening of leaves, reduced growth and vigour. Appearance of white, yellow or orange chlorotic spots in older leaves and distributed irregularly over both under and upper leaf surfaces. Necrotic areas develop along the leaf margins. Poor growth of roots. Die back with tip burn with small leaves.","https://agritech.tnau.ac.in/horticulture/plant_nutri/mango_pota.html"
"Crop nutrient deficiency & correction","","Horticultural Crops","Fruits","Mango","Potassium","Potassium","Macro","Correction measure / remedy","Foliar spray of KCl 2% at fortnightly intervals.td align=""ri","https://agritech.tnau.ac.in/horticulture/plant_nutri/mango_pota.html"
"Crop nutrient deficiency & correction","","Horticultural Crops","Fruits","Mango","Calcium","Calcium","Macro","Deficiency symptoms","Abnormal growth of young leaves and growing points resembling boron deficiency severe deficiency leads to death of the bud.","https://agritech.tnau.ac.in/horticulture/plant_nutri/mango_cal.html"
"Crop nutrient deficiency & correction","","Horticultural Crops","Fruits","Mango","Calcium","Calcium","Macro","Correction measure / remedy","Application of gypsum at 50 kg/ha.td align=""ri","https://agritech.tnau.ac.in/horticulture/plant_nutri/mango_cal.html"
"Crop nutrient deficiency & correction","","Horticultural Crops","Fruits","Mango","Magnesium","Magnesium","Macro","Deficiency symptoms","Reduction in growth premature defoliation yellowish brown chlorosis featured by a green wedge down the central part of the leaf bronzing starting from the edge of the leaf rounded margin between each pair of lateral veins.","https://agritech.tnau.ac.in/horticulture/plant_nutri/mango_magnes.html"
"Crop nutrient deficiency & correction","","Horticultural Crops","Fruits","Mango","Magnesium","Magnesium","Macro","Correction measure / remedy","Soil application of MgSO4 5-10 kg/ha a foliar spray of MgSO4 2% at fortnightly intervals.td align=""ri","https://agritech.tnau.ac.in/horticulture/plant_nutri/mango_magnes.html"
"Crop nutrient deficiency & correction","","Horticultural Crops","Fruits","Mango","Sulphur","Sulphur","Macro","Deficiency symptoms","Symptoms first appear on young leaves with fading of green colour. Growth is stunted. Leaf tip remains green and with severe deficiency the whole leaf turns yellow.","https://agritech.tnau.ac.in/horticulture/plant_nutri/mango_sul.html"
"Crop nutrient deficiency & correction","","Horticultural Crops","Fruits","Mango","Sulphur","Sulphur","Macro","Correction measure / remedy","Soil application of sulphur fertilizertd align=""ri","https://agritech.tnau.ac.in/horticulture/plant_nutri/mango_sul.html"
"Crop nutrient deficiency & correction","","Horticultural Crops","Fruits","Mango","Boron","Boron","Micro","Deficiency symptoms","Deficiency is common in high rain fall areas, high temperature, soil acidity and calcareous soils. Fruits become brown in colour. Flesh may become soft and watery which cracks down to the centre.","https://agritech.tnau.ac.in/horticulture/plant_nutri/mango_bor.html"
"Crop nutrient deficiency & correction","","Horticultural Crops","Fruits","Mango","Boron","Boron","Micro","Correction measure / remedy","Application of 5-10 kg Borax / ha a foliar spray of 0.25% Borax at 10 days interval or solubor at 300 gm/ 100litres of water.td align=""ri","https://agritech.tnau.ac.in/horticulture/plant_nutri/mango_bor.html"
"Crop nutrient deficiency & correction","","Horticultural Crops","Fruits","Mango","Copper","Copper","Micro","Deficiency symptoms","Shoots produced on long drooping S-shaped branches of previous growth are weak lose foliage and die back.","https://agritech.tnau.ac.in/horticulture/plant_nutri/mango_copp.html"
"Crop nutrient deficiency & correction","","Horticultural Crops","Fruits","Mango","Copper","Copper","Micro","Correction measure / remedy","Foliar spray of Copper oxy chloride 0.2% at fortnightly intervals.td align=""ri","https://agritech.tnau.ac.in/horticulture/plant_nutri/mango_copp.html"
"Crop nutrient deficiency & correction","","Horticultural Crops","Fruits","Mango","Copper","Copper","Micro","Deficiency symptoms","Shoots produced on long drooping S-shaped branches of previous growth are weak lose foliage and die back.","https://agritech.tnau.ac.in/horticulture/plant_nutri/mango_iro.html"
"Crop nutrient deficiency & correction","","Horticultural Crops","Fruits","Mango","Copper","Copper","Micro","Correction measure / remedy","Foliar spray of Copper oxy chloride 0.2% at fortnightly intervals.td align=""ri","https://agritech.tnau.ac.in/horticulture/plant_nutri/mango_iro.html"
"Crop nutrient deficiency & correction","","Horticultural Crops","Fruits","Mango","Manganese","Manganese","Micro","Deficiency symptoms","Deficiency appears on the middle of the plant. Interveinal chlorosis of leaves. Reduced growth leaf symptoms appear very late leaves show a yellowish green background with a fine network of green veins on the upper surface and disappearing after a few weeks mature leaves thicker and blunted. Specks of light grey to grayish brown colour appear under mid deficiency.","https://agritech.tnau.ac.in/horticulture/plant_nutri/mango_mangan.html"
"Crop nutrient deficiency & correction","","Horticultural Crops","Fruits","Mango","Manganese","Manganese","Micro","Correction measure / remedy","Foliar application of MnSO4 0.2% at fortnightly intervals.td align=""ri","https://agritech.tnau.ac.in/horticulture/plant_nutri/mango_mangan.html"
"Crop nutrient deficiency & correction","","Horticultural Crops","Fruits","Mango","Zinc","Zinc","Micro","Deficiency symptoms","Leaf blade thickens leaf shape is distorted leaf margin up or down the tip may curve back interveinal areas leaves are usually smaller thickened leaf blade brittle spaced leaves show a rosette appearance. Some twigs die back flower panicles of trees showing little leaf symptoms are usually small irregular in shape drooping spikes.","https://agritech.tnau.ac.in/horticulture/plant_nutri/mango_zin.html"
"Crop nutrient deficiency & correction","","Horticultural Crops","Fruits","Mango","Zinc","Zinc","Micro","Correction measure / remedy","Soil application of ZnSO4 10 kg/ha or foliar spray of ZnSO4 0.5% or nitrozinc at 150 ml /100litres of water.td align=""ri","https://agritech.tnau.ac.in/horticulture/plant_nutri/mango_zin.html"
"Crop nutrient deficiency & correction","","Horticultural Crops","Fruits","Papaya","Nitrogen","Nitrogen","Macro","Deficiency symptoms","Nitrogen deficiency causes slow growth and paler leaves with reduced leaf area and rate of leaf production. Leaf petioles short, thin and compressed.","https://agritech.tnau.ac.in/horticulture/plant_nutri/papaya_nitrogen.html"
"Crop nutrient deficiency & correction","","Horticultural Crops","Fruits","Papaya","Nitrogen","Nitrogen","Macro","Correction measure / remedy","Foliar spray of urea@2%","https://agritech.tnau.ac.in/horticulture/plant_nutri/papaya_nitrogen.html"
"Crop nutrient deficiency & correction","","Horticultural Crops","Fruits","Papaya","Phosphorus","Phosphorus","Macro","Deficiency symptoms","The deficiency of P causes complete cessation of elongation,older leaves becoming increasingly irregularly necrotic, leaf production is reduced, and marginal chlorosis and premature death are caused. P deficiency causes a blue or dark green coloration of leaves.","https://agritech.tnau.ac.in/horticulture/plant_nutri/papaya_phosphorus.html"
"Crop nutrient deficiency & correction","","Horticultural Crops","Fruits","Papaya","Phosphorus","Phosphorus","Macro","Correction measure / remedy","Soil application of phosphotic fertilizer as per the recommendation","https://agritech.tnau.ac.in/horticulture/plant_nutri/papaya_phosphorus.html"
"Crop nutrient deficiency & correction","","Horticultural Crops","Fruits","Papaya","Potassium","Potassium","Macro","Deficiency symptoms","Deficiency of potassium causes marked reduction in growth, interval profusely smaller, premature yellowing of plant. Purplish brown patches appear at the base of the petioles. Fruits are badly shaped, poorly filled and unsuitable for marketing.","https://agritech.tnau.ac.in/horticulture/plant_nutri/papaya_potassium.html"
"Crop nutrient deficiency & correction","","Horticultural Crops","Fruits","Papaya","Potassium","Potassium","Macro","Correction measure / remedy","Foliar spray of KCl@2%","https://agritech.tnau.ac.in/horticulture/plant_nutri/papaya_potassium.html"
"Crop nutrient deficiency & correction","","Horticultural Crops","Fruits","Papaya","Magnesium","Magnesium","Macro","Deficiency symptoms","Magnesium deficiency symptoms show green banding around the margin and next to the midrib. Leaves turn yellowish with brown goods on the leaf margin. Plant height reduced marginal yellowing of leaf margin extends towards the midrib. Purplish mottling of leaf petiole and malformation of leaves.","https://agritech.tnau.ac.in/horticulture/plant_nutri/papaya_magnesium.html"
"Crop nutrient deficiency & correction","","Horticultural Crops","Fruits","Papaya","Magnesium","Magnesium","Macro","Correction measure / remedy","Foliar spray of MgSO4@1-2%","https://agritech.tnau.ac.in/horticulture/plant_nutri/papaya_magnesium.html"
"Crop nutrient deficiency & correction","","Horticultural Crops","Fruits","Papaya","Sulphur","Sulphur","Macro","Deficiency symptoms","Deficiency causes chlorosis and delaying of green colour in newly emerging leaves,reduced plant growth and reduced leaf size. The leaf blades become very soft and tear easily.","https://agritech.tnau.ac.in/horticulture/plant_nutri/papaya_sulphur.html"
"Crop nutrient deficiency & correction","","Horticultural Crops","Fruits","Papaya","Sulphur","Sulphur","Macro","Correction measure / remedy","Foliar spray of MgSO4@1%","https://agritech.tnau.ac.in/horticulture/plant_nutri/papaya_sulphur.html"
"Crop nutrient deficiency & correction","","Horticultural Crops","Fruits","Papaya","Boron","Boron","Micro","Deficiency symptoms","Distortion of newer leaves. Ad the growing point dies. Leaves show chlorotic symptom. Bushy appearance of shoot. Leaves show inward cupping with stunted growth.","https://agritech.tnau.ac.in/horticulture/plant_nutri/papaya_boron.html"
"Crop nutrient deficiency & correction","","Horticultural Crops","Fruits","Papaya","Boron","Boron","Micro","Correction measure / remedy","Soil application of borax 2-3 g/plant","https://agritech.tnau.ac.in/horticulture/plant_nutri/papaya_boron.html"
"Crop nutrient deficiency & correction","","Horticultural Crops","Fruits","Papaya","Manganese","Manganese","Micro","Deficiency symptoms","Marginal chlorosis of young leaves, which later turn brown. Fruits with raised spots which are dark brown on black in colour. Leaves give striated appearance from the edges.","https://agritech.tnau.ac.in/horticulture/plant_nutri/papaya_manganese.html"
"Crop nutrient deficiency & correction","","Horticultural Crops","Fruits","Papaya","Manganese","Manganese","Micro","Correction measure / remedy","Foliar spray of MnSO4@1-2%","https://agritech.tnau.ac.in/horticulture/plant_nutri/papaya_manganese.html"
"Crop nutrient deficiency & correction","","Horticultural Crops","Fruits","Peach","Nitrogen","Nitrogen","Macro","Deficiency symptoms","Stunted growth. Pale green to light yellow color (chlorosis) appearing first on older leaves. Depending on the severity of deficiency, the chlorosis could result in the death and / or dropping of the older leaves.","https://agritech.tnau.ac.in/horticulture/plant_nutri/peach_nitrogen.html"
"Crop nutrient deficiency & correction","","Horticultural Crops","Fruits","Peach","Nitrogen","Nitrogen","Macro","Correction measure / remedy","Foliar spray of Urea 1-2 % at fortnightly intervals.","https://agritech.tnau.ac.in/horticulture/plant_nutri/peach_nitrogen.html"
"Crop nutrient deficiency & correction","","Horticultural Crops","Fruits","Peach","Phosphorus","Phosphorus","Macro","Deficiency symptoms","Symptoms appear on older leaves. The leaves are small and narrow with purplish or bronze discolouration. Leaves develop necrotic areas and fall off.","https://agritech.tnau.ac.in/horticulture/plant_nutri/peach_phosphorus.html"
"Crop nutrient deficiency & correction","","Horticultural Crops","Fruits","Peach","Phosphorus","Phosphorus","Macro","Correction measure / remedy","Foliar spray of DAP@2%","https://agritech.tnau.ac.in/horticulture/plant_nutri/peach_phosphorus.html"
"Crop nutrient deficiency & correction","","Horticultural Crops","Fruits","Peach","Potassium","Potassium","Macro","Deficiency symptoms","Chlorosis along the edges of leaves (leaf margin scorching) occurs first in older leaves. Plants lacking K will have slow and stunted growth. Stems are weak. The size of the fruits and the quantity of their production is reduced","https://agritech.tnau.ac.in/horticulture/plant_nutri/peach_potassium.html"
"Crop nutrient deficiency & correction","","Horticultural Crops","Fruits","Peach","Potassium","Potassium","Macro","Correction measure / remedy","Foliar spray of KCl@1-2%","https://agritech.tnau.ac.in/horticulture/plant_nutri/peach_potassium.html"
"Crop nutrient deficiency & correction","","Horticultural Crops","Fruits","Peach","Magnesium","Magnesium","Macro","Deficiency symptoms","Yellowish blotch near the base of leaf, midrib and the outer edge. The leaves become entirely yellow and defoliate.","https://agritech.tnau.ac.in/horticulture/plant_nutri/peach_magnesium.html"
"Crop nutrient deficiency & correction","","Horticultural Crops","Fruits","Peach","Magnesium","Magnesium","Macro","Correction measure / remedy","Foliar spray of MgSO4@1-2%","https://agritech.tnau.ac.in/horticulture/plant_nutri/peach_magnesium.html"
"Crop nutrient deficiency & correction","","Horticultural Crops","Fruits","Peach","Sulphur","Sulphur","Macro","Deficiency symptoms","ounger leaves are chlorotic with evenly, lightly colored veins. Growth rate is retarded and maturity is delayed. Plant stems are stiff, thin and woody. Symptoms may be similar to N deficiency and are most often found in sandy soils.","https://agritech.tnau.ac.in/horticulture/plant_nutri/peach_sulphur.html"
"Crop nutrient deficiency & correction","","Horticultural Crops","Fruits","Peach","Sulphur","Sulphur","Macro","Correction measure / remedy","Soil application of gypsum@20kg/ha","https://agritech.tnau.ac.in/horticulture/plant_nutri/peach_sulphur.html"
"Crop nutrient deficiency & correction","","Horticultural Crops","Fruits","Peach","Iron","Iron","Micro","Deficiency symptoms","Thin leaves with interveinal chlorosis in young leaves. Greein tinge at the base of mid rib. Leaf size reduced. Later the leaves become pale or whitish and shed. Die back symptom older leaves remain green, fruits hand, coarse light coloured.","https://agritech.tnau.ac.in/horticulture/plant_nutri/peach_iron.html"
"Crop nutrient deficiency & correction","","Horticultural Crops","Fruits","Peach","Iron","Iron","Micro","Correction measure / remedy","Foliar spray of FeSO4@0.5%","https://agritech.tnau.ac.in/horticulture/plant_nutri/peach_iron.html"
"Crop nutrient deficiency & correction","","Horticultural Crops","Fruits","Peach","Manganese","Manganese","Micro","Deficiency symptoms","Symptoms first appear as chlorosis in young tissues. Unlike Fe chlorosis symptoms, Mn chlorosis shows up as tiny yellow spots.","https://agritech.tnau.ac.in/horticulture/plant_nutri/peach_manganese.html"
"Crop nutrient deficiency & correction","","Horticultural Crops","Fruits","Peach","Manganese","Manganese","Micro","Correction measure / remedy","Foliar spray of MnSO4 1% at fortnightly interval.","https://agritech.tnau.ac.in/horticulture/plant_nutri/peach_manganese.html"
"Crop nutrient deficiency & correction","","Horticultural Crops","Fruits","Pear","Potassium","Potassium","Macro","Deficiency symptoms","Chlorosis along the edges of leaves (leaf margin scorching) occurs first in older leaves. Plants lacking K will have slow and stunted growth. Stems are weak. The size of seeds and fruits and the quantity of their production is reduced","https://agritech.tnau.ac.in/horticulture/plant_nutri/pear_potassium.html"
"Crop nutrient deficiency & correction","","Horticultural Crops","Fruits","Pear","Potassium","Potassium","Macro","Correction measure / remedy","Soil application of Potassium@2kg/tree/year","https://agritech.tnau.ac.in/horticulture/plant_nutri/pear_potassium.html"
"Crop nutrient deficiency & correction","","Horticultural Crops","Fruits","Pear","Calcium","Calcium","Macro","Deficiency symptoms","Symptoms first appear on the younger leaves and leaf tips. The growing tips of roots and leaves turn brown and die. Newly emerging leaves may stick together at the margins, which causes tearing as the leaves expand and unfurl. Younger leaves may be cupped and crinkled, with the terminal bud deteriorating.","https://agritech.tnau.ac.in/horticulture/plant_nutri/pear_calcium.html"
"Crop nutrient deficiency & correction","","Horticultural Crops","Fruits","Pear","Calcium","Calcium","Macro","Correction measure / remedy","Soil application of gypsum@20kg/ha","https://agritech.tnau.ac.in/horticulture/plant_nutri/pear_calcium.html"
"Crop nutrient deficiency & correction","","Horticultural Crops","Fruits","Pear","Magnesium","Magnesium","Macro","Deficiency symptoms","The deficiency symptom of interveinal chlorosis first appears in older leaves. Leaf tissue between the veins may be yellowish, bronze or reddish, while the leaf veins remain green. In severe cases, symptoms may appear on younger leaves and cause premature leaf drop.","https://agritech.tnau.ac.in/horticulture/plant_nutri/pear_magnesium.html"
"Crop nutrient deficiency & correction","","Horticultural Crops","Fruits","Pear","Magnesium","Magnesium","Macro","Correction measure / remedy","Soil application of MgSO4","https://agritech.tnau.ac.in/horticulture/plant_nutri/pear_magnesium.html"
"Crop nutrient deficiency & correction","","Horticultural Crops","Fruits","Pear","Boron","Boron","Micro","Deficiency symptoms","Stunted growth, first showing symptoms on the growing point and younger leaves. The leaves tend to be thickened and may curl and become brittle.","https://agritech.tnau.ac.in/horticulture/plant_nutri/pear_boron.html"
"Crop nutrient deficiency & correction","","Horticultural Crops","Fruits","Pear","Boron","Boron","Micro","Correction measure / remedy","Soil application of borax 25kg/tree/year","https://agritech.tnau.ac.in/horticulture/plant_nutri/pear_boron.html"
"Crop nutrient deficiency & correction","","Horticultural Crops","Fruits","Pear","Iron","Iron","Micro","Deficiency symptoms","Interveinal chlorosis in younger leaves. The youngest leaves become yellowish.","https://agritech.tnau.ac.in/horticulture/plant_nutri/pear_iron.html"
"Crop nutrient deficiency & correction","","Horticultural Crops","Fruits","Pear","Iron","Iron","Micro","Correction measure / remedy","Soil application of FeSO4@0.5kg/tree.","https://agritech.tnau.ac.in/horticulture/plant_nutri/pear_iron.html"
"Crop nutrient deficiency & correction","","Horticultural Crops","Fruits","Pear","Manganese","Manganese","Micro","Deficiency symptoms","Symptoms first appear as chlorosis in young tissues. Unlike Fe chlorosis symptoms, Mn chlorosis shows up as tiny yellow spots.","https://agritech.tnau.ac.in/horticulture/plant_nutri/pear_manganese.html"
"Crop nutrient deficiency & correction","","Horticultural Crops","Fruits","Pear","Manganese","Manganese","Micro","Correction measure / remedy","Soil application of MnSO4@10kg/ha","https://agritech.tnau.ac.in/horticulture/plant_nutri/pear_manganese.html"
"Crop nutrient deficiency & correction","","Horticultural Crops","Fruits","Pineapple","Nitrogen","Nitrogen","Macro","Deficiency symptoms","Stunted growth. Pale green to light yellow color (chlorosis) appearing first on older leaves, usually starting at the tips. Depending on the severity of deficiency, the chlorosis could result in the death and / or dropping of the older leaves.","https://agritech.tnau.ac.in/horticulture/plant_nutri/pineapple_nitrogen.html"
"Crop nutrient deficiency & correction","","Horticultural Crops","Fruits","Pineapple","Nitrogen","Nitrogen","Macro","Correction measure / remedy","Foliar spray of Urea 1-2 % at fortnightly intervals.","https://agritech.tnau.ac.in/horticulture/plant_nutri/pineapple_nitrogen.html"
"Crop nutrient deficiency & correction","","Horticultural Crops","Fruits","Pineapple","Phosphorus","Phosphorus","Macro","Deficiency symptoms","Symptoms appear on older leaves. The leaves are small and narrow with purplish or bronze discolouration. Leaves develop necrotic areas and fall off.","https://agritech.tnau.ac.in/horticulture/plant_nutri/pineapple_phosphorus.html"
"Crop nutrient deficiency & correction","","Horticultural Crops","Fruits","Pineapple","Phosphorus","Phosphorus","Macro","Correction measure / remedy","Soil application of phosphotic fertilizer or Foliar spray of DAP@2%","https://agritech.tnau.ac.in/horticulture/plant_nutri/pineapple_phosphorus.html"
"Crop nutrient deficiency & correction","","Horticultural Crops","Fruits","Pineapple","Potassium","Potassium","Macro","Deficiency symptoms","Potassium symptoms appear first in older leaves older leaves orange, yellow to pale green colour. Upper surface show reddish purple discoloration. Young leaves remain dark green. Leaves curl down and lose luster and turgidity.","https://agritech.tnau.ac.in/horticulture/plant_nutri/pineapple_potassium.html"
"Crop nutrient deficiency & correction","","Horticultural Crops","Fruits","Pineapple","Potassium","Potassium","Macro","Correction measure / remedy","Foliar spray of K2SO4 1% at fortnightly intervals.","https://agritech.tnau.ac.in/horticulture/plant_nutri/pineapple_potassium.html"
"Crop nutrient deficiency & correction","","Horticultural Crops","Fruits","Pineapple","Calcium","Calcium","Macro","Deficiency symptoms","Young emerging leaves show chlorosis become pale green and curl down. Leaves later turn to greenish pink or red colour. The terminal shoot poorly developed.","https://agritech.tnau.ac.in/horticulture/plant_nutri/pineapple_calcium.html"
"Crop nutrient deficiency & correction","","Horticultural Crops","Fruits","Pineapple","Calcium","Calcium","Macro","Correction measure / remedy","Application of CaSO4 @ 2kg / tree/year.","https://agritech.tnau.ac.in/horticulture/plant_nutri/pineapple_calcium.html"
"Crop nutrient deficiency & correction","","Horticultural Crops","Fruits","Pineapple","Boron","Boron","Micro","Deficiency symptoms","Fruit necrosis which begins with the browning of inner most part of the mesocarpic tissues at the time of endocarp hardening. This is extended towards the epicarp resulting into brownish black areas on the fruit surfaces depending of the severity of the disorder.","https://agritech.tnau.ac.in/horticulture/plant_nutri/pineapple_boron.html"
"Crop nutrient deficiency & correction","","Horticultural Crops","Fruits","Pineapple","Boron","Boron","Micro","Correction measure / remedy","Foliar spray of borax@0.5%","https://agritech.tnau.ac.in/horticulture/plant_nutri/pineapple_boron.html"
"Crop nutrient deficiency & correction","","Horticultural Crops","Fruits","Pineapple","Copper","Copper","Micro","Deficiency symptoms","Plants show overall droopy appearance with shortened intervals between petiole. Size of leaves reduced.","https://agritech.tnau.ac.in/horticulture/plant_nutri/pineapple_copper.html"
"Crop nutrient deficiency & correction","","Horticultural Crops","Fruits","Pineapple","Copper","Copper","Micro","Correction measure / remedy","Foliar spray of 1-2% CuSO4.","https://agritech.tnau.ac.in/horticulture/plant_nutri/pineapple_copper.html"
"Crop nutrient deficiency & correction","","Horticultural Crops","Fruits","Pineapple","Iron","Iron","Micro","Deficiency symptoms","Symptoms are first seen in the youngest leaves. The leaves eventually turn completely chlorotic.","https://agritech.tnau.ac.in/horticulture/plant_nutri/pineapple_iron.html"
"Crop nutrient deficiency & correction","","Horticultural Crops","Fruits","Pineapple","Iron","Iron","Micro","Correction measure / remedy","Foliar spray of FeSO4@0.5-1.0%","https://agritech.tnau.ac.in/horticulture/plant_nutri/pineapple_iron.html"
"Crop nutrient deficiency & correction","","Horticultural Crops","Fruits","Pineapple","Zinc","Zinc","Micro","Deficiency symptoms","Stunted growth narrowing of leaves with pale green or yellow. Inter-veinal chlorosis starting from tip of leaflets and spreading to the remaining area leaving only the midrib green.","https://agritech.tnau.ac.in/horticulture/plant_nutri/pineapple_zinc.html"
"Crop nutrient deficiency & correction","","Horticultural Crops","Fruits","Pineapple","Zinc","Zinc","Micro","Correction measure / remedy","Foliar spray of ZnSO4@0.5%","https://agritech.tnau.ac.in/horticulture/plant_nutri/pineapple_zinc.html"
"Crop nutrient deficiency & correction","","Horticultural Crops","Fruits","Plums","Phosphorus","Phosphorus","Macro","Deficiency symptoms","Symptoms appear on older leaves. The leaves are small and narrow with purplish or bronze discolouration. Leaves develop necrotic areas and fall off.","https://agritech.tnau.ac.in/horticulture/plant_nutri/plums_phosphorus.html"
"Crop nutrient deficiency & correction","","Horticultural Crops","Fruits","Plums","Phosphorus","Phosphorus","Macro","Correction measure / remedy","Foliar spray of DAP 2% at 15 days interval.","https://agritech.tnau.ac.in/horticulture/plant_nutri/plums_phosphorus.html"
"Crop nutrient deficiency & correction","","Horticultural Crops","Fruits","Plums","Calcium","Calcium","Macro","Deficiency symptoms","Young emerging leaves show chlorosis become pale green and curl down. Leaves later turn to greenish pink or red colour. The terminal shoot poorly developed.","https://agritech.tnau.ac.in/horticulture/plant_nutri/plums_calcium.html"
"Crop nutrient deficiency & correction","","Horticultural Crops","Fruits","Plums","Calcium","Calcium","Macro","Correction measure / remedy","Application of CaSO4 @ 2kg / tree/year.","https://agritech.tnau.ac.in/horticulture/plant_nutri/plums_calcium.html"
"Crop nutrient deficiency & correction","","Horticultural Crops","Fruits","Plums","Magnesium","Magnesium","Macro","Deficiency symptoms","Yellowish blotch near the base of leaf, midrib and the outer edge. The leaves become entirely yellow and defoliate.","https://agritech.tnau.ac.in/horticulture/plant_nutri/plums_magnesium.html"
"Crop nutrient deficiency & correction","","Horticultural Crops","Fruits","Plums","Magnesium","Magnesium","Macro","Correction measure / remedy","0.5% MgSO4 foliar spray at fortnightly interval or soil application of 250 g MgSO4 / tree.","https://agritech.tnau.ac.in/horticulture/plant_nutri/plums_magnesium.html"
"Crop nutrient deficiency & correction","","Horticultural Crops","Fruits","Plums","Boron","Boron","Micro","Deficiency symptoms","Premature wilting, water soaked spots on leaves. Premature shedding of leaves, bushing appearance curling of leaves, splitting and curling of veins. Fruits abnormal shape and small.","https://agritech.tnau.ac.in/horticulture/plant_nutri/plums_boron.html"
"Crop nutrient deficiency & correction","","Horticultural Crops","Fruits","Plums","Boron","Boron","Micro","Correction measure / remedy","Foliar spray of borax@0.5%","https://agritech.tnau.ac.in/horticulture/plant_nutri/plums_boron.html"
"Crop nutrient deficiency & correction","","Horticultural Crops","Fruits","Plums","Iron","Iron","Micro","Deficiency symptoms","Thin leaves with interveinal chlorosis in young leaves. Greein tinge at the base of mid rib. Leaf size reduced. Later the leaves become pale or whitish and shed. Die back symptom older leaves remain green, fruits hand, coarse light coloured.","https://agritech.tnau.ac.in/horticulture/plant_nutri/plums_iron.html"
"Crop nutrient deficiency & correction","","Horticultural Crops","Fruits","Plums","Iron","Iron","Micro","Correction measure / remedy","Foliar spray of FeSO4@0.5%","https://agritech.tnau.ac.in/horticulture/plant_nutri/plums_iron.html"
"Crop nutrient deficiency & correction","","Horticultural Crops","Fruits","Pomegranate","Boron","Boron","Micro","Deficiency symptoms","Fruits small, harder, abnormal and crack. Scattered yellow spots on the leaf surface and the leaf tip show burn symptom. Leaves thick and brittle.","https://agritech.tnau.ac.in/horticulture/plant_nutri/pomegranate_boron.html"
"Crop nutrient deficiency & correction","","Horticultural Crops","Fruits","Pomegranate","Boron","Boron","Micro","Correction measure / remedy","Soil application of borax 20 g/tree.","https://agritech.tnau.ac.in/horticulture/plant_nutri/pomegranate_boron.html"
"Crop nutrient deficiency & correction","","Horticultural Crops","Fruits","Sapota","Nitrogen","Nitrogen","Macro","Deficiency symptoms","Stunted growth. The bark of the shoots turned reddish-brown in colour. On elongating shoots the immature leaves were amber to bright red in colour while the mature leaves remained small and yellow-green in colour. Early abscission of leaves, smaller and fewer fruits.","https://agritech.tnau.ac.in/horticulture/plant_nutri/sapota_nitrogen.html"
"Crop nutrient deficiency & correction","","Horticultural Crops","Fruits","Sapota","Nitrogen","Nitrogen","Macro","Correction measure / remedy","Foliar sprays of urea 2% were more effective treatment with 250 g N per tree from both sources increases the fruit weight and yield.","https://agritech.tnau.ac.in/horticulture/plant_nutri/sapota_nitrogen.html"
"Crop nutrient deficiency & correction","","Horticultural Crops","Fruits","Sapota","Phosphorus","Phosphorus","Macro","Deficiency symptoms","Pigmentation seen in older leaves; leaf size become small","https://agritech.tnau.ac.in/horticulture/plant_nutri/sapota_phosphorus.html"
"Crop nutrient deficiency & correction","","Horticultural Crops","Fruits","Sapota","Phosphorus","Phosphorus","Macro","Correction measure / remedy","Foliar spray of DAP 2% at fortnightly intervals.","https://agritech.tnau.ac.in/horticulture/plant_nutri/sapota_phosphorus.html"
"Crop nutrient deficiency & correction","","Horticultural Crops","Fruits","Sapota","Potassium","Potassium","Macro","Deficiency symptoms","Light brown specks scattered all over the leaves which appeared later merged forming necrotic patches between the large veins. Browning on the under side of the leaves and chlorotic areas between veins due to K deficiency.","https://agritech.tnau.ac.in/horticulture/plant_nutri/sapota_potassium.html"
"Crop nutrient deficiency & correction","","Horticultural Crops","Fruits","Sapota","Potassium","Potassium","Macro","Correction measure / remedy","Application of KCl at 80 kg per hectare. Application of K2SO4 instead of potassium chloride to the sapota plants.","https://agritech.tnau.ac.in/horticulture/plant_nutri/sapota_potassium.html"
"Crop nutrient deficiency & correction","","Horticultural Crops","Fruits","Sapota","Calcium","Calcium","Macro","Deficiency symptoms","Tip of the twig and flower bud affected;","https://agritech.tnau.ac.in/horticulture/plant_nutri/sapota_calcium.html"
"Crop nutrient deficiency & correction","","Horticultural Crops","Fruits","Sapota","Calcium","Calcium","Macro","Correction measure / remedy","","https://agritech.tnau.ac.in/horticulture/plant_nutri/sapota_calcium.html"
"Crop nutrient deficiency & correction","","Horticultural Crops","Fruits","Sapota","Magnesium","Magnesium","Macro","Deficiency symptoms","Leaves become lighter green which gradually turned greenish yellow, remaining deeper green along the mid rib and larger veins. Leaves turned yellow with scattered brown lesion on the leaf blade. Interveinial chlorosis on older leaves followed by necrosis of distal leaf edge.","https://agritech.tnau.ac.in/horticulture/plant_nutri/sapota_magnesium.html"
"Crop nutrient deficiency & correction","","Horticultural Crops","Fruits","Sapota","Magnesium","Magnesium","Macro","Correction measure / remedy","Application of dolomite or spraying magnesium nitrate 1% can avoid the deficiency.","https://agritech.tnau.ac.in/horticulture/plant_nutri/sapota_magnesium.html"
"Crop nutrient deficiency & correction","","Horticultural Crops","Fruits","Sapota","Sulphur","Sulphur","Macro","Deficiency symptoms","Yellowing of young leaves; growth of the leaf eill be affected","https://agritech.tnau.ac.in/horticulture/plant_nutri/sapota_sulphur.html"
"Crop nutrient deficiency & correction","","Horticultural Crops","Fruits","Sapota","Sulphur","Sulphur","Macro","Correction measure / remedy","Foliar spray of CaSO4@1%","https://agritech.tnau.ac.in/horticulture/plant_nutri/sapota_sulphur.html"
"Crop nutrient deficiency & correction","","Horticultural Crops","Fruits","Sapota","Boron","Boron","Micro","Deficiency symptoms","Leaves were yellowish-green in colour the older leaves showed signs of burning at the tips and along the margins which abscissed prematurely. The tip burning of young leaves and splits or crack on the midrib and large veins on the underside of the leaf.","https://agritech.tnau.ac.in/horticulture/plant_nutri/sapota_boron.html"
"Crop nutrient deficiency & correction","","Horticultural Crops","Fruits","Sapota","Boron","Boron","Micro","Correction measure / remedy","Soil application of borax at 5 kg/ha.","https://agritech.tnau.ac.in/horticulture/plant_nutri/sapota_boron.html"
"Crop nutrient deficiency & correction","","Horticultural Crops","Fruits","Sapota","Copper","Copper","Micro","Deficiency symptoms","The leaf veins developed a reddish-brown colour, premature defoliation and die back of twigs also occurred. The tip of the twigs developed multiple buds which died soon.","https://agritech.tnau.ac.in/horticulture/plant_nutri/sapota_copper.html"
"Crop nutrient deficiency & correction","","Horticultural Crops","Fruits","Sapota","Copper","Copper","Micro","Correction measure / remedy","Application CuSO4 5 to 10 Kg/ha. Cu-fungicide sprays will be helpful in correcting the deficiency","https://agritech.tnau.ac.in/horticulture/plant_nutri/sapota_copper.html"
"Crop nutrient deficiency & correction","","Horticultural Crops","Fruits","Sapota","Iron","Iron","Micro","Deficiency symptoms","yellowing of young leaves; occurence of interveinal chlorosis","https://agritech.tnau.ac.in/horticulture/plant_nutri/sapota_iron.html"
"Crop nutrient deficiency & correction","","Horticultural Crops","Fruits","Sapota","Iron","Iron","Micro","Correction measure / remedy","Foliar spray of FeSO4@0.5 % at fortnightly intervals","https://agritech.tnau.ac.in/horticulture/plant_nutri/sapota_iron.html"
"Crop nutrient deficiency & correction","","Horticultural Crops","Fruits","Sapota","Manganese","Manganese","Micro","Deficiency symptoms","Light colored spots on the leaves and sometimes necrotic spots also appear. Green bands of varying width appear along the midrib and veins with yellow areas between the veins. Interveinal chlorosis, premature dropping of the leaves and dye back of terminals due to Mn deficiency were also recorded.","https://agritech.tnau.ac.in/horticulture/plant_nutri/sapota_manganese.html"
"Crop nutrient deficiency & correction","","Horticultural Crops","Fruits","Sapota","Manganese","Manganese","Micro","Correction measure / remedy","Spraying of MnSO4-0.3% at fortnightly intervals..","https://agritech.tnau.ac.in/horticulture/plant_nutri/sapota_manganese.html"
"Crop nutrient deficiency & correction","","Horticultural Crops","Fruits","Sapota","Zinc","Zinc","Micro","Deficiency symptoms","Symptoms seen in young leaves; size of the leaf become small","https://agritech.tnau.ac.in/horticulture/plant_nutri/sapota_zinc.html"
"Crop nutrient deficiency & correction","","Horticultural Crops","Fruits","Sapota","Zinc","Zinc","Micro","Correction measure / remedy","Foliar spray of ZnSO4@0.5%","https://agritech.tnau.ac.in/horticulture/plant_nutri/sapota_zinc.html"
"Crop nutrient deficiency & correction","","Horticultural Crops","Fruits","Watermelon","Manganese","Manganese","Micro","Deficiency symptoms","Fine network of green veins as a light green background on young leaves. Leaf remains fairly green. Dark green irregular bands on mature leaves, along the midrib.","https://agritech.tnau.ac.in/horticulture/plant_nutri/watermelon_manganese.html"
"Crop nutrient deficiency & correction","","Horticultural Crops","Fruits","Watermelon","Manganese","Manganese","Micro","Correction measure / remedy","Foliar spray of 0.5% MnSO4.","https://agritech.tnau.ac.in/horticulture/plant_nutri/watermelon_manganese.html"
"Crop nutrient deficiency & correction","","Horticultural Crops","Plantation Crops","Arecanut","Nitrogen","Nitrogen","Macro","Deficiency symptoms","Plants are stunted and generally yellow with lower leaves being most affected. Older leaves are golden yellow colour.","https://agritech.tnau.ac.in/horticulture/plant_nutri/anut_nitro.html"
"Crop nutrient deficiency & correction","","Horticultural Crops","Plantation Crops","Arecanut","Nitrogen","Nitrogen","Macro","Correction measure / remedy","Foliar application of 2% urea thrice at fortnightly interval or soil application of 1-2 kg urea / tree.td align","https://agritech.tnau.ac.in/horticulture/plant_nutri/anut_nitro.html"
"Crop nutrient deficiency & correction","","Horticultural Crops","Plantation Crops","Arecanut","Potassium","Potassium","Macro","Deficiency symptoms","Symptoms first appear on oldest leaves and later spreads to young leaves. Translucent yellow or orange spots develop on leaflets. The tree appears yellow and nicky, the trunk in slender with few short leaves. Leaflets with necrotic areas along the margins which later withero. The midrib remain alive. Yellowing more pronounced and accompanied by irregular brown blotches along the edges of leaflets than along the midrib.","https://agritech.tnau.ac.in/horticulture/plant_nutri/anut_pota.html"
"Crop nutrient deficiency & correction","","Horticultural Crops","Plantation Crops","Arecanut","Potassium","Potassium","Macro","Correction measure / remedy","Soil application of KCl 1.3 kg/tree.td align","https://agritech.tnau.ac.in/horticulture/plant_nutri/anut_pota.html"
"Crop nutrient deficiency & correction","","Horticultural Crops","Plantation Crops","Arecanut","Calcium","Calcium","Macro","Deficiency symptoms","Abnormal growth of young leaves and growing points resembling boron deficiency severe deficiency leads to death of the bud.","https://agritech.tnau.ac.in/horticulture/plant_nutri/anut_cal.html"
"Crop nutrient deficiency & correction","","Horticultural Crops","Plantation Crops","Arecanut","Calcium","Calcium","Macro","Correction measure / remedy","Application of gypsum 2-5 kg/tree/year.td align","https://agritech.tnau.ac.in/horticulture/plant_nutri/anut_cal.html"
"Crop nutrient deficiency & correction","","Horticultural Crops","Plantation Crops","Arecanut","Magnesium","Magnesium","Macro","Deficiency symptoms","Broad light yellow band along the margin of older leaves. The centre of the leaf remaining green. In severe cases leaflet tips may become necrotic. Older leaves become bronzed and dry appearance. Leaflets show necrosis and turn to reddish brown with translucent spots yellowing starts at the tip and spreads to the base.","https://agritech.tnau.ac.in/horticulture/plant_nutri/anut_magnes.html"
"Crop nutrient deficiency & correction","","Horticultural Crops","Plantation Crops","Arecanut","Magnesium","Magnesium","Macro","Correction measure / remedy","Soil application of MgSO4 1-2 kg/tree/year.td align","https://agritech.tnau.ac.in/horticulture/plant_nutri/anut_magnes.html"
"Crop nutrient deficiency & correction","","Horticultural Crops","Plantation Crops","Arecanut","Copper","Copper","Micro","Deficiency symptoms","Reduced growth and dark green colour of leaves, twin led malformed leaves. New leaves shriveled, bushy growth.","https://agritech.tnau.ac.in/horticulture/plant_nutri/anut_copp.html"
"Crop nutrient deficiency & correction","","Horticultural Crops","Plantation Crops","Arecanut","Copper","Copper","Micro","Correction measure / remedy","Foliar spray of CuSO4@0.5%td align","https://agritech.tnau.ac.in/horticulture/plant_nutri/anut_copp.html"
"Crop nutrient deficiency & correction","","Horticultural Crops","Plantation Crops","Arecanut","Zinc","Zinc","Micro","Deficiency symptoms","Irregular and chlorite leaf spots, mottled leaf, small leaves, severe dieback of twigs. The area near midrib and lateral veins remain green. Terminal twigs with narrow small erect leaves.","https://agritech.tnau.ac.in/horticulture/plant_nutri/anut_zinc.html"
"Crop nutrient deficiency & correction","","Horticultural Crops","Plantation Crops","Arecanut","Zinc","Zinc","Micro","Correction measure / remedy","Soil application of ZnSO4@0.5kg/treetd align","https://agritech.tnau.ac.in/horticulture/plant_nutri/anut_zinc.html"
"Crop nutrient deficiency & correction","","Horticultural Crops","Plantation Crops","Cashew","Potassium","Potassium","Macro","Deficiency symptoms","Marginal chlorosis occur in older leaves;severe symptoms will leads to the whole leaf become brown in color","https://agritech.tnau.ac.in/horticulture/plant_nutri/cashew_potassium.html"
"Crop nutrient deficiency & correction","","Horticultural Crops","Plantation Crops","Cashew","Potassium","Potassium","Macro","Correction measure / remedy","Foliar spray of KCl@1%","https://agritech.tnau.ac.in/horticulture/plant_nutri/cashew_potassium.html"
"Crop nutrient deficiency & correction","","Horticultural Crops","Plantation Crops","Cashew","Iron","Iron","Micro","Deficiency symptoms","Chlorosis occur in young leaves; young leaves seem to complete pale yellow in color","https://agritech.tnau.ac.in/horticulture/plant_nutri/cashew_iron.html"
"Crop nutrient deficiency & correction","","Horticultural Crops","Plantation Crops","Cashew","Iron","Iron","Micro","Correction measure / remedy","Foliar spray of FeSO4@0.5%","https://agritech.tnau.ac.in/horticulture/plant_nutri/cashew_iron.html"
"Crop nutrient deficiency & correction","","Horticultural Crops","Plantation Crops","Cashew","Zinc","Zinc","Micro","Deficiency symptoms","Symptoms will appear in young leaves; Occurence of chlorosis in leaves; younger leaves become small","https://agritech.tnau.ac.in/horticulture/plant_nutri/cashew_zinc.html"
"Crop nutrient deficiency & correction","","Horticultural Crops","Plantation Crops","Cashew","Zinc","Zinc","Micro","Correction measure / remedy","Foliar spray of ZnSO4@0.5%","https://agritech.tnau.ac.in/horticulture/plant_nutri/cashew_zinc.html"
"Crop nutrient deficiency & correction","","Horticultural Crops","Plantation Crops","Cocoa","Nitrogen","Nitrogen","Macro","Deficiency symptoms","Leaves pale or yellowish in colour, reduced in size, older leaves finally show tip scorch. • Younger leaves small, yellow or almost white in colour with little or no green associated with the veins • Internodes are compressed and petioles show acute angle with stem","https://agritech.tnau.ac.in/horticulture/plant_nutri/cocoa_N.html"
"Crop nutrient deficiency & correction","","Horticultural Crops","Plantation Crops","Cocoa","Nitrogen","Nitrogen","Macro","Correction measure / remedy","Apply fertilizers in two equal split doses during April-May and September-October @ 100:40:140 g NPK/tree/year • In trees yielding more than 50 fruits per year, apply @ 200:80:280 g NPK/tree/year • Under irrigated conditions, apply the fertilizers in four splits during April-May, September-October, December and February-March • Apply 1/3 of recommended dose during the first year of planting, 2/3 during second year and full dose from the third year onwardstd align","https://agritech.tnau.ac.in/horticulture/plant_nutri/cocoa_N.html"
"Crop nutrient deficiency & correction","","Horticultural Crops","Plantation Crops","Cocoa","Phosphorus","Phosphorus","Macro","Deficiency symptoms","Growth is stunted • Mature leaves paler towards the tip and margin, followed by tip and marginal scorch • Young leaves reduced in size often showing interveinal paleness • Young leaves show acute angle with stem and internodes are compressed","https://agritech.tnau.ac.in/horticulture/plant_nutri/cocoa_P.html"
"Crop nutrient deficiency & correction","","Horticultural Crops","Plantation Crops","Cocoa","Phosphorus","Phosphorus","Macro","Correction measure / remedy","Apply fertilizers in two equal split doses during April-May and September-October @ 100:40:140 g NPK/tree/year • In trees yielding more than 50 fruits per year, apply @ 200:80:280 g NPK/tree/year • Under irrigated conditions, apply the fertilizers in four splits during April-May, September-October, December and February-March • Apply 1/3 of recommended dose during the first year of planting, 2/3 during second year and full dose from the third year onwardstd align","https://agritech.tnau.ac.in/horticulture/plant_nutri/cocoa_P.html"
"Crop nutrient deficiency & correction","","Horticultural Crops","Plantation Crops","Cocoa","Potassium","Potassium","Macro","Deficiency symptoms","Pale yellow areas in interveinal region near leaf margin, which quickly becomes necrotic • Marginal necrosis progresses more rapidly between veins with a yellow zone on inner surface","https://agritech.tnau.ac.in/horticulture/plant_nutri/cocoa_K.html"
"Crop nutrient deficiency & correction","","Horticultural Crops","Plantation Crops","Cocoa","Potassium","Potassium","Macro","Correction measure / remedy","Apply fertilizers in two equal split doses during April-May and September-October @ 100:40:140 g NPK/tree/year • In trees yielding more than 50 fruits per year, apply @ 200:80:280 g NPK/tree/year • Under irrigated conditions, apply the fertilizers in four splits during April-May, September-October, December and February-March • Apply 1/3 of recommended dose during the first year of planting, 2/3 during second year and full dose from the third year onwardstd align","https://agritech.tnau.ac.in/horticulture/plant_nutri/cocoa_K.html"
"Crop nutrient deficiency & correction","","Horticultural Crops","Plantation Crops","Cocoa","Potassium","Potassium","Macro","Deficiency symptoms","Chlorosis occurs in patches, initially. As deficiency advances, the green portion is found only along the sides of the veins, giving a vein-banding appearance to the leaves. The network of veins in each leaf becomes very distinct • Affected leaves show symptoms such as mottling and crinkling with wavy margins and are often malformed • Younger leaves become narrow, small and sickle-shaped showing the characteristic ""little leaf"" symptom • Shortening of internodes cause resetting • Severe deficiency results in premature defoliation followed by dieback of the branches, which causes gradual death of plant.","https://agritech.tnau.ac.in/horticulture/plant_nutri/cocoa_zn.html"
"Crop nutrient deficiency & correction","","Horticultural Crops","Plantation Crops","Cocoa","Potassium","Potassium","Macro","Correction measure / remedy","Foliar spray with 0.5-1.5 % zinc sulphate (5 to 15 g per litre of water) three times a yeartd align","https://agritech.tnau.ac.in/horticulture/plant_nutri/cocoa_zn.html"
"Crop nutrient deficiency & correction","","Horticultural Crops","Plantation Crops","Cocoa","Calcium","Calcium","Macro","Deficiency symptoms","Necrotic areas in interveinal region near leaf margin, which quickly fuses into continuous marginal necrosis of older leaves","https://agritech.tnau.ac.in/horticulture/plant_nutri/cocoa_ca.html"
"Crop nutrient deficiency & correction","","Horticultural Crops","Plantation Crops","Cocoa","Calcium","Calcium","Macro","Correction measure / remedy","Apply Dolomite @ 100 g/plant/year from the third year onwardstd align","https://agritech.tnau.ac.in/horticulture/plant_nutri/cocoa_ca.html"
"Crop nutrient deficiency & correction","","Horticultural Crops","Plantation Crops","Cocoa","Magnesium","Magnesium","Macro","Deficiency symptoms","Necrotic areas in interveinal region near leaf margin. These areas merge quickly leading to continuous marginal necrosis of older leaves • Prominent bright yellow zone in advanced necrotic areas and islands of necrotic tissue also appear in later stages • naffected areas of the leaf pale green than usual and develops oak leaf like pattern.","https://agritech.tnau.ac.in/horticulture/plant_nutri/cocoa_mg.html"
"Crop nutrient deficiency & correction","","Horticultural Crops","Plantation Crops","Cocoa","Magnesium","Magnesium","Macro","Correction measure / remedy","Apply Dolomite @ 100 g/plant/year from the third year onwardstd align","https://agritech.tnau.ac.in/horticulture/plant_nutri/cocoa_mg.html"
"Crop nutrient deficiency & correction","","Horticultural Crops","Plantation Crops","Coconut","Nitrogen","Nitrogen","Macro","Deficiency symptoms","Dull green, yellowish, smaller leaves. Die back of twigs, thin and bushy appearance of tops. Vein chlorosis.","https://agritech.tnau.ac.in/horticulture/plant_nutri/cnut_nitro.html"
"Crop nutrient deficiency & correction","","Horticultural Crops","Plantation Crops","Coconut","Nitrogen","Nitrogen","Macro","Correction measure / remedy","Soil application of urea@1.5 kg/tree/yeartd align","https://agritech.tnau.ac.in/horticulture/plant_nutri/cnut_nitro.html"
"Crop nutrient deficiency & correction","","Horticultural Crops","Plantation Crops","Coconut","Phosphorus","Phosphorus","Macro","Deficiency symptoms","Symptoms appear on older leaves. The leaves are small and narrow with purplish or bronze discolouration. Leaves develop necrotic areas and fall off; flowering is affected.","https://agritech.tnau.ac.in/horticulture/plant_nutri/cnut_phos.html"
"Crop nutrient deficiency & correction","","Horticultural Crops","Plantation Crops","Coconut","Phosphorus","Phosphorus","Macro","Correction measure / remedy","Soil application of Super phosphate@1.5-2.0 kg/tree/yeartd align","https://agritech.tnau.ac.in/horticulture/plant_nutri/cnut_phos.html"
"Crop nutrient deficiency & correction","","Horticultural Crops","Plantation Crops","Coconut","Potassium","Potassium","Macro","Deficiency symptoms","Slower growth, shedding of leaves at blossom tinm. Smaller leaves, twigs die peak, scorching of leaf tips, small brown resinous spots on leaf. Small wrinkled spotted leaves. Small fruits,yellowing and bronzing of leaves become twisted, wrinkled and spindy twigs.","https://agritech.tnau.ac.in/horticulture/plant_nutri/cnut_pota.html"
"Crop nutrient deficiency & correction","","Horticultural Crops","Plantation Crops","Coconut","Potassium","Potassium","Macro","Correction measure / remedy","Soil application og MOP@2kg/tree/yeartd align","https://agritech.tnau.ac.in/horticulture/plant_nutri/cnut_pota.html"
"Crop nutrient deficiency & correction","","Horticultural Crops","Plantation Crops","Coconut","Magnesium","Magnesium","Macro","Deficiency symptoms","Yellowish blotch near the base of leaf, midrib and the outer edge. The leaves become entirely yellow and defoliate.","https://agritech.tnau.ac.in/horticulture/plant_nutri/cnut_magnes.html"
"Crop nutrient deficiency & correction","","Horticultural Crops","Plantation Crops","Coconut","Magnesium","Magnesium","Macro","Correction measure / remedy","Soil application of MgSO4 @ 250g/tree/yeartd align","https://agritech.tnau.ac.in/horticulture/plant_nutri/cnut_magnes.html"
"Crop nutrient deficiency & correction","","Horticultural Crops","Plantation Crops","Coconut","Boron","Boron","Micro","Deficiency symptoms","Young and newly developing leaves become deformed called as little leaf. Leaflets become abnormal which do not split as usual. Leaves have a serrated zigzag appearance. The apical shoot exhibits blackening and death. Sterilising and malformation of reproductive structures. Low and abnormal fruits.","https://agritech.tnau.ac.in/horticulture/plant_nutri/cnut_boron.html"
"Crop nutrient deficiency & correction","","Horticultural Crops","Plantation Crops","Coconut","Boron","Boron","Micro","Correction measure / remedy","Soil application of borax 0.2 to 0.5 kg /tree/tear or foliar spray of borax 0.2%td align","https://agritech.tnau.ac.in/horticulture/plant_nutri/cnut_boron.html"
"Crop nutrient deficiency & correction","","Horticultural Crops","Plantation Crops","Coffee","Nitrogen","Nitrogen","Macro","Deficiency symptoms","Older leaves become yellow in color; reduced leaf size","https://agritech.tnau.ac.in/horticulture/plant_nutri/coffee_nitrogen.html"
"Crop nutrient deficiency & correction","","Horticultural Crops","Plantation Crops","Coffee","Nitrogen","Nitrogen","Macro","Correction measure / remedy","Foliar spray of urea@1%","https://agritech.tnau.ac.in/horticulture/plant_nutri/coffee_nitrogen.html"
"Crop nutrient deficiency & correction","","Horticultural Crops","Plantation Crops","Coffee","Phosphorus","Phosphorus","Macro","Deficiency symptoms","Pink or purple pigmentation appaer in old leaves","https://agritech.tnau.ac.in/horticulture/plant_nutri/coffee_phosphorus.html"
"Crop nutrient deficiency & correction","","Horticultural Crops","Plantation Crops","Coffee","Phosphorus","Phosphorus","Macro","Correction measure / remedy","Foliar spray of DAP@2.0%","https://agritech.tnau.ac.in/horticulture/plant_nutri/coffee_phosphorus.html"
"Crop nutrient deficiency & correction","","Horticultural Crops","Plantation Crops","Coffee","Potassium","Potassium","Macro","Deficiency symptoms","Occurence of marginal chlorosis in older leaves","https://agritech.tnau.ac.in/horticulture/plant_nutri/coffee_potassium.html"
"Crop nutrient deficiency & correction","","Horticultural Crops","Plantation Crops","Coffee","Potassium","Potassium","Macro","Correction measure / remedy","Foliar spray fo K2SO4@1%","https://agritech.tnau.ac.in/horticulture/plant_nutri/coffee_potassium.html"
"Crop nutrient deficiency & correction","","Horticultural Crops","Plantation Crops","Coffee","Calcium","Calcium","Macro","Deficiency symptoms","Characterized narrow land of marginal chlorosis of leaves turning into necrotic fallow. Leaves become small, growth shunted. Youngest leaves with thickened secondary veins. Distal end of midrib interveinal and marginal chlorosis.","https://agritech.tnau.ac.in/horticulture/plant_nutri/coffee_calcium.html"
"Crop nutrient deficiency & correction","","Horticultural Crops","Plantation Crops","Coffee","Calcium","Calcium","Macro","Correction measure / remedy","Foliar spray of CaCl2@1-2%","https://agritech.tnau.ac.in/horticulture/plant_nutri/coffee_calcium.html"
"Crop nutrient deficiency & correction","","Horticultural Crops","Plantation Crops","Coffee","Sulphur","Sulphur","Macro","Deficiency symptoms","Yellowing of young leaves; size of the leaf become small","https://agritech.tnau.ac.in/horticulture/plant_nutri/coffee_sulphur.html"
"Crop nutrient deficiency & correction","","Horticultural Crops","Plantation Crops","Coffee","Sulphur","Sulphur","Macro","Correction measure / remedy","Soil application sulphur fertilizer","https://agritech.tnau.ac.in/horticulture/plant_nutri/coffee_sulphur.html"
"Crop nutrient deficiency & correction","","Horticultural Crops","Plantation Crops","Coffee","Boron","Boron","Micro","Deficiency symptoms","Young and newly developing leaves become deformed called as little leaf. The apical shoot exhibits blackening and death. Sterilising and malformation of reproductive structures. Low and abnormal fruits.","https://agritech.tnau.ac.in/horticulture/plant_nutri/coffee_boron.html"
"Crop nutrient deficiency & correction","","Horticultural Crops","Plantation Crops","Coffee","Boron","Boron","Micro","Correction measure / remedy","Foliar spray of borax 0.2%","https://agritech.tnau.ac.in/horticulture/plant_nutri/coffee_boron.html"
"Crop nutrient deficiency & correction","","Horticultural Crops","Plantation Crops","Coffee","Copper","Copper","Micro","Deficiency symptoms","Reduced growth and dark green colour of leaves, twin led malformed leaves. New leaves shriveled, bushy growth.","https://agritech.tnau.ac.in/horticulture/plant_nutri/coffee_copper.html"
"Crop nutrient deficiency & correction","","Horticultural Crops","Plantation Crops","Coffee","Copper","Copper","Micro","Correction measure / remedy","Foliar spray of CuSO4@0.5%","https://agritech.tnau.ac.in/horticulture/plant_nutri/coffee_copper.html"
"Crop nutrient deficiency & correction","","Horticultural Crops","Plantation Crops","Coffee","Iron","Iron","Micro","Deficiency symptoms","Thin leaves with interveinal chlorosis in young leaves. Green tinge at the base of mid rib. Leaf size reduced. Later the leaves become pale or whitish and shed. Die back symptom older leaves remain green, fruits hand, coarse light coloured.","https://agritech.tnau.ac.in/horticulture/plant_nutri/coffee_iron.html"
"Crop nutrient deficiency & correction","","Horticultural Crops","Plantation Crops","Coffee","Iron","Iron","Micro","Correction measure / remedy","Foliar spray of FeSO4@0.5%","https://agritech.tnau.ac.in/horticulture/plant_nutri/coffee_iron.html"
"Crop nutrient deficiency & correction","","Horticultural Crops","Plantation Crops","Coffee","Manganese","Manganese","Micro","Deficiency symptoms","Fine network of green veins as a light green background on young leaves. Leaf remains fairly green. Dark green irregular bands on mature leaves, along the midrib. White spots develop in interveinal area with die back symptom.","https://agritech.tnau.ac.in/horticulture/plant_nutri/coffee_manganese01.html"
"Crop nutrient deficiency & correction","","Horticultural Crops","Plantation Crops","Coffee","Manganese","Manganese","Micro","Correction measure / remedy","Foliar spray of MnSO4@2%","https://agritech.tnau.ac.in/horticulture/plant_nutri/coffee_manganese01.html"
"Crop nutrient deficiency & correction","","Horticultural Crops","Plantation Crops","Coffee","Zinc","Zinc","Micro","Deficiency symptoms","Yellowing seen in young leaves; leaf size become small","https://agritech.tnau.ac.in/horticulture/plant_nutri/coffee_zinc01.html"
"Crop nutrient deficiency & correction","","Horticultural Crops","Plantation Crops","Coffee","Zinc","Zinc","Micro","Correction measure / remedy","Foliar spray of ZnSO4@0.5%","https://agritech.tnau.ac.in/horticulture/plant_nutri/coffee_zinc01.html"
"Crop nutrient deficiency & correction","","Horticultural Crops","Plantation Crops","Oil Palm","Potassium","Potassium","Macro","Deficiency symptoms","Slower growth, shedding of leaves at blossom tinm. Smaller leaves, twigs die peak, scorching of leaf tips, small brown resinous spots on leaf. Small wrinkled spotted leaves. Small fruits,yellowing and bronzing of leaves become twisted, wrinkled and spindy twigs.","https://agritech.tnau.ac.in/horticulture/plant_nutri/oilpalm_potassium.html"
"Crop nutrient deficiency & correction","","Horticultural Crops","Plantation Crops","Oil Palm","Potassium","Potassium","Macro","Correction measure / remedy","Soil application of MOP@2kg/tree","https://agritech.tnau.ac.in/horticulture/plant_nutri/oilpalm_potassium.html"
"Crop nutrient deficiency & correction","","Horticultural Crops","Plantation Crops","Oil Palm","Magnesium","Magnesium","Macro","Deficiency symptoms","Yellowish blotch near the base of leaf, midrib and the outer edge. The leaves become entirely yellow and defoliate.","https://agritech.tnau.ac.in/horticulture/plant_nutri/oilpalm_magnesium.html"
"Crop nutrient deficiency & correction","","Horticultural Crops","Plantation Crops","Oil Palm","Magnesium","Magnesium","Macro","Correction measure / remedy","Soil application of MgSO4@250g/tree","https://agritech.tnau.ac.in/horticulture/plant_nutri/oilpalm_magnesium.html"
"Crop nutrient deficiency & correction","","Horticultural Crops","Plantation Crops","Oil Palm","Boron","Boron","Micro","Deficiency symptoms","Young and newly developing leaves become deformed. Leaflets become abnormal which do not split as usual. Leaves have a serrated zigzag appearance. The apical shoot exhibits blackening and death. Sterilising and malformation of reproductive structures. Low and abnormal fruits.","https://agritech.tnau.ac.in/horticulture/plant_nutri/oilpalm_boron.html"
"Crop nutrient deficiency & correction","","Horticultural Crops","Plantation Crops","Oil Palm","Boron","Boron","Micro","Correction measure / remedy","Soil application of borax@0.5kg/tree/year","https://agritech.tnau.ac.in/horticulture/plant_nutri/oilpalm_boron.html"
"Crop nutrient deficiency & correction","","Horticultural Crops","Plantation Crops","Tea","Nitrogen","Nitrogen","Macro","Deficiency symptoms","Older leaves become yellow in color; size of the leaf will be affected","https://agritech.tnau.ac.in/horticulture/plant_nutri/tea_nitrogen.html"
"Crop nutrient deficiency & correction","","Horticultural Crops","Plantation Crops","Tea","Nitrogen","Nitrogen","Macro","Correction measure / remedy","Foliar spray of urea@1%","https://agritech.tnau.ac.in/horticulture/plant_nutri/tea_nitrogen.html"
"Crop nutrient deficiency & correction","","Horticultural Crops","Plantation Crops","Tea","Phosphorus","Phosphorus","Macro","Deficiency symptoms","Pigmentation seen in older leaves; stunted plant growth","https://agritech.tnau.ac.in/horticulture/plant_nutri/tea_phosphorus.html"
"Crop nutrient deficiency & correction","","Horticultural Crops","Plantation Crops","Tea","Phosphorus","Phosphorus","Macro","Correction measure / remedy","Foliar sprY of DAP@1%","https://agritech.tnau.ac.in/horticulture/plant_nutri/tea_phosphorus.html"
"Crop nutrient deficiency & correction","","Horticultural Crops","Plantation Crops","Tea","Potassium","Potassium","Macro","Deficiency symptoms","Marginal chlorosis occur in old leaves","https://agritech.tnau.ac.in/horticulture/plant_nutri/tea_potassium.html"
"Crop nutrient deficiency & correction","","Horticultural Crops","Plantation Crops","Tea","Potassium","Potassium","Macro","Correction measure / remedy","Foliar spray of K2SO4@1%","https://agritech.tnau.ac.in/horticulture/plant_nutri/tea_potassium.html"
"Crop nutrient deficiency & correction","","Horticultural Crops","Plantation Crops","Tea","Magnesium","Magnesium","Macro","Deficiency symptoms","Yellowing symptom seen in older leaves","https://agritech.tnau.ac.in/horticulture/plant_nutri/tea_magnesium.html"
"Crop nutrient deficiency & correction","","Horticultural Crops","Plantation Crops","Tea","Magnesium","Magnesium","Macro","Correction measure / remedy","Foliar spray of MgSO4@1.0%","https://agritech.tnau.ac.in/horticulture/plant_nutri/tea_magnesium.html"
"Crop nutrient deficiency & correction","","Horticultural Crops","Plantation Crops","Tea","Sulphur","Sulphur","Macro","Deficiency symptoms","Yellowing of young leaves; elongation of leaf growth will be affected","https://agritech.tnau.ac.in/horticulture/plant_nutri/tea_sulphur.html"
"Crop nutrient deficiency & correction","","Horticultural Crops","Plantation Crops","Tea","Sulphur","Sulphur","Macro","Correction measure / remedy","Foliar spray of CaSO4@1-2%","https://agritech.tnau.ac.in/horticulture/plant_nutri/tea_sulphur.html"
"Crop nutrient deficiency & correction","","Horticultural Crops","Plantation Crops","Tea","Boron","Boron","Micro","Deficiency symptoms","Plant tip and flower bud will be afected; leaf size become small as well as malformed","https://agritech.tnau.ac.in/horticulture/plant_nutri/tea_boron.html"
"Crop nutrient deficiency & correction","","Horticultural Crops","Plantation Crops","Tea","Boron","Boron","Micro","Correction measure / remedy","Foliar spray of borax@0.5%","https://agritech.tnau.ac.in/horticulture/plant_nutri/tea_boron.html"
"Crop nutrient deficiency & correction","","Horticultural Crops","Plantation Crops","Tea","Copper","Copper","Micro","Deficiency symptoms","young leaves become pale yellow in color","https://agritech.tnau.ac.in/horticulture/plant_nutri/tea_copper.html"
"Crop nutrient deficiency & correction","","Horticultural Crops","Plantation Crops","Tea","Copper","Copper","Micro","Correction measure / remedy","Foliar spray of CuSO4@1-2%","https://agritech.tnau.ac.in/horticulture/plant_nutri/tea_copper.html"
"Crop nutrient deficiency & correction","","Horticultural Crops","Plantation Crops","Tea","Iron","Iron","Micro","Deficiency symptoms","Youn leaves become yellow in color; Occurence of interveinal chlorosis","https://agritech.tnau.ac.in/horticulture/plant_nutri/tea_iron.html"
"Crop nutrient deficiency & correction","","Horticultural Crops","Plantation Crops","Tea","Iron","Iron","Micro","Correction measure / remedy","Foliar spray of FeSO4@0.5%","https://agritech.tnau.ac.in/horticulture/plant_nutri/tea_iron.html"
"Crop nutrient deficiency & correction","","Horticultural Crops","Plantation Crops","Tea","Manganese","Manganese","Micro","Deficiency symptoms","Young leaves become yellow; veins remain green in color","https://agritech.tnau.ac.in/horticulture/plant_nutri/tea_manganese.html"
"Crop nutrient deficiency & correction","","Horticultural Crops","Plantation Crops","Tea","Manganese","Manganese","Micro","Correction measure / remedy","Foliar spray of MnSO4@1.0%","https://agritech.tnau.ac.in/horticulture/plant_nutri/tea_manganese.html"
"Crop nutrient deficiency & correction","","Horticultural Crops","Plantation Crops","Tea","Zinc","Zinc","Micro","Deficiency symptoms","Symptoms seen in young leaves; leves become small","https://agritech.tnau.ac.in/horticulture/plant_nutri/tea_zinc.html"
"Crop nutrient deficiency & correction","","Horticultural Crops","Plantation Crops","Tea","Zinc","Zinc","Micro","Correction measure / remedy","Foliar spray of ZnSO4@0.5%","https://agritech.tnau.ac.in/horticulture/plant_nutri/tea_zinc.html"
"Crop nutrient deficiency & correction","","Horticultural Crops","Spices & Condiments","Cardamom","Potassium","Potassium","Macro","Deficiency symptoms","Older leaves show chlorosis. The symptom start form margin and become necrotic brown colour. Drying starts from leaf tip towards base. Leaf become pale green and turns yellow with scorching appearance.","https://agritech.tnau.ac.in/horticulture/plant_nutri/cardamom_potassium.html"
"Crop nutrient deficiency & correction","","Horticultural Crops","Spices & Condiments","Cardamom","Potassium","Potassium","Macro","Correction measure / remedy","Foliar spray of K2SO4 1% at fortnightly intervals.","https://agritech.tnau.ac.in/horticulture/plant_nutri/cardamom_potassium.html"
"Crop nutrient deficiency & correction","","Horticultural Crops","Spices & Condiments","Coriander","Nitrogen","Nitrogen","Macro","Deficiency symptoms","Yellowing of old leaves; stunted plant growth","https://agritech.tnau.ac.in/horticulture/plant_nutri/coriander_nitrogen.html"
"Crop nutrient deficiency & correction","","Horticultural Crops","Spices & Condiments","Coriander","Nitrogen","Nitrogen","Macro","Correction measure / remedy","Foliar spray of urea@1-2%","https://agritech.tnau.ac.in/horticulture/plant_nutri/coriander_nitrogen.html"
"Crop nutrient deficiency & correction","","Horticultural Crops","Spices & Condiments","Ginger","Nitrogen","Nitrogen","Macro","Deficiency symptoms","Yellowing of older leaves; size of the leaf become small; stunted plant growth","https://agritech.tnau.ac.in/horticulture/plant_nutri/ginger_nitrogen.html"
"Crop nutrient deficiency & correction","","Horticultural Crops","Spices & Condiments","Ginger","Nitrogen","Nitrogen","Macro","Correction measure / remedy","Foliar spray of urea@1.0%","https://agritech.tnau.ac.in/horticulture/plant_nutri/ginger_nitrogen.html"
"Crop nutrient deficiency & correction","","Horticultural Crops","Spices & Condiments","Ginger","Potassium","Potassium","Macro","Deficiency symptoms","Marginal chlorosis occur older leaves","https://agritech.tnau.ac.in/horticulture/plant_nutri/ginger_potassium.html"
"Crop nutrient deficiency & correction","","Horticultural Crops","Spices & Condiments","Ginger","Potassium","Potassium","Macro","Correction measure / remedy","Foliar spray of KCl@1.0%","https://agritech.tnau.ac.in/horticulture/plant_nutri/ginger_potassium.html"
"Crop nutrient deficiency & correction","","Horticultural Crops","Spices & Condiments","Ginger","Iron","Iron","Micro","Deficiency symptoms","Chlorosis occur in young leaves","https://agritech.tnau.ac.in/horticulture/plant_nutri/ginger_iron.html"
"Crop nutrient deficiency & correction","","Horticultural Crops","Spices & Condiments","Ginger","Iron","Iron","Micro","Correction measure / remedy","Foliar spray of FeSO4@0.5%","https://agritech.tnau.ac.in/horticulture/plant_nutri/ginger_iron.html"
"Crop nutrient deficiency & correction","","Horticultural Crops","Spices & Condiments","Pepper","Potassium","Potassium","Macro","Deficiency symptoms","Reduced growth. Leaves develop characteristic bronzing followed by necrotic lesions along the veins and leaf fall.","https://agritech.tnau.ac.in/horticulture/plant_nutri/pep_pota.html"
"Crop nutrient deficiency & correction","","Horticultural Crops","Spices & Condiments","Pepper","Potassium","Potassium","Macro","Correction measure / remedy","Soil application of FeSO4@0.5kg/tree . Foliar spray of K2SO4 1% at weekly intervals.td align=""r","https://agritech.tnau.ac.in/horticulture/plant_nutri/pep_pota.html"
"Crop nutrient deficiency & correction","","Horticultural Crops","Spices & Condiments","Pepper","Magnesium","Magnesium","Macro","Deficiency symptoms","Interveinal chlorosis of immature and recently matured leaves. Necrotic lesions develop within the chlorotic areas.","https://agritech.tnau.ac.in/horticulture/plant_nutri/pep_magnes.html"
"Crop nutrient deficiency & correction","","Horticultural Crops","Spices & Condiments","Pepper","Magnesium","Magnesium","Macro","Correction measure / remedy","Soil application of dolomite 0.5kg/tree. Foliar spray of MgSO4 1% at fortnightly intervals.td align=""r","https://agritech.tnau.ac.in/horticulture/plant_nutri/pep_magnes.html"
"Crop nutrient deficiency & correction","","Horticultural Crops","Spices & Condiments","Pepper","Boron","Boron","Micro","Deficiency symptoms","Young leaves become small and malformed","https://agritech.tnau.ac.in/horticulture/plant_nutri/pep_boron.html"
"Crop nutrient deficiency & correction","","Horticultural Crops","Spices & Condiments","Pepper","Boron","Boron","Micro","Correction measure / remedy","Soil application of borax@0.5 kg/treetd align=""r","https://agritech.tnau.ac.in/horticulture/plant_nutri/pep_boron.html"
"Crop nutrient deficiency & correction","","Horticultural Crops","Spices & Condiments","Pepper","Iron","Iron","Micro","Deficiency symptoms","Interveinal chlorosis of young leaves veins remain green and leaf size reduced. In severe cases, whole leaf become chlorotic and yellow and fall.","https://agritech.tnau.ac.in/horticulture/plant_nutri/pep_iron.html"
"Crop nutrient deficiency & correction","","Horticultural Crops","Spices & Condiments","Pepper","Iron","Iron","Micro","Correction measure / remedy","Soil application of FeSO4@0.5 kg/tree. Foliar spray of FeSO4 1.0% at fortnightly intervals.td align=""r","https://agritech.tnau.ac.in/horticulture/plant_nutri/pep_iron.html"
"Crop nutrient deficiency & correction","","Horticultural Crops","Spices & Condiments","Pepper","Manganese","Manganese","Micro","Deficiency symptoms","Yellowing of young leaves; veins remain green","https://agritech.tnau.ac.in/horticulture/plant_nutri/pep_mangan.html"
"Crop nutrient deficiency & correction","","Horticultural Crops","Spices & Condiments","Pepper","Manganese","Manganese","Micro","Correction measure / remedy","Soil application of MnSO4td align=""r","https://agritech.tnau.ac.in/horticulture/plant_nutri/pep_mangan.html"
"Crop nutrient deficiency & correction","","Horticultural Crops","Spices & Condiments","Turmeric","Nitrogen","Nitrogen","Macro","Deficiency symptoms","Pale or yellow green leaves (chlorosis) symptoms appear first in the older leaves. Reddish tints gradually appear at the leaf margins spread toward the midrib or central vein. Leaves are small. Overall growth is markedly reduced. Deficiency results in reduction of rhizome yield.","https://agritech.tnau.ac.in/horticulture/plant_nutri/turmeric_nitrogen.html"
"Crop nutrient deficiency & correction","","Horticultural Crops","Spices & Condiments","Turmeric","Nitrogen","Nitrogen","Macro","Correction measure / remedy","Application of 140 kg N/ha in the form of Urea in five split doses viz. at planting, 30, 60, 90 and 120 DAP along with 60 kg P2O5 and 60 Kg K2O or foliar spray of DAP 2% or 1% Urea twice at weekly interval.","https://agritech.tnau.ac.in/horticulture/plant_nutri/turmeric_nitrogen.html"
"Crop nutrient deficiency & correction","","Horticultural Crops","Spices & Condiments","Turmeric","Phosphorus","Phosphorus","Macro","Deficiency symptoms","Reduced growth, color may intensify, browning or purpling in foliage in some plants, thin stems, reduced lateral breaks, loss of lower leaves.","https://agritech.tnau.ac.in/horticulture/plant_nutri/turmeric_phosphorus.html"
"Crop nutrient deficiency & correction","","Horticultural Crops","Spices & Condiments","Turmeric","Phosphorus","Phosphorus","Macro","Correction measure / remedy","6kg superphosphate in 100 lit of water-is made previous day evening and next day clear filtrate collected. To this add 150g urea, 150g MgSO4, 150g FeSO4, and 100g borax. Mixture should be sprayed in the interval of 15 days till symptoms disappear.","https://agritech.tnau.ac.in/horticulture/plant_nutri/turmeric_phosphorus.html"
"Crop nutrient deficiency & correction","","Horticultural Crops","Spices & Condiments","Turmeric","Potassium","Potassium","Macro","Deficiency symptoms","Reduced growth, shortened internodes, marginal burn or scorch (brown leaf edges), necrotic (dead) spots in the leaf, reduction of lateral breaks and tendency to wilt readily.","https://agritech.tnau.ac.in/horticulture/plant_nutri/turmeric_potassium.html"
"Crop nutrient deficiency & correction","","Horticultural Crops","Spices & Condiments","Turmeric","Potassium","Potassium","Macro","Correction measure / remedy","Application of K at 90 kg/ha in four splits (basal, 60, 90 and 120 DAP) or foliar spray of K2SO4 at 1% at fortnightly interval.","https://agritech.tnau.ac.in/horticulture/plant_nutri/turmeric_potassium.html"
"Crop nutrient deficiency & correction","","Horticultural Crops","Spices & Condiments","Turmeric","Magnesium","Magnesium","Macro","Deficiency symptoms","Symptoms appear on the older leaves. Older leaves may fall off, or they develop a triangular arrowhead at the base of the leaf, near the stalk. Reduction in growth, marginal chlorosis, interveinal chlorotis (yellow between the veins) in some species. Eventually the whole leaf becomes yellow.","https://agritech.tnau.ac.in/horticulture/plant_nutri/turmeric_magnesium.html"
"Crop nutrient deficiency & correction","","Horticultural Crops","Spices & Condiments","Turmeric","Magnesium","Magnesium","Macro","Correction measure / remedy","Foliar spray of Magnesium sulphate @ 0.5%(5g MgSo4 dissolved in 1 lit of water) in the interval of 15 days on the foliage till the symptoms disappear.","https://agritech.tnau.ac.in/horticulture/plant_nutri/turmeric_magnesium.html"
"Crop nutrient deficiency & correction","","Horticultural Crops","Spices & Condiments","Turmeric","Sulphur","Sulphur","Macro","Deficiency symptoms","Stunted plant growth, leaves turn to pale yellow, finally chlorosis sysmptoms will occur.","https://agritech.tnau.ac.in/horticulture/plant_nutri/turmeric_sulphur.html"
"Crop nutrient deficiency & correction","","Horticultural Crops","Spices & Condiments","Turmeric","Sulphur","Sulphur","Macro","Correction measure / remedy","Foliar spray of Magnesium sulphate solution (5gMgSo4 dissolved in 1 lit of water) +10g urea in the interval of 15 days on the foliage till the symptoms disappear.","https://agritech.tnau.ac.in/horticulture/plant_nutri/turmeric_sulphur.html"
"Crop nutrient deficiency & correction","","Horticultural Crops","Spices & Condiments","Turmeric","Iron","Iron","Micro","Deficiency symptoms","The deficiency of iron shows up first in the young leaves of plants, which develop interveinal chlorosis and it progresses rapidly over the entire leaf. In severe cases, the leaves turn completely white.","https://agritech.tnau.ac.in/horticulture/plant_nutri/turmeric_iron.html"
"Crop nutrient deficiency & correction","","Horticultural Crops","Spices & Condiments","Turmeric","Iron","Iron","Micro","Correction measure / remedy","Soil application of FeSO4 at 30kg/ha followed by foliar spray of FeSO4 (2.5 kg/ha) during 3rd, 4th and 5th months.","https://agritech.tnau.ac.in/horticulture/plant_nutri/turmeric_iron.html"
"Crop nutrient deficiency & correction","","Horticultural Crops","Spices & Condiments","Turmeric","Manganese","Manganese","Micro","Deficiency symptoms","Symptoms occur on new growth. Leaves appear mottled, light green to yellow green in-between the veins.","https://agritech.tnau.ac.in/horticulture/plant_nutri/turmeric_manganese.html"
"Crop nutrient deficiency & correction","","Horticultural Crops","Spices & Condiments","Turmeric","Manganese","Manganese","Micro","Correction measure / remedy","Spray with Manganese Sulphate solution 0.5% twice at meekly intervals.","https://agritech.tnau.ac.in/horticulture/plant_nutri/turmeric_manganese.html"
"Crop nutrient deficiency & correction","","Horticultural Crops","Spices & Condiments","Vanilla","Nitrogen","Nitrogen","Macro","Deficiency symptoms","Leaves remain small and develop yellowish green colour. Shoot growth is greatly retarded. The root system although light yellow in colour and relatively sparse, appears healthy. Overall yellowish colour on all the leaves","https://agritech.tnau.ac.in/horticulture/plant_nutri/vanilla_nitragon.html"
"Crop nutrient deficiency & correction","","Horticultural Crops","Spices & Condiments","Vanilla","Nitrogen","Nitrogen","Macro","Correction measure / remedy","Apply organic manure during May-June on surface layer of soil. Apply 120 g of N in the form of leaf mould or FYM (at least 12 kg) in two split doses in June-July and September-October. application of 40-60 g of nitrogen, 20-30 g of phosphorus and 60-100 g of potashto each vine per year besides organic manures such as vermicompost, oil cakes, poultry manure, wood ash, etc.td align","https://agritech.tnau.ac.in/horticulture/plant_nutri/vanilla_nitragon.html"
"Crop nutrient deficiency & correction","","Horticultural Crops","Spices & Condiments","Vanilla","Phosphorus","Phosphorus","Macro","Deficiency symptoms","Reduction in growth and a fading of green in the leaves. Leaves assume an ash-geen colour, with some yellow appearing before they became necrotic at the margins and tips. Leaves shrivel, turn light brown, dry out and remain on the plant. The root systems are very sparse and show considerable dying. The roots, stems and leaves closely resemble vanilla plants dying of root rot","https://agritech.tnau.ac.in/horticulture/plant_nutri/vanilla_phosphorus.html"
"Crop nutrient deficiency & correction","","Horticultural Crops","Spices & Condiments","Vanilla","Phosphorus","Phosphorus","Macro","Correction measure / remedy","Apply organic manure during May-June on surface layer of soil. Apply 120 g of N in the form of leaf mould or FYM (at least 12 kg) in two split doses in June-July and September-October. application of 40-60 g of nitrogen, 20-30 g of phosphorus and 60-100 g of potashto each vine per year besides organic manures such as vermicompost, oil cakes, poultry manure, wood ash, etc.td align","https://agritech.tnau.ac.in/horticulture/plant_nutri/vanilla_phosphorus.html"
"Crop nutrient deficiency & correction","","Horticultural Crops","Spices & Condiments","Vanilla","Potassium","Potassium","Macro","Deficiency symptoms","The intensity of green is greatest in leaves of potassium deficient plants. The leaf size and stem girth is reduced. Marginal and tip burning of leaves not visible deficiency","https://agritech.tnau.ac.in/horticulture/plant_nutri/vanilla_potassium.html"
"Crop nutrient deficiency & correction","","Horticultural Crops","Spices & Condiments","Vanilla","Potassium","Potassium","Macro","Correction measure / remedy","Apply organic manure during May-June on surface layer of soil. Apply 120 g of N in the form of leaf mould or FYM (at least 12 kg) in two split doses in June-July and September-October. application of 40-60 g of nitrogen, 20-30 g of phosphorus and 60-100 g of potashto each vine per year besides organic manures such as vermicompost, oil cakes, poultry manure, wood ash, etc.td align","https://agritech.tnau.ac.in/horticulture/plant_nutri/vanilla_potassium.html"
"Crop nutrient deficiency & correction","","Horticultural Crops","Vegetables","Beetroot","Nitrogen","Nitrogen","Macro","Deficiency symptoms","Slow growth stems thin spindly and hard and fewer lateral shoots. Leaves fade to yellowish green, even yellow, any may trun brown and die in severe cases; lower leaves first affected; leaves are smaller and thinner than normal. Some purpling may develop under low temperature conditions.","https://agritech.tnau.ac.in/horticulture/plant_nutri/beetroot_nitrogen.html"
"Crop nutrient deficiency & correction","","Horticultural Crops","Vegetables","Beetroot","Nitrogen","Nitrogen","Macro","Correction measure / remedy","Foliar spray of Urea 1% at fortnightly intervals.","https://agritech.tnau.ac.in/horticulture/plant_nutri/beetroot_nitrogen.html"
"Crop nutrient deficiency & correction","","Horticultural Crops","Vegetables","Beetroot","Phosphorus","Phosphorus","Macro","Deficiency symptoms","Maturity is delayed stems are thin and woody with shorter than normal growth. Leaves smaller and darker green; undersides have a reddish-purple coloration, on leaf veins, fibrous root development.","https://agritech.tnau.ac.in/horticulture/plant_nutri/beetroot_phosphorus.html"
"Crop nutrient deficiency & correction","","Horticultural Crops","Vegetables","Beetroot","Phosphorus","Phosphorus","Macro","Correction measure / remedy","Foliar application of DAP 2% at fortnightly intervals.","https://agritech.tnau.ac.in/horticulture/plant_nutri/beetroot_phosphorus.html"
"Crop nutrient deficiency & correction","","Horticultural Crops","Vegetables","Beetroot","Potassium","Potassium","Macro","Deficiency symptoms","Stems slender become woody. Basal leaves first affected, grayish yellow or brown colour especially at margins, which develop scorched appearance; specks develop along veins of leaf with chlorotic areas in leaf. Root are poorly developed and discoloured.","https://agritech.tnau.ac.in/horticulture/plant_nutri/beetroot_potassium.html"
"Crop nutrient deficiency & correction","","Horticultural Crops","Vegetables","Beetroot","Potassium","Potassium","Macro","Correction measure / remedy","Foliar spray of 1 to 2 % KCl at fortnightly intervals.","https://agritech.tnau.ac.in/horticulture/plant_nutri/beetroot_potassium.html"
"Crop nutrient deficiency & correction","","Horticultural Crops","Vegetables","Beetroot","Magnesium","Magnesium","Macro","Deficiency symptoms","Loss of healthy green colour between the veins of the older leaves, later spreading to younger leaves. This inter-veinal chlorosis may turn brown, leaves become brittle and older leaves may drop.","https://agritech.tnau.ac.in/horticulture/plant_nutri/beetroot_magnesium.html"
"Crop nutrient deficiency & correction","","Horticultural Crops","Vegetables","Beetroot","Magnesium","Magnesium","Macro","Correction measure / remedy","Foliar spray of MgSO4 1% at fortnightly intervals.","https://agritech.tnau.ac.in/horticulture/plant_nutri/beetroot_magnesium.html"
"Crop nutrient deficiency & correction","","Horticultural Crops","Vegetables","Beetroot","Boron","Boron","Micro","Deficiency symptoms","Plants dwarf and stunted. Leave are small. The young leaves fail to develop, turn brown or black and dies. Leaves assume varigated with yellow and purplish red blotches stalks with longitudinal splits. Leaves twisted rough and gresh appearance. Roots become hard and way.","https://agritech.tnau.ac.in/horticulture/plant_nutri/beetroot_boron.html"
"Crop nutrient deficiency & correction","","Horticultural Crops","Vegetables","Beetroot","Boron","Boron","Micro","Correction measure / remedy","Borax 10kg/ha or Foliar spray of solution (20%B)","https://agritech.tnau.ac.in/horticulture/plant_nutri/beetroot_boron.html"
"Crop nutrient deficiency & correction","","Horticultural Crops","Vegetables","Beetroot","Iron","Iron","Micro","Deficiency symptoms","Interveinal chlorosis which may develop to a more uniform yellow, almost white, in the younger leafs.","https://agritech.tnau.ac.in/horticulture/plant_nutri/beetroot_iron.html"
"Crop nutrient deficiency & correction","","Horticultural Crops","Vegetables","Beetroot","Iron","Iron","Micro","Correction measure / remedy","Foliar spray of FeSO4 0.5% at fortnightly intervals.","https://agritech.tnau.ac.in/horticulture/plant_nutri/beetroot_iron.html"
"Crop nutrient deficiency & correction","","Horticultural Crops","Vegetables","Beetroot","Manganese","Manganese","Micro","Deficiency symptoms","Deformation of leaves with red pigments. Leaves become brittle. Interveinal chlorosis in newly emerging leaves become redder and show narrow chlorotic striping.","https://agritech.tnau.ac.in/horticulture/plant_nutri/beetroot_manganese.html"
"Crop nutrient deficiency & correction","","Horticultural Crops","Vegetables","Beetroot","Manganese","Manganese","Micro","Correction measure / remedy","Foliar spray of 5% MnSO4 twice at fortnight interval.","https://agritech.tnau.ac.in/horticulture/plant_nutri/beetroot_manganese.html"
"Crop nutrient deficiency & correction","","Horticultural Crops","Vegetables","Bhendi (Okra)","Potassium","Potassium","Macro","Deficiency symptoms","Stunted plant growth; old leaves become turn yellow in color and occurence of marginal chlorosis","https://agritech.tnau.ac.in/horticulture/plant_nutri/bhendi_potassium.html"
"Crop nutrient deficiency & correction","","Horticultural Crops","Vegetables","Bhendi (Okra)","Potassium","Potassium","Macro","Correction measure / remedy","Foliar spray of KCl@1%","https://agritech.tnau.ac.in/horticulture/plant_nutri/bhendi_potassium.html"
"Crop nutrient deficiency & correction","","Horticultural Crops","Vegetables","Bhendi (Okra)","Boron","Boron","Micro","Deficiency symptoms","Leaves become brittle; stunted plant growth","https://agritech.tnau.ac.in/horticulture/plant_nutri/bhendi_boron.html"
"Crop nutrient deficiency & correction","","Horticultural Crops","Vegetables","Bhendi (Okra)","Boron","Boron","Micro","Correction measure / remedy","Foliar spray of borax@0.5%","https://agritech.tnau.ac.in/horticulture/plant_nutri/bhendi_boron.html"
"Crop nutrient deficiency & correction","","Horticultural Crops","Vegetables","Bhendi (Okra)","Boron","Boron","Micro","Deficiency symptoms","young leaves become smaller in size; malformed fruits","https://agritech.tnau.ac.in/horticulture/plant_nutri/bhendi_boron01.html"
"Crop nutrient deficiency & correction","","Horticultural Crops","Vegetables","Bhendi (Okra)","Boron","Boron","Micro","Correction measure / remedy","Foliar spray of borax@0.5%","https://agritech.tnau.ac.in/horticulture/plant_nutri/bhendi_boron01.html"
"Crop nutrient deficiency & correction","","Horticultural Crops","Vegetables","Bhendi (Okra)","Iron","Iron","Micro","Deficiency symptoms","Stunted plant growth; chlorosis occur in young leaves","https://agritech.tnau.ac.in/horticulture/plant_nutri/bhendi_iron.html"
"Crop nutrient deficiency & correction","","Horticultural Crops","Vegetables","Bhendi (Okra)","Iron","Iron","Micro","Correction measure / remedy","Foliar spray of FeSO4 @ 05.%","https://agritech.tnau.ac.in/horticulture/plant_nutri/bhendi_iron.html"
"Crop nutrient deficiency & correction","","Horticultural Crops","Vegetables","Bhendi (Okra)","Manganese","Manganese","Micro","Deficiency symptoms","Reduction in internode length was observed about 5 weeks before the leaves showed chlorosis.","https://agritech.tnau.ac.in/horticulture/plant_nutri/bhendi_manganese.html"
"Crop nutrient deficiency & correction","","Horticultural Crops","Vegetables","Bhendi (Okra)","Manganese","Manganese","Micro","Correction measure / remedy","Foliar spray of MnSO4 @0.5%","https://agritech.tnau.ac.in/horticulture/plant_nutri/bhendi_manganese.html"
"Crop nutrient deficiency & correction","","Horticultural Crops","Vegetables","Bhendi (Okra)","Zinc","Zinc","Micro","Deficiency symptoms","Marked depression in leaf production and leaf size occurred within about 3 weeks and leaf mottling developed about 2 weeks later. The stem diameter was reduced.","https://agritech.tnau.ac.in/horticulture/plant_nutri/bhendi_zinc.html"
"Crop nutrient deficiency & correction","","Horticultural Crops","Vegetables","Bhendi (Okra)","Zinc","Zinc","Micro","Correction measure / remedy","Foliar spray of ZnSO4 0.5% or Soil application of 10kg ZnSO4/ha","https://agritech.tnau.ac.in/horticulture/plant_nutri/bhendi_zinc.html"
"Crop nutrient deficiency & correction","","Horticultural Crops","Vegetables","Bitter Gourd","Nitrogen","Nitrogen","Macro","Deficiency symptoms","Stunted plant growth;Old leaves turn yellow in color","https://agritech.tnau.ac.in/horticulture/plant_nutri/bittergourd_nitrogen.html"
"Crop nutrient deficiency & correction","","Horticultural Crops","Vegetables","Bitter Gourd","Nitrogen","Nitrogen","Macro","Correction measure / remedy","Foliar sprray of urea @ 1%","https://agritech.tnau.ac.in/horticulture/plant_nutri/bittergourd_nitrogen.html"
"Crop nutrient deficiency & correction","","Horticultural Crops","Vegetables","Bitter Gourd","Potassium","Potassium","Macro","Deficiency symptoms","Interveinal necrosis of old leaves, puckering, distortion and outward rolling of middle leave.","https://agritech.tnau.ac.in/horticulture/plant_nutri/bittergourd_potassium.html"
"Crop nutrient deficiency & correction","","Horticultural Crops","Vegetables","Bitter Gourd","Potassium","Potassium","Macro","Correction measure / remedy","Foliar spray of 0.2-0.5% K2SO4","https://agritech.tnau.ac.in/horticulture/plant_nutri/bittergourd_potassium.html"
"Crop nutrient deficiency & correction","","Horticultural Crops","Vegetables","Bitter Gourd","Sulphur","Sulphur","Macro","Deficiency symptoms","Stunted plant growth;Chlorosis occur in young leaves","https://agritech.tnau.ac.in/horticulture/plant_nutri/bittergourd_sulphur.html"
"Crop nutrient deficiency & correction","","Horticultural Crops","Vegetables","Bitter Gourd","Sulphur","Sulphur","Macro","Correction measure / remedy","Foliar spray of CaSO4 @ 0.5%","https://agritech.tnau.ac.in/horticulture/plant_nutri/bittergourd_sulphur.html"
"Crop nutrient deficiency & correction","","Horticultural Crops","Vegetables","Bitter Gourd","Boron","Boron","Micro","Deficiency symptoms","Young leaves become brownish and brittle; crinkling of leaves; small and malformed fruits","https://agritech.tnau.ac.in/horticulture/plant_nutri/bittergourd_boron.html"
"Crop nutrient deficiency & correction","","Horticultural Crops","Vegetables","Bitter Gourd","Boron","Boron","Micro","Correction measure / remedy","Foliar spray of sodium molybdate @ 0.5%","https://agritech.tnau.ac.in/horticulture/plant_nutri/bittergourd_boron.html"
"Crop nutrient deficiency & correction","","Horticultural Crops","Vegetables","Bitter Gourd","Iron","Iron","Micro","Deficiency symptoms","Chlorosis occur in young leaves; leaves turn into yellow","https://agritech.tnau.ac.in/horticulture/plant_nutri/bittergourd_iron.html"
"Crop nutrient deficiency & correction","","Horticultural Crops","Vegetables","Bitter Gourd","Iron","Iron","Micro","Correction measure / remedy","Foliar spray of FeSO4@0.5%","https://agritech.tnau.ac.in/horticulture/plant_nutri/bittergourd_iron.html"
"Crop nutrient deficiency & correction","","Horticultural Crops","Vegetables","Bitter Gourd","Manganese","Manganese","Micro","Deficiency symptoms","Symptoms seen in young leaves; leaves become pale yellow","https://agritech.tnau.ac.in/horticulture/plant_nutri/bittergourd_manganese.html"
"Crop nutrient deficiency & correction","","Horticultural Crops","Vegetables","Bitter Gourd","Manganese","Manganese","Micro","Correction measure / remedy","Foliar spray of MnSO4@0.5%","https://agritech.tnau.ac.in/horticulture/plant_nutri/bittergourd_manganese.html"
"Crop nutrient deficiency & correction","","Horticultural Crops","Vegetables","Bitter Gourd","Zinc","Zinc","Micro","Deficiency symptoms","Symptoms will be seen in young leaves; leaves become small","https://agritech.tnau.ac.in/horticulture/plant_nutri/bittergourd_zinc.html"
"Crop nutrient deficiency & correction","","Horticultural Crops","Vegetables","Bitter Gourd","Zinc","Zinc","Micro","Correction measure / remedy","Foliar spray of ZnSO4 @ 0.5%","https://agritech.tnau.ac.in/horticulture/plant_nutri/bittergourd_zinc.html"
"Crop nutrient deficiency & correction","","Horticultural Crops","Vegetables","Bottle Gourd","Potassium","Potassium","Macro","Deficiency symptoms","Lower (old) leaves show puckering and yellowing in interveinal areas and marginal scorching.","https://agritech.tnau.ac.in/horticulture/plant_nutri/bottlegourd_potassium.html"
"Crop nutrient deficiency & correction","","Horticultural Crops","Vegetables","Bottle Gourd","Potassium","Potassium","Macro","Correction measure / remedy","Foliar spray of KCl@1%","https://agritech.tnau.ac.in/horticulture/plant_nutri/bottlegourd_potassium.html"
"Crop nutrient deficiency & correction","","Horticultural Crops","Vegetables","Bottle Gourd","Calcium","Calcium","Macro","Deficiency symptoms","Leaf growth will be affected; terminal flower bud and growth of the fruit will be severely affected","https://agritech.tnau.ac.in/horticulture/plant_nutri/bottlegourd_calcium.html"
"Crop nutrient deficiency & correction","","Horticultural Crops","Vegetables","Bottle Gourd","Calcium","Calcium","Macro","Correction measure / remedy","Foliar spray of CaCl2@0.5%","https://agritech.tnau.ac.in/horticulture/plant_nutri/bottlegourd_calcium.html"
"Crop nutrient deficiency & correction","","Horticultural Crops","Vegetables","Bottle Gourd","Magnesium","Magnesium","Macro","Deficiency symptoms","Symptoms seen in old leaves; ouuurence of interveinal chlorosis","https://agritech.tnau.ac.in/horticulture/plant_nutri/bottlegourd_magnesium.html"
"Crop nutrient deficiency & correction","","Horticultural Crops","Vegetables","Bottle Gourd","Magnesium","Magnesium","Macro","Correction measure / remedy","Foliar spray of MgSO4@0.5%","https://agritech.tnau.ac.in/horticulture/plant_nutri/bottlegourd_magnesium.html"
"Crop nutrient deficiency & correction","","Horticultural Crops","Vegetables","Bottle Gourd","Boron","Boron","Micro","Deficiency symptoms","Buckering of leaves; leaves become brittle when symptoms seem severe","https://agritech.tnau.ac.in/horticulture/plant_nutri/bottlegourd_boron.html"
"Crop nutrient deficiency & correction","","Horticultural Crops","Vegetables","Bottle Gourd","Boron","Boron","Micro","Correction measure / remedy","Foliar spray of borax@0.5%","https://agritech.tnau.ac.in/horticulture/plant_nutri/bottlegourd_boron.html"
"Crop nutrient deficiency & correction","","Horticultural Crops","Vegetables","Bottle Gourd","Iron","Iron","Micro","Deficiency symptoms","Chlorosis occur in young leaves; leaves turn into yellow","https://agritech.tnau.ac.in/horticulture/plant_nutri/bottlegourd_iron.html"
"Crop nutrient deficiency & correction","","Horticultural Crops","Vegetables","Bottle Gourd","Iron","Iron","Micro","Correction measure / remedy","Foliar spray of FeSO4@0.5%","https://agritech.tnau.ac.in/horticulture/plant_nutri/bottlegourd_iron.html"
"Crop nutrient deficiency & correction","","Horticultural Crops","Vegetables","Brinjal","Nitrogen","Nitrogen","Macro","Deficiency symptoms","Light green to a yellowing symptom first occurs in older leaves progressing to the newer leaves. Firing of the older leaves. Leaves plants stunted with hard, fibrous and slender stems. Older leaves become stiff.","https://agritech.tnau.ac.in/horticulture/plant_nutri/brinjal_nitrogen.html"
"Crop nutrient deficiency & correction","","Horticultural Crops","Vegetables","Brinjal","Nitrogen","Nitrogen","Macro","Correction measure / remedy","Foliar spray of Urea 2% twice at weekly interval.","https://agritech.tnau.ac.in/horticulture/plant_nutri/brinjal_nitrogen.html"
"Crop nutrient deficiency & correction","","Horticultural Crops","Vegetables","Brinjal","Potassium","Potassium","Macro","Deficiency symptoms","Older leaves affected first. Leaf tips and margins turn yellow and then become scorched continuing inward to the leaf center. Leaf margin cup downward interveinal leaf necrosis restricted growth. Poorly developed roots and fruit.","https://agritech.tnau.ac.in/horticulture/plant_nutri/brinjal_potassium.html"
"Crop nutrient deficiency & correction","","Horticultural Crops","Vegetables","Brinjal","Potassium","Potassium","Macro","Correction measure / remedy","Foliar application of K2SO4 @1%.","https://agritech.tnau.ac.in/horticulture/plant_nutri/brinjal_potassium.html"
"Crop nutrient deficiency & correction","","Horticultural Crops","Vegetables","Brinjal","Calcium","Calcium","Macro","Deficiency symptoms","Necrosis at tip and margins of newer immature leaves nearest the terminal growth with a distorted appearance stems thick fibrous retarded growth terminal buds die. Brown to Black leathery spots on the underside of fruits.","https://agritech.tnau.ac.in/horticulture/plant_nutri/brinjal_calcium.html"
"Crop nutrient deficiency & correction","","Horticultural Crops","Vegetables","Brinjal","Calcium","Calcium","Macro","Correction measure / remedy","Foliar spray of 2% Calcium sulphate twice at weekly intervals.","https://agritech.tnau.ac.in/horticulture/plant_nutri/brinjal_calcium.html"
"Crop nutrient deficiency & correction","","Horticultural Crops","Vegetables","Brinjal","Magnesium","Magnesium","Macro","Deficiency symptoms","Interveinal chlorosis of older larger leaves veins remain green necrotic areas with time and die. Leaf margins curl upward purple tinting on older leaves smaller fruit.","https://agritech.tnau.ac.in/horticulture/plant_nutri/brinjal_magnesium.html"
"Crop nutrient deficiency & correction","","Horticultural Crops","Vegetables","Brinjal","Magnesium","Magnesium","Macro","Correction measure / remedy","Foliar spray of MgSO4 @2%.","https://agritech.tnau.ac.in/horticulture/plant_nutri/brinjal_magnesium.html"
"Crop nutrient deficiency & correction","","Horticultural Crops","Vegetables","Brinjal","Sulphur","Sulphur","Macro","Deficiency symptoms","Newer leaves light green to yellowish leaf veins appear lighter in color leaf tips cupping downward stems hard fibrous and spindly.","https://agritech.tnau.ac.in/horticulture/plant_nutri/brinjal_sulphur.html"
"Crop nutrient deficiency & correction","","Horticultural Crops","Vegetables","Brinjal","Sulphur","Sulphur","Macro","Correction measure / remedy","Foliar spray of K2SO4 1%.","https://agritech.tnau.ac.in/horticulture/plant_nutri/brinjal_sulphur.html"
"Crop nutrient deficiency & correction","","Horticultural Crops","Vegetables","Brinjal","Boron","Boron","Micro","Deficiency symptoms","Leaves chlorotic small thick brittle and misshapened the base of the new leaves wrinkled or deformed internodes short with a resetting appearance terminal bud dies.","https://agritech.tnau.ac.in/horticulture/plant_nutri/brinjal_boron.html"
"Crop nutrient deficiency & correction","","Horticultural Crops","Vegetables","Brinjal","Boron","Boron","Micro","Correction measure / remedy","Soil application of borax 5Kg/ha or foliar spray of borax 0.2%.","https://agritech.tnau.ac.in/horticulture/plant_nutri/brinjal_boron.html"
"Crop nutrient deficiency & correction","","Horticultural Crops","Vegetables","Brinjal","Iron","Iron","Micro","Deficiency symptoms","Leaf veins remain green interveinal portion turns yellow young leaves small but not deformed.","https://agritech.tnau.ac.in/horticulture/plant_nutri/brinjal_iron.html"
"Crop nutrient deficiency & correction","","Horticultural Crops","Vegetables","Brinjal","Iron","Iron","Micro","Correction measure / remedy","Foliar spray of 0.5% FeSO4","https://agritech.tnau.ac.in/horticulture/plant_nutri/brinjal_iron.html"
"Crop nutrient deficiency & correction","","Horticultural Crops","Vegetables","Brinjal","Manganese","Manganese","Micro","Deficiency symptoms","Upper newer leaves affected first interveinal chlorosis veins remaining green chlorotic sports become necrotic and brown plants stunted.","https://agritech.tnau.ac.in/horticulture/plant_nutri/brinjal_manganese.html"
"Crop nutrient deficiency & correction","","Horticultural Crops","Vegetables","Brinjal","Manganese","Manganese","Micro","Correction measure / remedy","Foliar spray of 0.5% MnSO4","https://agritech.tnau.ac.in/horticulture/plant_nutri/brinjal_manganese.html"
"Crop nutrient deficiency & correction","","Horticultural Crops","Vegetables","Brinjal","Zinc","Zinc","Micro","Deficiency symptoms","Young leaves small and narrow with interveinal yellow to white coloration, Necrotic spotting of older leaves.","https://agritech.tnau.ac.in/horticulture/plant_nutri/brinjal_zinc.html"
"Crop nutrient deficiency & correction","","Horticultural Crops","Vegetables","Brinjal","Zinc","Zinc","Micro","Correction measure / remedy","Soil application of 20-25 Kg ZnSO4/ha or foliar spray of ZnSO4 @ 0.5%.","https://agritech.tnau.ac.in/horticulture/plant_nutri/brinjal_zinc.html"
"Crop nutrient deficiency & correction","","Horticultural Crops","Vegetables","Cabbage","Nitrogen","Nitrogen","Macro","Deficiency symptoms","Yellowing of old leaves; stunted plant growth","https://agritech.tnau.ac.in/horticulture/plant_nutri/cabbage_nitrogen.html"
"Crop nutrient deficiency & correction","","Horticultural Crops","Vegetables","Cabbage","Nitrogen","Nitrogen","Macro","Correction measure / remedy","Foliar spray of urea@1%","https://agritech.tnau.ac.in/horticulture/plant_nutri/cabbage_nitrogen.html"
"Crop nutrient deficiency & correction","","Horticultural Crops","Vegetables","Cabbage","Phosphorus","Phosphorus","Macro","Deficiency symptoms","Pigmentation in old leaves; curd size and quality will be affected","https://agritech.tnau.ac.in/horticulture/plant_nutri/cabbage_phosphorus.html"
"Crop nutrient deficiency & correction","","Horticultural Crops","Vegetables","Cabbage","Phosphorus","Phosphorus","Macro","Correction measure / remedy","Soil application of recommended dose phosphorus and foliar spray of","https://agritech.tnau.ac.in/horticulture/plant_nutri/cabbage_phosphorus.html"
"Crop nutrient deficiency & correction","","Horticultural Crops","Vegetables","Cabbage","Potassium","Potassium","Macro","Deficiency symptoms","Appears first on oldest cabbage leaves as spots shiny green leaves turn dull green, leaf margins turn a yellowish green followed by withering mature heads are loose and smaller. In K-deficient cauliflower, leaf tips turn brown, leaves turn inward and can have a crinkled surface.","https://agritech.tnau.ac.in/horticulture/plant_nutri/cabbage_potassium.html"
"Crop nutrient deficiency & correction","","Horticultural Crops","Vegetables","Cabbage","Potassium","Potassium","Macro","Correction measure / remedy","Foliar spray of K2SO4 1% twice at weekly intervals.","https://agritech.tnau.ac.in/horticulture/plant_nutri/cabbage_potassium.html"
"Crop nutrient deficiency & correction","","Horticultural Crops","Vegetables","Cabbage","Calcium","Calcium","Macro","Deficiency symptoms","Leaf growth will be inhibited; scorching symptoms occur in new leaves","https://agritech.tnau.ac.in/horticulture/plant_nutri/cabbage_calcium.html"
"Crop nutrient deficiency & correction","","Horticultural Crops","Vegetables","Cabbage","Calcium","Calcium","Macro","Correction measure / remedy","Foliar spray of CaCl2@1%","https://agritech.tnau.ac.in/horticulture/plant_nutri/cabbage_calcium.html"
"Crop nutrient deficiency & correction","","Horticultural Crops","Vegetables","Cabbage","Magnesium","Magnesium","Macro","Deficiency symptoms","Stunted plant growth; leaves become small; yellowing symptoms occur in old leaves","https://agritech.tnau.ac.in/horticulture/plant_nutri/cabbage_magnesium.html"
"Crop nutrient deficiency & correction","","Horticultural Crops","Vegetables","Cabbage","Magnesium","Magnesium","Macro","Correction measure / remedy","Foliar spray of MgSO4@0.5-1.0%","https://agritech.tnau.ac.in/horticulture/plant_nutri/cabbage_magnesium.html"
"Crop nutrient deficiency & correction","","Horticultural Crops","Vegetables","Cabbage","Sulphur","Sulphur","Macro","Deficiency symptoms","Youngest leaves turned purplish, cupped upward leaf edges rolled in.","https://agritech.tnau.ac.in/horticulture/plant_nutri/cabbage_sulphur.html"
"Crop nutrient deficiency & correction","","Horticultural Crops","Vegetables","Cabbage","Sulphur","Sulphur","Macro","Correction measure / remedy","Soil application of Gypsum 50 kg/ha.","https://agritech.tnau.ac.in/horticulture/plant_nutri/cabbage_sulphur.html"
"Crop nutrient deficiency & correction","","Horticultural Crops","Vegetables","Cabbage","Boron","Boron","Micro","Deficiency symptoms","Apical growing points stop developing leaves thick brittle and irregular chlorosis.","https://agritech.tnau.ac.in/horticulture/plant_nutri/cabbage_boron.html"
"Crop nutrient deficiency & correction","","Horticultural Crops","Vegetables","Cabbage","Boron","Boron","Micro","Correction measure / remedy","Foliar spray of Borax 0.5 % at fortnightly intervals","https://agritech.tnau.ac.in/horticulture/plant_nutri/cabbage_boron.html"
"Crop nutrient deficiency & correction","","Horticultural Crops","Vegetables","Cabbage","Copper","Copper","Micro","Deficiency symptoms",". Symptoms occur in young leaves; leaf growth will be affected; curd size also affected","https://agritech.tnau.ac.in/horticulture/plant_nutri/cabbage_copper.html"
"Crop nutrient deficiency & correction","","Horticultural Crops","Vegetables","Cabbage","Copper","Copper","Micro","Correction measure / remedy","Folia spray of CuSO4@0.5%","https://agritech.tnau.ac.in/horticulture/plant_nutri/cabbage_copper.html"
"Crop nutrient deficiency & correction","","Horticultural Crops","Vegetables","Cabbage","Iron","Iron","Micro","Deficiency symptoms","Chlorosis occur in young leaves; leaves become smaller in size; stunted plant growth","https://agritech.tnau.ac.in/horticulture/plant_nutri/cabbage_iron.html"
"Crop nutrient deficiency & correction","","Horticultural Crops","Vegetables","Cabbage","Iron","Iron","Micro","Correction measure / remedy","Foliar spray of FeSO4@0.5%","https://agritech.tnau.ac.in/horticulture/plant_nutri/cabbage_iron.html"
"Crop nutrient deficiency & correction","","Horticultural Crops","Vegetables","Cabbage","Manganese","Manganese","Micro","Deficiency symptoms","Symptoms seen in young leaves; occurence of chlorosis; leaves become pale yellow in color","https://agritech.tnau.ac.in/horticulture/plant_nutri/cabbage_manganese.html"
"Crop nutrient deficiency & correction","","Horticultural Crops","Vegetables","Cabbage","Manganese","Manganese","Micro","Correction measure / remedy","Foliar spray of MnSO4@0.4%","https://agritech.tnau.ac.in/horticulture/plant_nutri/cabbage_manganese.html"
"Crop nutrient deficiency & correction","","Horticultural Crops","Vegetables","Cabbage","Zinc","Zinc","Micro","Deficiency symptoms","Occurence of little leaf symptoms; curd size will be small; chlorosis occur in young leaves","https://agritech.tnau.ac.in/horticulture/plant_nutri/cabbage_zinc.html"
"Crop nutrient deficiency & correction","","Horticultural Crops","Vegetables","Cabbage","Zinc","Zinc","Micro","Correction measure / remedy","Foliar spray of ZnSO4@0.5%","https://agritech.tnau.ac.in/horticulture/plant_nutri/cabbage_zinc.html"
"Crop nutrient deficiency & correction","","Horticultural Crops","Vegetables","Cabbage","Molybdenum","Molybdenum","Micro","Deficiency symptoms","Stunted plant growth with malformed leaves","https://agritech.tnau.ac.in/horticulture/plant_nutri/cabbage_molybdenum.html"
"Crop nutrient deficiency & correction","","Horticultural Crops","Vegetables","Cabbage","Molybdenum","Molybdenum","Micro","Correction measure / remedy","Foliar spray of sodium molybdate @ 10mg/litre","https://agritech.tnau.ac.in/horticulture/plant_nutri/cabbage_molybdenum.html"
"Crop nutrient deficiency & correction","","Horticultural Crops","Vegetables","Carrot","Nitrogen","Nitrogen","Macro","Deficiency symptoms","The Number and size of leaves were reduced and pale green colour of leaves change to yellow roots because thin, stiff and fibrous.","https://agritech.tnau.ac.in/horticulture/plant_nutri/carrot_nitrogen.html"
"Crop nutrient deficiency & correction","","Horticultural Crops","Vegetables","Carrot","Nitrogen","Nitrogen","Macro","Correction measure / remedy","Foliar spray of urea @1%","https://agritech.tnau.ac.in/horticulture/plant_nutri/carrot_nitrogen.html"
"Crop nutrient deficiency & correction","","Horticultural Crops","Vegetables","Carrot","Phosphorus","Phosphorus","Macro","Deficiency symptoms","Plants were shorter, smaller leaves, distorted in shape and pink tinge appear along margin and veins. Formation of shortage root delayed.","https://agritech.tnau.ac.in/horticulture/plant_nutri/carrot_phosphorus.html"
"Crop nutrient deficiency & correction","","Horticultural Crops","Vegetables","Carrot","Phosphorus","Phosphorus","Macro","Correction measure / remedy","Soil application of recommended dose of Phosphorous fertilizer","https://agritech.tnau.ac.in/horticulture/plant_nutri/carrot_phosphorus.html"
"Crop nutrient deficiency & correction","","Horticultural Crops","Vegetables","Carrot","Potassium","Potassium","Macro","Deficiency symptoms","Leaf colour change to pale yellow and brown scorches appear at laber stages. Violet streaks appear on roots. Growth in retarded.","https://agritech.tnau.ac.in/horticulture/plant_nutri/carrot_potassium.html"
"Crop nutrient deficiency & correction","","Horticultural Crops","Vegetables","Carrot","Potassium","Potassium","Macro","Correction measure / remedy","Foliar spray of KCl@1%","https://agritech.tnau.ac.in/horticulture/plant_nutri/carrot_potassium.html"
"Crop nutrient deficiency & correction","","Horticultural Crops","Vegetables","Carrot","Calcium","Calcium","Macro","Deficiency symptoms","Symptoms are marked on younger plant parts. Leaves become chlorotic fever and roots are smaller.","https://agritech.tnau.ac.in/horticulture/plant_nutri/carrot_calcium.html"
"Crop nutrient deficiency & correction","","Horticultural Crops","Vegetables","Carrot","Calcium","Calcium","Macro","Correction measure / remedy","Foliar spray of CaCl2@0.5-1.0%","https://agritech.tnau.ac.in/horticulture/plant_nutri/carrot_calcium.html"
"Crop nutrient deficiency & correction","","Horticultural Crops","Vegetables","Carrot","Magnesium","Magnesium","Macro","Deficiency symptoms","Chlorotic on nature leaves. Which later abscise and fall off. The roots are smaller in size, stiff and pale in colour.","https://agritech.tnau.ac.in/horticulture/plant_nutri/carrot_magnesium.html"
"Crop nutrient deficiency & correction","","Horticultural Crops","Vegetables","Carrot","Magnesium","Magnesium","Macro","Correction measure / remedy","Foliar spray of MgSO4@0.5-1.0%","https://agritech.tnau.ac.in/horticulture/plant_nutri/carrot_magnesium.html"
"Crop nutrient deficiency & correction","","Horticultural Crops","Vegetables","Carrot","Sulphur","Sulphur","Macro","Deficiency symptoms","Chlorosis occur in young leaves","https://agritech.tnau.ac.in/horticulture/plant_nutri/carrot_sulphur.html"
"Crop nutrient deficiency & correction","","Horticultural Crops","Vegetables","Carrot","Sulphur","Sulphur","Macro","Correction measure / remedy","Foliar spray of CaSO4@05.%","https://agritech.tnau.ac.in/horticulture/plant_nutri/carrot_sulphur.html"
"Crop nutrient deficiency & correction","","Horticultural Crops","Vegetables","Carrot","Boron","Boron","Micro","Deficiency symptoms","Crinkling of leaves; carrot size become smaller","https://agritech.tnau.ac.in/horticulture/plant_nutri/carrot_boron.html"
"Crop nutrient deficiency & correction","","Horticultural Crops","Vegetables","Carrot","Boron","Boron","Micro","Correction measure / remedy","Foliar spray of borax@0.5%","https://agritech.tnau.ac.in/horticulture/plant_nutri/carrot_boron.html"
"Crop nutrient deficiency & correction","","Horticultural Crops","Vegetables","Carrot","Iron","Iron","Micro","Deficiency symptoms","Chlorosis on younger leaves. Storage roots were reduced in size and become pale in colour.","https://agritech.tnau.ac.in/horticulture/plant_nutri/carrot_iron.html"
"Crop nutrient deficiency & correction","","Horticultural Crops","Vegetables","Carrot","Iron","Iron","Micro","Correction measure / remedy","Foliar spray of FeSO4@0.5%","https://agritech.tnau.ac.in/horticulture/plant_nutri/carrot_iron.html"
"Crop nutrient deficiency & correction","","Horticultural Crops","Vegetables","Carrot","Zinc","Zinc","Micro","Deficiency symptoms","Yoyng leaves become smaller i.e. little leaf symptoms. and become yellow in color","https://agritech.tnau.ac.in/horticulture/plant_nutri/carrot_zinc.html"
"Crop nutrient deficiency & correction","","Horticultural Crops","Vegetables","Carrot","Zinc","Zinc","Micro","Correction measure / remedy","Foliar spray of ZnSO4@0.5%","https://agritech.tnau.ac.in/horticulture/plant_nutri/carrot_zinc.html"
"Crop nutrient deficiency & correction","","Horticultural Crops","Vegetables","Cauliflower","Nitrogen","Nitrogen","Macro","Deficiency symptoms","Plants have a uniform yellowish color, with leaves closest to the roots the root system very large oldest leaves will show purpling on underside first and margins of leaves tips will then turn purple followed by whole leaf taking on this color growth is retarded and plants have a poor root system .","https://agritech.tnau.ac.in/horticulture/plant_nutri/cauliflower_nitrogen.html"
"Crop nutrient deficiency & correction","","Horticultural Crops","Vegetables","Cauliflower","Nitrogen","Nitrogen","Macro","Correction measure / remedy","Foliar spray of Urea 1% at fortnightly intervals","https://agritech.tnau.ac.in/horticulture/plant_nutri/cauliflower_nitrogen.html"
"Crop nutrient deficiency & correction","","Horticultural Crops","Vegetables","Cauliflower","Phosphorus","Phosphorus","Macro","Deficiency symptoms","Pink color pigmentation seen in old leaves; stunted plant growth","https://agritech.tnau.ac.in/horticulture/plant_nutri/cauliflower_phosphorus.html"
"Crop nutrient deficiency & correction","","Horticultural Crops","Vegetables","Cauliflower","Phosphorus","Phosphorus","Macro","Correction measure / remedy","Foliar spray of DAP 2% twice at fortnightly interval","https://agritech.tnau.ac.in/horticulture/plant_nutri/cauliflower_phosphorus.html"
"Crop nutrient deficiency & correction","","Horticultural Crops","Vegetables","Cauliflower","Potassium","Potassium","Macro","Deficiency symptoms","Appears first on oldest cabbage leaves as spots shiny green leaves turn dull green, leaf margins turn a yellowish green followed by withering mature heads are loose and smaller. In K-deficient cauliflower, leaf tips turn brown, leaves turn inward and can have a crinkled surface.","https://agritech.tnau.ac.in/horticulture/plant_nutri/cauliflower_potassium.html"
"Crop nutrient deficiency & correction","","Horticultural Crops","Vegetables","Cauliflower","Potassium","Potassium","Macro","Correction measure / remedy","Foliar spray of K2SO4 1% twice at weekly intervals.","https://agritech.tnau.ac.in/horticulture/plant_nutri/cauliflower_potassium.html"
"Crop nutrient deficiency & correction","","Horticultural Crops","Vegetables","Cauliflower","Calcium","Calcium","Macro","Deficiency symptoms","Symptoms appear first in youngest plant parts. Tip burn with chlorotic young leaves. Severe cases breakdown of the heart and dieback of rootlets.","https://agritech.tnau.ac.in/horticulture/plant_nutri/cauliflower_calcium.html"
"Crop nutrient deficiency & correction","","Horticultural Crops","Vegetables","Cauliflower","Calcium","Calcium","Macro","Correction measure / remedy","Soil application of Gypsum 50 kg/ha.","https://agritech.tnau.ac.in/horticulture/plant_nutri/cauliflower_calcium.html"
"Crop nutrient deficiency & correction","","Horticultural Crops","Vegetables","Cauliflower","Magnesium","Magnesium","Macro","Deficiency symptoms","Oldest leaves are affected first interveinal chlorosis with green veins leaf margins stay green at first, but ultimately dry up on cauliflower small chlorotic leaflets. Poor rooting Magnesium deficiency should not be confused with virus infection. Virus infection would be spotty in a field.","https://agritech.tnau.ac.in/horticulture/plant_nutri/cauliflower_magnesium.html"
"Crop nutrient deficiency & correction","","Horticultural Crops","Vegetables","Cauliflower","Magnesium","Magnesium","Macro","Correction measure / remedy","Foliar spray of MgSO4 2% twice at fortnightly interval.","https://agritech.tnau.ac.in/horticulture/plant_nutri/cauliflower_magnesium.html"
"Crop nutrient deficiency & correction","","Horticultural Crops","Vegetables","Cauliflower","Sulphur","Sulphur","Macro","Deficiency symptoms","Youngest leaves turned purplish, cupped upward leaf edges rolled in.","https://agritech.tnau.ac.in/horticulture/plant_nutri/cauliflower_sulphur.html"
"Crop nutrient deficiency & correction","","Horticultural Crops","Vegetables","Cauliflower","Sulphur","Sulphur","Macro","Correction measure / remedy","Soil application of Gypsum 50 kg/ha.","https://agritech.tnau.ac.in/horticulture/plant_nutri/cauliflower_sulphur.html"
"Crop nutrient deficiency & correction","","Horticultural Crops","Vegetables","Cauliflower","Boron","Boron","Micro","Deficiency symptoms","Symptoms occur first on the youngest parts. Youngest leaves turn chlorotic and their tips turn brown later on. Curd does not develop as a compact unit turns purplish â brown appears as it is wilting and leaves may curl downward. Trunk is hollow and when the top is cut off a brownish-colored cavity is found. In B deficient cabbage, cavity is extended into the head. The youngest leaves are chlorotic, leaf edges are scorched and blades turn downward develop poorly.","https://agritech.tnau.ac.in/horticulture/plant_nutri/cauliflower_boron.html"
"Crop nutrient deficiency & correction","","Horticultural Crops","Vegetables","Cauliflower","Boron","Boron","Micro","Correction measure / remedy","Soil application of borax @ 20 kg/ha or Foliar spray of borax 0.5% twice at fortnightly interval.","https://agritech.tnau.ac.in/horticulture/plant_nutri/cauliflower_boron.html"
"Crop nutrient deficiency & correction","","Horticultural Crops","Vegetables","Cauliflower","Copper","Copper","Micro","Deficiency symptoms","Youngest leaves become chlorotic. Growth is stunted and heads are poorly formed. The plant gives a wilted appearance.","https://agritech.tnau.ac.in/horticulture/plant_nutri/cauliflower_copper.html"
"Crop nutrient deficiency & correction","","Horticultural Crops","Vegetables","Cauliflower","Copper","Copper","Micro","Correction measure / remedy","Foliar spray of CuSO4 0.3% twice at fortnightly interval.","https://agritech.tnau.ac.in/horticulture/plant_nutri/cauliflower_copper.html"
"Crop nutrient deficiency & correction","","Horticultural Crops","Vegetables","Cauliflower","Manganese","Manganese","Micro","Deficiency symptoms","Poor growth interveinal chlorosis with dark green main veins of youngest leaves chlorosis extends into the leaf margins. In severe cases the whole leaf turns yellowish.","https://agritech.tnau.ac.in/horticulture/plant_nutri/cauliflower_manganese.html"
"Crop nutrient deficiency & correction","","Horticultural Crops","Vegetables","Cauliflower","Manganese","Manganese","Micro","Correction measure / remedy","Foliar spray of MnSO4 0.3% twice at fortnightly interval.","https://agritech.tnau.ac.in/horticulture/plant_nutri/cauliflower_manganese.html"
"Crop nutrient deficiency & correction","","Horticultural Crops","Vegetables","Cauliflower","Zinc","Zinc","Micro","Deficiency symptoms","Young leaves become small; curd color will be affected","https://agritech.tnau.ac.in/horticulture/plant_nutri/cauliflower_zinc.html"
"Crop nutrient deficiency & correction","","Horticultural Crops","Vegetables","Cauliflower","Zinc","Zinc","Micro","Correction measure / remedy","Foliar spray of ZnSO4 @0.5%","https://agritech.tnau.ac.in/horticulture/plant_nutri/cauliflower_zinc.html"
"Crop nutrient deficiency & correction","","Horticultural Crops","Vegetables","Cauliflower","Molybdenum","Molybdenum","Micro","Deficiency symptoms","Cupping of the leaves and interveinal chlorosis followed by twisting and narrow elongation of leaves. Poor curd development. New leaves become irregular.","https://agritech.tnau.ac.in/horticulture/plant_nutri/cauliflower_molybdenum.html"
"Crop nutrient deficiency & correction","","Horticultural Crops","Vegetables","Cauliflower","Molybdenum","Molybdenum","Micro","Correction measure / remedy","Soil application of 1.0 kg sodium molybdate /ha or Foliar spray of sodium molybdate 0.1% (Soil application of 120kg N, 75 kg P and Mo 1.5kg/ha, 1 kg B/ha).","https://agritech.tnau.ac.in/horticulture/plant_nutri/cauliflower_molybdenum.html"
"Crop nutrient deficiency & correction","","Horticultural Crops","Vegetables","Celery","Magnesium","Magnesium","Macro","Deficiency symptoms","Yellowing of leaves; stunted plant growth","https://agritech.tnau.ac.in/horticulture/plant_nutri/celery_magnesium.html"
"Crop nutrient deficiency & correction","","Horticultural Crops","Vegetables","Celery","Magnesium","Magnesium","Macro","Correction measure / remedy","Foliar spray of MgSO4 @ 0.5%","https://agritech.tnau.ac.in/horticulture/plant_nutri/celery_magnesium.html"
"Crop nutrient deficiency & correction","","Horticultural Crops","Vegetables","Celery","Manganese","Manganese","Micro","Deficiency symptoms","Chlorosis on young leaves","https://agritech.tnau.ac.in/horticulture/plant_nutri/celery_magnesium01.html"
"Crop nutrient deficiency & correction","","Horticultural Crops","Vegetables","Celery","Manganese","Manganese","Micro","Correction measure / remedy","Foliar spray of MnSO4 @ 0.5 %","https://agritech.tnau.ac.in/horticulture/plant_nutri/celery_magnesium01.html"
"Crop nutrient deficiency & correction","","Horticultural Crops","Vegetables","Chillies","Nitrogen","Nitrogen","Macro","Deficiency symptoms","Branches are short, thin small distorted leaves colour changes from light green to yellowish green fruits small and chlorotic","https://agritech.tnau.ac.in/horticulture/plant_nutri/chillies_nitrogen.html"
"Crop nutrient deficiency & correction","","Horticultural Crops","Vegetables","Chillies","Nitrogen","Nitrogen","Macro","Correction measure / remedy","Foliar spray of Urea 1% at fortnightly intervals","https://agritech.tnau.ac.in/horticulture/plant_nutri/chillies_nitrogen.html"
"Crop nutrient deficiency & correction","","Horticultural Crops","Vegetables","Chillies","Phosphorus","Phosphorus","Macro","Deficiency symptoms","Plants stunted leaves small narrow inwardly curved. Older leaves yellowish with pink margin fruits small distorted in shape.","https://agritech.tnau.ac.in/horticulture/plant_nutri/chillies_phosphorus.html"
"Crop nutrient deficiency & correction","","Horticultural Crops","Vegetables","Chillies","Phosphorus","Phosphorus","Macro","Correction measure / remedy","Foliar spray of DAP 2% at fortnightly intervals","https://agritech.tnau.ac.in/horticulture/plant_nutri/chillies_phosphorus.html"
"Crop nutrient deficiency & correction","","Horticultural Crops","Vegetables","Chillies","Potassium","Potassium","Macro","Deficiency symptoms","Growth suppressed leaf number reduced size small colour yellowish necrotic lesions along the veins crinkling leaves and marginal scorch.","https://agritech.tnau.ac.in/horticulture/plant_nutri/chillies_potassium.html"
"Crop nutrient deficiency & correction","","Horticultural Crops","Vegetables","Chillies","Potassium","Potassium","Macro","Correction measure / remedy","Foliar spray of K2SO4 1% at fortnightly intervals","https://agritech.tnau.ac.in/horticulture/plant_nutri/chillies_potassium.html"
"Crop nutrient deficiency & correction","","Horticultural Crops","Vegetables","Chillies","Calcium","Calcium","Macro","Deficiency symptoms","Growth of the plant is reduced symptoms are first seen at the growing points of the plant, which may become necrotic and die. Marginal leaf chlorosis followed by necrosis will be evident on the youngest leaves. Pale brown sunken areas will also develop around the blossom end of the pepper fruits (blossom â end rot or BER). Flower buds will fail to develop. The youngest leaves will remain small and deformed and will tend to curl upward at the margins.","https://agritech.tnau.ac.in/horticulture/plant_nutri/chillies_calcium.html"
"Crop nutrient deficiency & correction","","Horticultural Crops","Vegetables","Chillies","Calcium","Calcium","Macro","Correction measure / remedy","Foliar spray of CaSO4 1% or soil application of gypsum @ 25 kg/ha.","https://agritech.tnau.ac.in/horticulture/plant_nutri/chillies_calcium.html"
"Crop nutrient deficiency & correction","","Horticultural Crops","Vegetables","Chillies","Magnesium","Magnesium","Macro","Deficiency symptoms","Symptoms appear on older leaves first. These are characterized by interveinal chlorosis. As the deficiency progresses, the older leaves die. The largest veins remain green while the smallest do not.","https://agritech.tnau.ac.in/horticulture/plant_nutri/chillies_magnesium.html"
"Crop nutrient deficiency & correction","","Horticultural Crops","Vegetables","Chillies","Magnesium","Magnesium","Macro","Correction measure / remedy","Foliar spray of MgSO4 1% and Urea 1%","https://agritech.tnau.ac.in/horticulture/plant_nutri/chillies_magnesium.html"
"Crop nutrient deficiency & correction","","Horticultural Crops","Vegetables","Chillies","Sulphur","Sulphur","Macro","Deficiency symptoms","Chlorosis occur in young leaves; leaves become small","https://agritech.tnau.ac.in/horticulture/plant_nutri/chillies_sulphur.html"
"Crop nutrient deficiency & correction","","Horticultural Crops","Vegetables","Chillies","Sulphur","Sulphur","Macro","Correction measure / remedy","Foliarspray of CaSO4@0.5 -1.0%","https://agritech.tnau.ac.in/horticulture/plant_nutri/chillies_sulphur.html"
"Crop nutrient deficiency & correction","","Horticultural Crops","Vegetables","Chillies","Boron","Boron","Micro","Deficiency symptoms","Newly emerging leaves are malformed. Plants show shunted growth. Chlorotic streaks appear perpendicular to the veins. Incomplete leaf formation and inhibition of fruit and flower. Deficiency of boron may results in reduction in weight and size of the fruit.","https://agritech.tnau.ac.in/horticulture/plant_nutri/chillies_boron.html"
"Crop nutrient deficiency & correction","","Horticultural Crops","Vegetables","Chillies","Boron","Boron","Micro","Correction measure / remedy","Foliar spray of borax@0.2%","https://agritech.tnau.ac.in/horticulture/plant_nutri/chillies_boron.html"
"Crop nutrient deficiency & correction","","Horticultural Crops","Vegetables","Chillies","Boron","Boron","Micro","Deficiency symptoms","Newly emerging leaves are malformed. Plants show shunted growth. Chlorotic streaks appear perpendicular to the veins. Incomplete leaf formation and inhibition of fruit and flower. Deficiency of boron may results in reduction in weight and size of the fruit.","https://agritech.tnau.ac.in/horticulture/plant_nutri/chillies_boron01.html"
"Crop nutrient deficiency & correction","","Horticultural Crops","Vegetables","Chillies","Boron","Boron","Micro","Correction measure / remedy","Foliar spray of borax@0.2%","https://agritech.tnau.ac.in/horticulture/plant_nutri/chillies_boron01.html"
"Crop nutrient deficiency & correction","","Horticultural Crops","Vegetables","Chillies","Boron","Boron","Micro","Deficiency symptoms","Newly emerging leaves are malformed. Plants show shunted growth. Chlorotic streaks appear perpendicular to the veins. Incomplete leaf formation and inhibition of fruit and flower. Deficiency of boron may results in reduction in weight and size of the fruit.","https://agritech.tnau.ac.in/horticulture/plant_nutri/chillies_boron02.html"
"Crop nutrient deficiency & correction","","Horticultural Crops","Vegetables","Chillies","Boron","Boron","Micro","Correction measure / remedy","Foliar spray of borax@0.2%","https://agritech.tnau.ac.in/horticulture/plant_nutri/chillies_boron02.html"
"Crop nutrient deficiency & correction","","Horticultural Crops","Vegetables","Chillies","Copper","Copper","Micro","Deficiency symptoms","Plants show overall droopy appearance with shortened intervals between petiole. Size of leaves reduced.","https://agritech.tnau.ac.in/horticulture/plant_nutri/chillies_copper.html"
"Crop nutrient deficiency & correction","","Horticultural Crops","Vegetables","Chillies","Copper","Copper","Micro","Correction measure / remedy","Foliar spray of CuSO4@2%","https://agritech.tnau.ac.in/horticulture/plant_nutri/chillies_copper.html"
"Crop nutrient deficiency & correction","","Horticultural Crops","Vegetables","Chillies","Iron","Iron","Micro","Deficiency symptoms","Symptoms are first seen in the youngest leaves. Initially the smallest veins remain green, which produces a reticulate pattern of green veins on yellow leaves. The leaves eventually turn completely chlorotic but there is no associated necrosis.","https://agritech.tnau.ac.in/horticulture/plant_nutri/chillies_iron.html"
"Crop nutrient deficiency & correction","","Horticultural Crops","Vegetables","Chillies","Iron","Iron","Micro","Correction measure / remedy","Foliar spray of FeSO4 0.5% at fortnightly intervals.","https://agritech.tnau.ac.in/horticulture/plant_nutri/chillies_iron.html"
"Crop nutrient deficiency & correction","","Horticultural Crops","Vegetables","Chillies","Manganese","Manganese","Micro","Deficiency symptoms","Marginal chlorosis of young leaves, which later turn brown. Fruits with raised spots which are dark brown on black in colour.","https://agritech.tnau.ac.in/horticulture/plant_nutri/chillies_manganese.html"
"Crop nutrient deficiency & correction","","Horticultural Crops","Vegetables","Chillies","Manganese","Manganese","Micro","Correction measure / remedy","Foliar spray of MnSO4@1-2%","https://agritech.tnau.ac.in/horticulture/plant_nutri/chillies_manganese.html"
"Crop nutrient deficiency & correction","","Horticultural Crops","Vegetables","Chillies","Zinc","Zinc","Micro","Deficiency symptoms","Leaves become small and chlorosis occur in young leaves","https://agritech.tnau.ac.in/horticulture/plant_nutri/chillies_zinc.html"
"Crop nutrient deficiency & correction","","Horticultural Crops","Vegetables","Chillies","Zinc","Zinc","Micro","Correction measure / remedy","Foliar spray of ZnSO4@0.5%","https://agritech.tnau.ac.in/horticulture/plant_nutri/chillies_zinc.html"
"Crop nutrient deficiency & correction","","Horticultural Crops","Vegetables","Cucumber","Nitrogen","Nitrogen","Macro","Deficiency symptoms","Both vegetative growth and fruit production are severely restricted plants appear pale and spindly. New leaves are small but remain green, whereas the oldest leaves turn yellow and die. The yellowing spreads up the shoot to younger leaves. Yield is reduced and fruit are pale, short and thick.","https://agritech.tnau.ac.in/horticulture/plant_nutri/cucumber_nitrogen.html"
"Crop nutrient deficiency & correction","","Horticultural Crops","Vegetables","Cucumber","Nitrogen","Nitrogen","Macro","Correction measure / remedy","Side-dress deficient in-ground crops with 20-50 kg N/ha, or apply fortnightly foliar sprays of 2% urea at high volume.","https://agritech.tnau.ac.in/horticulture/plant_nutri/cucumber_nitrogen.html"
"Crop nutrient deficiency & correction","","Horticultural Crops","Vegetables","Cucumber","Potassium","Potassium","Macro","Deficiency symptoms","Potassium deficiency causes yellowing and scorching or older leaves. These symptoms begin at the margins of the leaf and spread between the veins towards its centre. Large areas of tissue around the major veins remain green until the disorder is well advanced. A brown scorch develops in the yellow areas and spreads until the leaf is dry and papery. Potassium from a fertilizer side-dressing will move from the soil surface to the roots only if the soil is very sandy. Potassium fertilizers are therefore best incorporated in the soil before planting. Fertigation or drip feeding can also be used to treat a deficient crop.","https://agritech.tnau.ac.in/horticulture/plant_nutri/cucumber_potassium.html"
"Crop nutrient deficiency & correction","","Horticultural Crops","Vegetables","Cucumber","Potassium","Potassium","Macro","Correction measure / remedy","Foliar spray of Kcl 1% at weekly interval.","https://agritech.tnau.ac.in/horticulture/plant_nutri/cucumber_potassium.html"
"Crop nutrient deficiency & correction","","Horticultural Crops","Vegetables","Cucumber","Calcium","Calcium","Macro","Deficiency symptoms","Emerging leaves appear scorched and distorted and may cup downwards because the leaf margins have failed to expand fully. Mature and older leaves are generally unaffected. With a severe deficiency, flowers can abort, and the growing point may die. Fruits from calcium-deficient plants are smaller and tasteless, and may fail to develop normally at the blossom end. Injury from calcium deficiency can be reduced by regular foliar sprays of calcium nitrate (800 g/100 L).","https://agritech.tnau.ac.in/horticulture/plant_nutri/cucmber_calcium.html"
"Crop nutrient deficiency & correction","","Horticultural Crops","Vegetables","Cucumber","Calcium","Calcium","Macro","Correction measure / remedy","Application of gypsum / foliar spray of CaSo4 2%.","https://agritech.tnau.ac.in/horticulture/plant_nutri/cucmber_calcium.html"
"Crop nutrient deficiency & correction","","Horticultural Crops","Vegetables","Cucumber","Calcium","Calcium","Macro","Deficiency symptoms","Emerging leaves appear scorched and distorted and may cup downwards because the leaf margins have failed to expand fully. Mature and older leaves are generally unaffected. With a severe deficiency, flowers can abort, and the growing point may die. Fruits from calcium-deficient plants are smaller and tasteless, and may fail to develop normally at the blossom end. Injury from calcium deficiency can be reduced by regular foliar sprays of calcium nitrate (800 g/100 L). • Distortion of newer leaves (in severe cases the growing point dies) and the appearance of a broad yellow border at the margins of the oldest leaves. Young fruit can die or abort; abortion rates are high. Stunted development and mottled yellow longitudinal streaks, which develop into corky marking (scurfing) along the skin.","https://agritech.tnau.ac.in/horticulture/plant_nutri/cucumber_calcium_boron.html"
"Crop nutrient deficiency & correction","","Horticultural Crops","Vegetables","Cucumber","Calcium","Calcium","Macro","Correction measure / remedy","Application of gypsum / foliar spray of CaSo4 2%. • Foliar spray of 0.2% Borax at forthrightly interval. Application of 10 kg borax per hectare to deficient soil before will prevent boron deficiency.","https://agritech.tnau.ac.in/horticulture/plant_nutri/cucumber_calcium_boron.html"
"Crop nutrient deficiency & correction","","Horticultural Crops","Vegetables","Cucumber","Magnesium","Magnesium","Macro","Deficiency symptoms","Magnesium deficiency causes yellowing of older leaves. The symptom begins between the major veins, which retain a narrow green border. A light tan burn will develop in the yellow regions if the deficiency is severe. Fruit yields are reduced.","https://agritech.tnau.ac.in/horticulture/plant_nutri/cucumber_magnesium.html"
"Crop nutrient deficiency & correction","","Horticultural Crops","Vegetables","Cucumber","Magnesium","Magnesium","Macro","Correction measure / remedy","Incorporate magnetite (300 kg/ha) or dolomite (800 kg/ha) into deficient soils before planting. Fortnightly foliar sprays of MgSO4 (2 kg/100 L) at high volume (500-1000 L/ha).","https://agritech.tnau.ac.in/horticulture/plant_nutri/cucumber_magnesium.html"
"Crop nutrient deficiency & correction","","Horticultural Crops","Vegetables","Cucumber","Boron","Boron","Micro","Deficiency symptoms","Distortion of newer leaves (in severe cases the growing point dies) and the appearance of a broad yellow border at the margins of the oldest leaves. Young fruit can die or abort; abortion rates are high. Stunted development and mottled yellow longitudinal streaks, which develop into corky marking (scurfing) along the skin.","https://agritech.tnau.ac.in/horticulture/plant_nutri/cucmber_boron.html"
"Crop nutrient deficiency & correction","","Horticultural Crops","Vegetables","Cucumber","Boron","Boron","Micro","Correction measure / remedy","Foliar spray of 0.2% Borax at forthrightly interval. Application of 10 kg borax per hectare to deficient soil before will prevent boron deficiency.","https://agritech.tnau.ac.in/horticulture/plant_nutri/cucmber_boron.html"
"Crop nutrient deficiency & correction","","Horticultural Crops","Vegetables","Cucumber","Iron","Iron","Micro","Deficiency symptoms","Iron deficiency causes a uniform pale green chlorosis of the newest leaves; all other leaves remain dark green. Initially, the veins remain green, which gives a net-like pattern. If the deficiency is severe, the minor veins also fade, and the leaves may eventually burn, especially if exposed to strong sunlight. Good drainage and soil aeration favour iron availability. Foliar sprays of iron sulphate (150 g/100 L) can be used to treat symptoms","https://agritech.tnau.ac.in/horticulture/plant_nutri/cucumber_iron.html"
"Crop nutrient deficiency & correction","","Horticultural Crops","Vegetables","Cucumber","Iron","Iron","Micro","Correction measure / remedy","Foliar spray of 0.5% FeSO4","https://agritech.tnau.ac.in/horticulture/plant_nutri/cucumber_iron.html"
"Crop nutrient deficiency & correction","","Horticultural Crops","Vegetables","Cucumber","Manganese","Manganese","Micro","Deficiency symptoms","The veins of middle to upper leaves of manganese-deficient plants appear green against the mottled pale green to yellow of the blade.","https://agritech.tnau.ac.in/horticulture/plant_nutri/cucumber_manganese.html"
"Crop nutrient deficiency & correction","","Horticultural Crops","Vegetables","Cucumber","Manganese","Manganese","Micro","Correction measure / remedy","Spray the foliage with MnSO4 (100 g/100 L).","https://agritech.tnau.ac.in/horticulture/plant_nutri/cucumber_manganese.html"
"Crop nutrient deficiency & correction","","Horticultural Crops","Vegetables","Cucumber","Zinc","Zinc","Micro","Deficiency symptoms","Reduction in leaf size, shorting of internodes. Leaves pale green in colour and with green veins.","https://agritech.tnau.ac.in/horticulture/plant_nutri/cucumber_zinc.html"
"Crop nutrient deficiency & correction","","Horticultural Crops","Vegetables","Cucumber","Zinc","Zinc","Micro","Correction measure / remedy","Foliar application of 0.5% ZnSo4 a soil application of 5-10 kg ZnSo4 / ha.","https://agritech.tnau.ac.in/horticulture/plant_nutri/cucumber_zinc.html"
"Crop nutrient deficiency & correction","","Horticultural Crops","Vegetables","Onion","Nitrogen","Nitrogen","Macro","Deficiency symptoms","Leaves become yellowish green erect and upright curled, wilted and dwarf. At maturity tissue above bulbs become soft.","https://agritech.tnau.ac.in/horticulture/plant_nutri/onion_nitrogen.html"
"Crop nutrient deficiency & correction","","Horticultural Crops","Vegetables","Onion","Nitrogen","Nitrogen","Macro","Correction measure / remedy","Foliar spray of Urea 1% or DAP 2% twice at weekly intervals.","https://agritech.tnau.ac.in/horticulture/plant_nutri/onion_nitrogen.html"
"Crop nutrient deficiency & correction","","Horticultural Crops","Vegetables","Onion","Phosphorus","Phosphorus","Macro","Deficiency symptoms","Slow growth, maturity blazed. Leaf colour becomes light green and bulbs have few dried outer peals. Tip burn in older leaves.","https://agritech.tnau.ac.in/horticulture/plant_nutri/onion_phosphorus.html"
"Crop nutrient deficiency & correction","","Horticultural Crops","Vegetables","Onion","Phosphorus","Phosphorus","Macro","Correction measure / remedy","Foliar spray of DAP 2% twice at fortnightly intervals","https://agritech.tnau.ac.in/horticulture/plant_nutri/onion_phosphorus.html"
"Crop nutrient deficiency & correction","","Horticultural Crops","Vegetables","Onion","Potassium","Potassium","Macro","Deficiency symptoms","Tip burn symptoms, leaves become dark green and erect. Bolting promoted. Older leaves become yellow and necrotic.","https://agritech.tnau.ac.in/horticulture/plant_nutri/onion_potassium.html"
"Crop nutrient deficiency & correction","","Horticultural Crops","Vegetables","Onion","Potassium","Potassium","Macro","Correction measure / remedy","Foliar spray of K2SO4 1% twice at weekly intervals.","https://agritech.tnau.ac.in/horticulture/plant_nutri/onion_potassium.html"
"Crop nutrient deficiency & correction","","Horticultural Crops","Vegetables","Onion","Calcium","Calcium","Macro","Deficiency symptoms","Occurence of chlorosis;","https://agritech.tnau.ac.in/horticulture/plant_nutri/onion_calcium.html"
"Crop nutrient deficiency & correction","","Horticultural Crops","Vegetables","Onion","Calcium","Calcium","Macro","Correction measure / remedy","Foliar spray of CaCl2@1%","https://agritech.tnau.ac.in/horticulture/plant_nutri/onion_calcium.html"
"Crop nutrient deficiency & correction","","Horticultural Crops","Vegetables","Onion","Magnesium","Magnesium","Macro","Deficiency symptoms","Irregular elliptical shaped areas on leaves. The leaf tips slow white colour","https://agritech.tnau.ac.in/horticulture/plant_nutri/onion_magnesium.html"
"Crop nutrient deficiency & correction","","Horticultural Crops","Vegetables","Onion","Magnesium","Magnesium","Macro","Correction measure / remedy","Foliar spray of MgSO4 0.5% twice at weekly interval","https://agritech.tnau.ac.in/horticulture/plant_nutri/onion_magnesium.html"
"Crop nutrient deficiency & correction","","Horticultural Crops","Vegetables","Onion","Sulphur","Sulphur","Macro","Deficiency symptoms","Yellowing of young leaves","https://agritech.tnau.ac.in/horticulture/plant_nutri/onion_sulphur.html"
"Crop nutrient deficiency & correction","","Horticultural Crops","Vegetables","Onion","Sulphur","Sulphur","Macro","Correction measure / remedy","Foliar spray of MgSO4","https://agritech.tnau.ac.in/horticulture/plant_nutri/onion_sulphur.html"
"Crop nutrient deficiency & correction","","Horticultural Crops","Vegetables","Onion","Copper","Copper","Micro","Deficiency symptoms","Scales become this and pale yellow colour. The bulbs lack firmners and solidity and early maturation leaves slow tip burn with Chlorate mottling.","https://agritech.tnau.ac.in/horticulture/plant_nutri/onion_copper.html"
"Crop nutrient deficiency & correction","","Horticultural Crops","Vegetables","Onion","Copper","Copper","Micro","Correction measure / remedy","Foliar spray of CuSO4 0.3% twice at weekly interval.","https://agritech.tnau.ac.in/horticulture/plant_nutri/onion_copper.html"
"Crop nutrient deficiency & correction","","Horticultural Crops","Vegetables","Onion","Iron","Iron","Micro","Deficiency symptoms","Complete yellowing of young leaves","https://agritech.tnau.ac.in/horticulture/plant_nutri/onion_iron.html"
"Crop nutrient deficiency & correction","","Horticultural Crops","Vegetables","Onion","Iron","Iron","Micro","Correction measure / remedy","Foliar spray of FeSO4@0.5%","https://agritech.tnau.ac.in/horticulture/plant_nutri/onion_iron.html"
"Crop nutrient deficiency & correction","","Horticultural Crops","Vegetables","Onion","Manganese","Manganese","Micro","Deficiency symptoms","Leaves show tip burn, light coloured and curling. Growth restricted. Bulbing delayed with thick necks.","https://agritech.tnau.ac.in/horticulture/plant_nutri/onion_manganese.html"
"Crop nutrient deficiency & correction","","Horticultural Crops","Vegetables","Onion","Manganese","Manganese","Micro","Correction measure / remedy","Foliar spray of MnSO4@ 0.3% twice at fortnightly interval.","https://agritech.tnau.ac.in/horticulture/plant_nutri/onion_manganese.html"
"Crop nutrient deficiency & correction","","Horticultural Crops","Vegetables","Onion","Zinc","Zinc","Micro","Deficiency symptoms","Growth restricted. Leaves yellow colour strips and bend.","https://agritech.tnau.ac.in/horticulture/plant_nutri/onion_zinc.html"
"Crop nutrient deficiency & correction","","Horticultural Crops","Vegetables","Onion","Zinc","Zinc","Micro","Correction measure / remedy","Foliar spray of ZnSO4 0.5% twice at for nightly interval.","https://agritech.tnau.ac.in/horticulture/plant_nutri/onion_zinc.html"
"Crop nutrient deficiency & correction","","Horticultural Crops","Vegetables","Onion","Molybdenum","Molybdenum","Micro","Deficiency symptoms","Terminal leaf beome curling; yellowing of leaves","https://agritech.tnau.ac.in/horticulture/plant_nutri/onion_molybdenum.html"
"Crop nutrient deficiency & correction","","Horticultural Crops","Vegetables","Onion","Molybdenum","Molybdenum","Micro","Correction measure / remedy","Foliar spray of sodium molybdate@0.2%","https://agritech.tnau.ac.in/horticulture/plant_nutri/onion_molybdenum.html"
"Crop nutrient deficiency & correction","","Horticultural Crops","Vegetables","Potato","Nitrogen","Nitrogen","Macro","Deficiency symptoms","Apical growing points stop developing leaves thick brittle and irregular chlorosis.","https://agritech.tnau.ac.in/horticulture/plant_nutri/potato_nitrogen.html"
"Crop nutrient deficiency & correction","","Horticultural Crops","Vegetables","Potato","Nitrogen","Nitrogen","Macro","Correction measure / remedy","Foliar spray of Borax 0.5 % at fortnightly intervals","https://agritech.tnau.ac.in/horticulture/plant_nutri/potato_nitrogen.html"
"Crop nutrient deficiency & correction","","Horticultural Crops","Vegetables","Potato","Nitrogen","Nitrogen","Macro","Deficiency symptoms","Apical growing points stop developing leaves thick brittle and irregular chlorosis.","https://agritech.tnau.ac.in/horticulture/plant_nutri/potato_potassium.html"
"Crop nutrient deficiency & correction","","Horticultural Crops","Vegetables","Potato","Nitrogen","Nitrogen","Macro","Correction measure / remedy","Foliar spray of Borax 0.5 % at fortnightly intervals","https://agritech.tnau.ac.in/horticulture/plant_nutri/potato_potassium.html"
"Crop nutrient deficiency & correction","","Horticultural Crops","Vegetables","Potato","Potassium","Potassium","Macro","Deficiency symptoms","Apical growing points stop developing leaves thick brittle and irregular chlorosis.","https://agritech.tnau.ac.in/horticulture/plant_nutri/potato_potassium01.html"
"Crop nutrient deficiency & correction","","Horticultural Crops","Vegetables","Potato","Potassium","Potassium","Macro","Correction measure / remedy","Foliar spray of Borax 0.5 % at fortnightly intervals","https://agritech.tnau.ac.in/horticulture/plant_nutri/potato_potassium01.html"
"Crop nutrient deficiency & correction","","Horticultural Crops","Vegetables","Potato","Calcium","Calcium","Macro","Deficiency symptoms","Apical growing points stop developing leaves thick brittle and irregular chlorosis.","https://agritech.tnau.ac.in/horticulture/plant_nutri/potato_calcium.html"
"Crop nutrient deficiency & correction","","Horticultural Crops","Vegetables","Potato","Calcium","Calcium","Macro","Correction measure / remedy","Foliar spray of Borax 0.5 % at fortnightly intervals","https://agritech.tnau.ac.in/horticulture/plant_nutri/potato_calcium.html"
"Crop nutrient deficiency & correction","","Horticultural Crops","Vegetables","Potato","Magnesium","Magnesium","Macro","Deficiency symptoms","Apical growing points stop developing leaves thick brittle and irregular chlorosis.","https://agritech.tnau.ac.in/horticulture/plant_nutri/potato_magnesium.html"
"Crop nutrient deficiency & correction","","Horticultural Crops","Vegetables","Potato","Magnesium","Magnesium","Macro","Correction measure / remedy","Foliar spray of Borax 0.5 % at fortnightly intervals","https://agritech.tnau.ac.in/horticulture/plant_nutri/potato_magnesium.html"
"Crop nutrient deficiency & correction","","Horticultural Crops","Vegetables","Potato","Sulphur","Sulphur","Macro","Deficiency symptoms","Apical growing points stop developing leaves thick brittle and irregular chlorosis.","https://agritech.tnau.ac.in/horticulture/plant_nutri/potato_sulphur.html"
"Crop nutrient deficiency & correction","","Horticultural Crops","Vegetables","Potato","Sulphur","Sulphur","Macro","Correction measure / remedy","Foliar spray of Borax 0.5 % at fortnightly intervals","https://agritech.tnau.ac.in/horticulture/plant_nutri/potato_sulphur.html"
"Crop nutrient deficiency & correction","","Horticultural Crops","Vegetables","Potato","Boron","Boron","Micro","Deficiency symptoms","Apical growing points stop developing leaves thick brittle and irregular chlorosis.","https://agritech.tnau.ac.in/horticulture/plant_nutri/potato_boron.html"
"Crop nutrient deficiency & correction","","Horticultural Crops","Vegetables","Potato","Boron","Boron","Micro","Correction measure / remedy","Foliar spray of Borax 0.5 % at fortnightly intervals","https://agritech.tnau.ac.in/horticulture/plant_nutri/potato_boron.html"
"Crop nutrient deficiency & correction","","Horticultural Crops","Vegetables","Potato","Iron","Iron","Micro","Deficiency symptoms","Apical growing points stop developing leaves thick brittle and irregular chlorosis.","https://agritech.tnau.ac.in/horticulture/plant_nutri/potato_iron.html"
"Crop nutrient deficiency & correction","","Horticultural Crops","Vegetables","Potato","Iron","Iron","Micro","Correction measure / remedy","Foliar spray of Borax 0.5 % at fortnightly intervals","https://agritech.tnau.ac.in/horticulture/plant_nutri/potato_iron.html"
"Crop nutrient deficiency & correction","","Horticultural Crops","Vegetables","Pumpkin","Potassium","Potassium","Macro","Deficiency symptoms","Older leaves affected first. Leaf tips and margins turn yellow and then become scorched continuing inward to the leaf center. Leaf margin cup downward interveinal leaf necrosis restricted growth.","https://agritech.tnau.ac.in/horticulture/plant_nutri/pumpkin_potassium.html"
"Crop nutrient deficiency & correction","","Horticultural Crops","Vegetables","Pumpkin","Potassium","Potassium","Macro","Correction measure / remedy","Foliar application of K2SO4 @1%.","https://agritech.tnau.ac.in/horticulture/plant_nutri/pumpkin_potassium.html"
"Crop nutrient deficiency & correction","","Horticultural Crops","Vegetables","Radish","Nitrogen","Nitrogen","Macro","Deficiency symptoms","The Number and size of leaves were reduced and pale green colour of leaves change to yellow roots because thin, stiff and fibrous.","https://agritech.tnau.ac.in/horticulture/plant_nutri/radish_nitrogen.html"
"Crop nutrient deficiency & correction","","Horticultural Crops","Vegetables","Radish","Nitrogen","Nitrogen","Macro","Correction measure / remedy","Foliar spray of urea @1%","https://agritech.tnau.ac.in/horticulture/plant_nutri/radish_nitrogen.html"
"Crop nutrient deficiency & correction","","Horticultural Crops","Vegetables","Radish","Potassium","Potassium","Macro","Deficiency symptoms","Leaf colour change to pale yellow and brown scorches appear at laber stages. Violet streaks appear on roots. Growth in retarded.","https://agritech.tnau.ac.in/horticulture/plant_nutri/radish_potassium.html"
"Crop nutrient deficiency & correction","","Horticultural Crops","Vegetables","Radish","Potassium","Potassium","Macro","Correction measure / remedy","Foliar spray of KCl@1%","https://agritech.tnau.ac.in/horticulture/plant_nutri/radish_potassium.html"
"Crop nutrient deficiency & correction","","Horticultural Crops","Vegetables","Radish","Magnesium","Magnesium","Macro","Deficiency symptoms","Chlorotic on nature leaves. Which later abscise and fall off. The roots are smaller in size, stiff and pale in colour.","https://agritech.tnau.ac.in/horticulture/plant_nutri/radish_magnesium.html"
"Crop nutrient deficiency & correction","","Horticultural Crops","Vegetables","Radish","Magnesium","Magnesium","Macro","Correction measure / remedy","Foliar spray of MgSO4@0.5-1.0%","https://agritech.tnau.ac.in/horticulture/plant_nutri/radish_magnesium.html"
"Crop nutrient deficiency & correction","","Horticultural Crops","Vegetables","Radish","Boron","Boron","Micro","Deficiency symptoms","Reduced growth leaves become pale green.","https://agritech.tnau.ac.in/horticulture/plant_nutri/radish_boron.html"
"Crop nutrient deficiency & correction","","Horticultural Crops","Vegetables","Radish","Boron","Boron","Micro","Correction measure / remedy","F","https://agritech.tnau.ac.in/horticulture/plant_nutri/radish_boron.html"
"Crop nutrient deficiency & correction","","Horticultural Crops","Vegetables","Radish","Iron","Iron","Micro","Deficiency symptoms","Chlorosis on younger leaves. Storage roots were reduced in size and become pale in colour.","https://agritech.tnau.ac.in/horticulture/plant_nutri/radish_iron.html"
"Crop nutrient deficiency & correction","","Horticultural Crops","Vegetables","Radish","Iron","Iron","Micro","Correction measure / remedy","Foliar spray of FeSO4@0.5-1%","https://agritech.tnau.ac.in/horticulture/plant_nutri/radish_iron.html"
"Crop nutrient deficiency & correction","","Horticultural Crops","Vegetables","Radish","Manganese","Manganese","Micro","Deficiency symptoms","Symptoms seen in young leaves; leaves become pale yellow","https://agritech.tnau.ac.in/horticulture/plant_nutri/radish_manganese.html"
"Crop nutrient deficiency & correction","","Horticultural Crops","Vegetables","Radish","Manganese","Manganese","Micro","Correction measure / remedy","Foliar spray of MnSO4@0.5%","https://agritech.tnau.ac.in/horticulture/plant_nutri/radish_manganese.html"
"Crop nutrient deficiency & correction","","Horticultural Crops","Vegetables","Snake Gourd","Nitrogen","Nitrogen","Macro","Deficiency symptoms","Apical growing points stop developing leaves thick brittle and irregular chlorosis.","https://agritech.tnau.ac.in/horticulture/horti_min_nutri_veg_sgourd_N.html"
"Crop nutrient deficiency & correction","","Horticultural Crops","Vegetables","Snake Gourd","Nitrogen","Nitrogen","Macro","Correction measure / remedy","Foliar spray of Borax 0.5 % at fortnightly intervals","https://agritech.tnau.ac.in/horticulture/horti_min_nutri_veg_sgourd_N.html"
"Crop nutrient deficiency & correction","","Horticultural Crops","Vegetables","Snake Gourd","Potassium","Potassium","Macro","Deficiency symptoms","Older leaves affected first. • Leaf tips and margins turn yellow and then become scorched continuing inward to the leaf center. • Leaf margin cup downward interveinal leaf necrosis restricted growth.","https://agritech.tnau.ac.in/horticulture/horti_min_nutri_veg_sgourd_K.html"
"Crop nutrient deficiency & correction","","Horticultural Crops","Vegetables","Snake Gourd","Potassium","Potassium","Macro","Correction measure / remedy","Foliar spray of K2SO4 @1 % at fortnightly intervals","https://agritech.tnau.ac.in/horticulture/horti_min_nutri_veg_sgourd_K.html"
"Crop nutrient deficiency & correction","","Horticultural Crops","Vegetables","Snake Gourd","Magnesium","Magnesium","Macro","Deficiency symptoms","Apical growing points stop developing leaves thick brittle and irregular chlorosis.","https://agritech.tnau.ac.in/horticulture/horti_min_nutri_veg_sgourd_mg.html"
"Crop nutrient deficiency & correction","","Horticultural Crops","Vegetables","Snake Gourd","Magnesium","Magnesium","Macro","Correction measure / remedy","Foliar spray of Borax 0.5 % at fortnightly intervals","https://agritech.tnau.ac.in/horticulture/horti_min_nutri_veg_sgourd_mg.html"
"Crop nutrient deficiency & correction","","Horticultural Crops","Vegetables","Snake Gourd","Manganese","Manganese","Micro","Deficiency symptoms","Symptoms seen in young leaves; leaves become pale yellow","https://agritech.tnau.ac.in/horticulture/horti_min_nutri_veg_sgourd_mn.html"
"Crop nutrient deficiency & correction","","Horticultural Crops","Vegetables","Snake Gourd","Manganese","Manganese","Micro","Correction measure / remedy","Foliar spray of MnSO4 @0.5 % at fortnightly intervals","https://agritech.tnau.ac.in/horticulture/horti_min_nutri_veg_sgourd_mn.html"
"Crop nutrient deficiency & correction","","Horticultural Crops","Vegetables","Tomato","Nitrogen","Nitrogen","Macro","Deficiency symptoms","Restricted shoot growth and spindly appearance of plants. Older leaves at first turn yellowish green; under severe deficiency, the whole plant becomes pale green. The leaflets are small, erect and with pink veins which are more clearly noticeable on the underside. Leaves die prematurely. Flowers buds turn yellow and fall off. Fruits when formed, remain small.","https://agritech.tnau.ac.in/horticulture/plant_nutri/tomato_nitro.html"
"Crop nutrient deficiency & correction","","Horticultural Crops","Vegetables","Tomato","Nitrogen","Nitrogen","Macro","Correction measure / remedy","Foliar spray of urea 1% twice at weekly interval.strong class=""style","https://agritech.tnau.ac.in/horticulture/plant_nutri/tomato_nitro.html"
"Crop nutrient deficiency & correction","","Horticultural Crops","Vegetables","Tomato","Phosphorus","Phosphorus","Macro","Deficiency symptoms","Plants look lush blue-green or purplish in colour. The stems very thin and stunted while the roots were brown with restricted development of lateral branches. Mature leaves to be small with down curled leaflets. The oldest leaves, having initially purplish tints and scorched areas, later became yellow with purple veins and died prematurely.","https://agritech.tnau.ac.in/horticulture/plant_nutri/tomato_phos.html"
"Crop nutrient deficiency & correction","","Horticultural Crops","Vegetables","Tomato","Phosphorus","Phosphorus","Macro","Correction measure / remedy","Foliar spray DAP 1% twice at fortnightly interval.strong class=""style","https://agritech.tnau.ac.in/horticulture/plant_nutri/tomato_phos.html"
"Crop nutrient deficiency & correction","","Horticultural Crops","Vegetables","Tomato","Potassium","Potassium","Macro","Deficiency symptoms","Yellowish spots in the margins of new leaves which later spread over the leaf surface and subsequently turned brown, starting with the older leaves. Plants were stunted, hard and chlorotic. Leaves first become grey at the margin and later interveinally. The tips and margins underwent scorching and turned upwards K deficiency symptoms appeared first in the oldest leaves. Leaves remained small and plant growth restricted. Chlorosis and necrosis then spread to younger leaves with defoliation of yellowed and curled older leaves.","https://agritech.tnau.ac.in/horticulture/plant_nutri/tomato_pota.html"
"Crop nutrient deficiency & correction","","Horticultural Crops","Vegetables","Tomato","Potassium","Potassium","Macro","Correction measure / remedy","Foliar spray of K 2 SO 4 1% thrice at weekly interval.strong class=""style","https://agritech.tnau.ac.in/horticulture/plant_nutri/tomato_pota.html"
"Crop nutrient deficiency & correction","","Horticultural Crops","Vegetables","Tomato","Calcium","Calcium","Macro","Deficiency symptoms","The plants became flaccid; dead spots appeared on the upper stems and the growing apex died. Upper leaf colouration initially was darker green, but, later turning yellow at the edges and died. Scorching and die back of the main stem, strong curing of the leaves inwards and downwards. Fruits showing blossom end rot were found to ripen less rapidly. Blossom end rot is closely associated with Ca deficiency of the fruit. Sunken region of few millimeters in width, near distal end of youngest fruit.","https://agritech.tnau.ac.in/horticulture/plant_nutri/tomato_cal.html"
"Crop nutrient deficiency & correction","","Horticultural Crops","Vegetables","Tomato","Calcium","Calcium","Macro","Correction measure / remedy","Soil application of CaSO 4 1 to 2 kg/acre or Foliar spray of CaCl 2 0.5% thrice at fortnightly interval.strong class=""style","https://agritech.tnau.ac.in/horticulture/plant_nutri/tomato_cal.html"
"Crop nutrient deficiency & correction","","Horticultural Crops","Vegetables","Tomato","Magnesium","Magnesium","Macro","Deficiency symptoms","Chlorosis of foliage. Interveinal areas became yellow or greenish yellow while leaf margins remained green. Mg deficiency starts as interveinal yellowing at the leaf margins on older leaves, which later become brown and withered interveinal yellowing and necrosis. Sunken necrotic spots which appeared shiny from back of leaf appear the first symptoms of Mg deficiency as discoloration of the margins. Yellowing progressed from base to the top of the plant.","https://agritech.tnau.ac.in/horticulture/plant_nutri/tomato_magnes.html"
"Crop nutrient deficiency & correction","","Horticultural Crops","Vegetables","Tomato","Magnesium","Magnesium","Macro","Correction measure / remedy","Foliar spraying of 2% MgSO4 twice at fortnightly interval or soil application of dolomite at 2 ton/ha or magnesium sulphate at 20 kg/ha.strong class=""style","https://agritech.tnau.ac.in/horticulture/plant_nutri/tomato_magnes.html"
"Crop nutrient deficiency & correction","","Horticultural Crops","Vegetables","Tomato","Sulphur","Sulphur","Macro","Deficiency symptoms","Symptoms are somewhat similar to nitrogen deficiency. Younger leaves are affected. Lower leaves yellowish green while stems were hard and woody. Older leaves developed necrosis at tips and margins with development of small purple spots between the veins. Young leaves stiff and curled downward.","https://agritech.tnau.ac.in/horticulture/plant_nutri/tomato_sul.html"
"Crop nutrient deficiency & correction","","Horticultural Crops","Vegetables","Tomato","Sulphur","Sulphur","Macro","Correction measure / remedy","Foliar spray of CaSO 4 1% twice at fortnightly interval or gypsum @ 50 kg/ha.strong class=""style","https://agritech.tnau.ac.in/horticulture/plant_nutri/tomato_sul.html"
"Crop nutrient deficiency & correction","","Horticultural Crops","Vegetables","Tomato","Boron","Boron","Micro","Deficiency symptoms","Yellowish of the tips of the leaflets oldest leaves with prominent pink veins. Yellow spots then enlarged. Yellowing of the tips of lower leaves and brittleness of the leaflets and petiolues. Yellow leaflet tips became dry and brown. Leaf margins remained free from such browning. Severe deficiency led to stiff, thick and shortened stems, death of the growing points and development of yellow, brown and purple areas on leaf. Uneven ripening and development of corky pits in fruits.","https://agritech.tnau.ac.in/horticulture/plant_nutri/tomato_bor.html"
"Crop nutrient deficiency & correction","","Horticultural Crops","Vegetables","Tomato","Boron","Boron","Micro","Correction measure / remedy","Foliar spray Borax 0.3% twice at fortnightly interval or soil application Borax 20 kg/ha.strong class=""style","https://agritech.tnau.ac.in/horticulture/plant_nutri/tomato_bor.html"
"Crop nutrient deficiency & correction","","Horticultural Crops","Vegetables","Tomato","Copper","Copper","Micro","Deficiency symptoms","Reduction in growth, curling of leaf upwards and inwards with severe scorching. Poor root development. Overall grey-green colour followed by chlorosis of lower leaves. Chlorotic leaves subsequently became bronzed and later brown with development of necrosis at the margins and blackening of veins. Margin and tips of leaves witled while in the case of older leaves, there was a stiff rolling up of margins. Leaves were found to be blue-green in colour. Leaf number, leaf size reduced.","https://agritech.tnau.ac.in/horticulture/plant_nutri/tomato_copp.html"
"Crop nutrient deficiency & correction","","Horticultural Crops","Vegetables","Tomato","Copper","Copper","Micro","Correction measure / remedy","Foliar spray of 0.5% CuSO 4 twice at fortnightly interval.strong class=""style","https://agritech.tnau.ac.in/horticulture/plant_nutri/tomato_copp.html"
"Crop nutrient deficiency & correction","","Horticultural Crops","Vegetables","Tomato","Iron","Iron","Micro","Deficiency symptoms","Leaf veins remain green interveinal portion turns yellow young leaves small but not deformed.","https://agritech.tnau.ac.in/horticulture/plant_nutri/tomato_iro.html"
"Crop nutrient deficiency & correction","","Horticultural Crops","Vegetables","Tomato","Iron","Iron","Micro","Correction measure / remedy","Foliar spray of 0.5% FeSO 4strong class=""style","https://agritech.tnau.ac.in/horticulture/plant_nutri/tomato_iro.html"
"Crop nutrient deficiency & correction","","Horticultural Crops","Vegetables","Tomato","Manganese","Manganese","Micro","Deficiency symptoms","Reduction in leaf size and development of interveinal orange-yellow mottling over the tip. Mottling spreads over the whole leaflet turn yellow while the veins remain green. Numerous small, dark brown, necrotic spots with chlorosis in leaflets of very young leaves. Lamina becoming narrower and longer. Root system reduced than normal plants.","https://agritech.tnau.ac.in/horticulture/plant_nutri/tomato_mangan.html"
"Crop nutrient deficiency & correction","","Horticultural Crops","Vegetables","Tomato","Manganese","Manganese","Micro","Correction measure / remedy","Foliar spray of MnSO 4 0.5% twice at fortnightly interval.","https://agritech.tnau.ac.in/horticulture/plant_nutri/tomato_mangan.html"
"Crop nutrient deficiency & correction","","Horticultural Crops","Vegetables","Tomato","Zinc","Zinc","Micro","Deficiency symptoms","Deficiency appears first on older leaves in the form of interveinal chlorosis. Inhibit both vegetative growth and fruit production. Shortened internodes, diminutive leaves with undercurling of leaflets, epinastic curvature of leaves and chlorosis. Oozing out of cell contents as a brown fluid from the leaves.","https://agritech.tnau.ac.in/horticulture/plant_nutri/tomato_zin.html"
"Crop nutrient deficiency & correction","","Horticultural Crops","Vegetables","Tomato","Zinc","Zinc","Micro","Correction measure / remedy","Foliar spray of ZnSO 4 1% twice at fortnightly interval.strong class=""style","https://agritech.tnau.ac.in/horticulture/plant_nutri/tomato_zin.html"
"Crop nutrient deficiency & correction","nutrient name read from filename","Horticultural Crops","Vegetables","Tomato","Molybdenum","Molybdenum","Micro","Deficiency symptoms","Mottling in lower leaves followed by scorching of margins and inrolling. Extensive flower drop older leaves scenesced and dropped off prematurely with death of the growing point.","https://agritech.tnau.ac.in/horticulture/plant_nutri/tomato_moly.html"
"Crop nutrient deficiency & correction","nutrient name read from filename","Horticultural Crops","Vegetables","Tomato","Molybdenum","Molybdenum","Micro","Correction measure / remedy","Foliar spray of NaMO 4 0.05% twice at weekly interval.strong class=""style","https://agritech.tnau.ac.in/horticulture/plant_nutri/tomato_moly.html"
"Physiological disorders","","","","Rice","","","","Physiological disorder: Severe chlorosis of leaves","1%super phosphate and 0.5% ferrous sulphate","https://agritech.tnau.ac.in/agriculture/agri_phy_disorder_agri_crops.html"
"Physiological disorders","","","","Rice","","","","Physiological disorder: Irregular flowering and chaffiness multiple deficiency of nutrients","1% super phosphate and magnesium sulphate.","https://agritech.tnau.ac.in/agriculture/agri_phy_disorder_agri_crops.html"
"Physiological disorders","","","","Rice","","","","Physiological disorder: Tip drying and marginal scoring and browning","1%super phosphate and 0.5% zinc sulphate.","https://agritech.tnau.ac.in/agriculture/agri_phy_disorder_agri_crops.html"
"Physiological disorders","","","","Maize","","","","Physiological disorder: Chlorosis","A spray solution containing 0.5% ferrous sulphate and 0.5% urea.","https://agritech.tnau.ac.in/agriculture/agri_phy_disorder_agri_crops.html"
"Physiological disorders","","","","Maize","","","","Physiological disorder: 'White bud' yellowing in the bud leaves only","0.5% zinc sulphate spray with 1% urea.","https://agritech.tnau.ac.in/agriculture/agri_phy_disorder_agri_crops.html"
"Physiological disorders","","","","Maize","","","","Physiological disorder: Tip drying and marginal scoring pinkish colouration of lower leaves","1% super phosphate and 0.5% zinc sulphate.","https://agritech.tnau.ac.in/agriculture/agri_phy_disorder_agri_crops.html"
"Physiological disorders","","","","Maize","","","","Physiological disorder: Marginal scorching and yellowing.","0.5% ferrous sulphate and 1%urea","https://agritech.tnau.ac.in/agriculture/agri_phy_disorder_agri_crops.html"
"Physiological disorders","","","","","","","","Physiological disorder: Irregular drying of tips and margins","25 kg of zinc sulphate / ha","https://agritech.tnau.ac.in/agriculture/agri_phy_disorder_agri_crops.html"
"Physiological disorders","","","","Sorghum","","","","Physiological disorder: Chlorosis of younger leaves","Spray of 0.5% ferrous sulphate with 0.5%urea and 0.5% ammonium sulphate","https://agritech.tnau.ac.in/agriculture/agri_phy_disorder_agri_crops.html"
"Physiological disorders","","","","Cowpea","","","","Physiological disorder: Water soaked necrotic spots on leaf surface. Root growth very much restricted in 10-12 days old seedling","Spray containing sulphate and zinc sulphate 0.1% and 0.1% urea","https://agritech.tnau.ac.in/agriculture/agri_phy_disorder_agri_crops.html"
"Physiological disorders","","","","Groundnut","","","","Physiological disorder: Chlorosis of terminal leaves","0.5% ferrous sulphate and urea 1%","https://agritech.tnau.ac.in/agriculture/agri_phy_disorder_agri_crops.html"
"General deficiency/excess symptoms","","","","","Nitrogen (N)","Nitrogen","Macro","Deficiency","Light green leaf and plant color with the older leaves turning yellow, leaves that will eventually turn brown and die. Plant growth is slow, plants will be stunted, and will mature early.","https://agritech.tnau.ac.in/agriculture/agri_min_nutri_def_symptoms.html"
"General deficiency/excess symptoms","","","","","Nitrogen (N)","Nitrogen","Macro","Excess","Plants will be dark green in color and new growth will be succu­lent; susceptible if subjected to disease and insect infestation; and subjected to drought stress, plants will easily lodge. Blos­som abortion and lack of fruit set will occur.","https://agritech.tnau.ac.in/agriculture/agri_min_nutri_def_symptoms.html"
"General deficiency/excess symptoms","","","","","Nitrogen (N)","Nitrogen","Macro","Ammonium toxicity","Plants fertilized with ammonium-nitrogen (NH4- N) may exhibit ammonium-toxicity symptoms, with carbohydrate depletion and reduced plant growth. Lesions may occur on plant stems, there may be a downward cupping of the leaves, and a decay of the conductive tissue at the base of the stem with wilting of the plants under moisture stress. Blossom-end rot of fruit will occur and Mg deficiency symptoms may also occur.","https://agritech.tnau.ac.in/agriculture/agri_min_nutri_def_symptoms.html"
"General deficiency/excess symptoms","","","","","Phosphorus (P)","Phosphorus","Macro","Deficiency","Plant growth will be slow and stunted, and the older leaves will have a purple coloration, particularly on the underside.","https://agritech.tnau.ac.in/agriculture/agri_min_nutri_def_symptoms.html"
"General deficiency/excess symptoms","","","","","Phosphorus (P)","Phosphorus","Macro","Excess","Phosphorus excess will not have a direct effect on the plant but may show visual deficiencies of Zn, Fe, and Mn. High P may also interfere with the normal Ca nutrition, with typical Ca deficiency symptoms occurring.","https://agritech.tnau.ac.in/agriculture/agri_min_nutri_def_symptoms.html"
"General deficiency/excess symptoms","","","","","Potassium (K)","Potassium","Macro","Deficiency","On the older leaves, the edges will look burned, a symptom known as scorch. Plants will easily lodge and be sensitive to disease infestation. Fruit and seed production will be impaired and of poor quality.","https://agritech.tnau.ac.in/agriculture/agri_min_nutri_def_symptoms.html"
"General deficiency/excess symptoms","","","","","Potassium (K)","Potassium","Macro","Excess","Plants will exhibit typical Mg, and possibly Ca deficiency symp­toms due to a cation imbalance","https://agritech.tnau.ac.in/agriculture/agri_min_nutri_def_symptoms.html"
"General deficiency/excess symptoms","","","","","Calcium (Ca)","Calcium","Macro","Deficiency","The growing tips of roots and leaves will turn brown and die. The edges of the leaves will look ragged as the edges of emerging leaves stick together. Fruit quality will be affected with the occur­rence of blossom-end rot on fruits.","https://agritech.tnau.ac.in/agriculture/agri_min_nutri_def_symptoms.html"
"General deficiency/excess symptoms","","","","","Calcium (Ca)","Calcium","Macro","Excess","Plants may exhibit typical Mg deficiency symptoms, and when in high excess, K deficiency may also occur.","https://agritech.tnau.ac.in/agriculture/agri_min_nutri_def_symptoms.html"
"General deficiency/excess symptoms","","","","","Magnesium (Mg)","Magnesium","Macro","Deficiency","Older leaves will be yellow in color with interveinal chlorosis (yellowing between the veins) symptoms. Plant growth will be slow and some plants may be easily infested by disease.","https://agritech.tnau.ac.in/agriculture/agri_min_nutri_def_symptoms.html"
"General deficiency/excess symptoms","","","","","Magnesium (Mg)","Magnesium","Macro","Excess","Results in a cation imbalance showing signs of either a Ca or K deficiency.","https://agritech.tnau.ac.in/agriculture/agri_min_nutri_def_symptoms.html"
"General deficiency/excess symptoms","","","","","Sulfur (S)","Sulphur","Macro","Deficiency","A general overall light green color of the entire plant with the older leaves being light green to yellow in color as the deficiency intensifies.","https://agritech.tnau.ac.in/agriculture/agri_min_nutri_def_symptoms.html"
"General deficiency/excess symptoms","","","","","Sulfur (S)","Sulphur","Macro","Excess","A premature senescence of leaves may occur.","https://agritech.tnau.ac.in/agriculture/agri_min_nutri_def_symptoms.html"
"General deficiency/excess symptoms","","","","","Boron (B)","Boron","Micro","Deficiency","Abnormal development of the growing points (meristematic tis­sue) with the apical growing points eventually becoming stunted and dying. Rowers and fruits will abort. For some grain and fruit crops, yield and quality is significantly reduced.","https://agritech.tnau.ac.in/agriculture/agri_min_nutri_def_symptoms.html"
"General deficiency/excess symptoms","","","","","Boron (B)","Boron","Micro","Excess","Leaf tips and margins will turn brown and die.","https://agritech.tnau.ac.in/agriculture/agri_min_nutri_def_symptoms.html"
"General deficiency/excess symptoms","","","","","Chlorine (Cl)","Chlorine","Micro","Deficiency","Younger leaves will be chlorotic and plants will easily wilt. For wheat, a plant disease will infest the plant when Cl is deficient.","https://agritech.tnau.ac.in/agriculture/agri_min_nutri_def_symptoms.html"
"General deficiency/excess symptoms","","","","","Chlorine (Cl)","Chlorine","Micro","Excess","Premature yellowing of the lower leaves with burning of the leaf margins and tips. Leaf abscission will occur and plants will easily wilt.","https://agritech.tnau.ac.in/agriculture/agri_min_nutri_def_symptoms.html"
"General deficiency/excess symptoms","","","","","Copper (Cu)","Copper","Micro","Deficiency","Plant growth will be slow and plants stunted with distortion of the young leaves and death of the growing point.","https://agritech.tnau.ac.in/agriculture/agri_min_nutri_def_symptoms.html"
"General deficiency/excess symptoms","","","","","Copper (Cu)","Copper","Micro","Excess","An Fe deficiency may be induced with very slow growth. Roots may be stunted.","https://agritech.tnau.ac.in/agriculture/agri_min_nutri_def_symptoms.html"
"General deficiency/excess symptoms","","","","","Iron (Fe)","Iron","Micro","Deficiency","Interveinal chlorosis will occur on the emerging and young leaves with eventual bleaching of the new growth. When severe, the entire plant may be light green in color.","https://agritech.tnau.ac.in/agriculture/agri_min_nutri_def_symptoms.html"
"General deficiency/excess symptoms","","","","","Iron (Fe)","Iron","Micro","Excess","A bronzing of leaves with tiny brown spots on the leaves, a typical symptom frequently occurring with rice.","https://agritech.tnau.ac.in/agriculture/agri_min_nutri_def_symptoms.html"
"General deficiency/excess symptoms","","","","","Manganese (Mn)","Manganese","Micro","Deficiency","Interveinal chlorosis of young leaves while the leaves and plants remain generally green in color. When severe, the plants will be stunted.","https://agritech.tnau.ac.in/agriculture/agri_min_nutri_def_symptoms.html"
"General deficiency/excess symptoms","","","","","Manganese (Mn)","Manganese","Micro","Excess","Older leaves will show brown spots surrounded by a chlorotic zone and circle.","https://agritech.tnau.ac.in/agriculture/agri_min_nutri_def_symptoms.html"
"General deficiency/excess symptoms","","","","","Molybdenum (Mo)","Molybdenum","Micro","Deficiency","Symptoms will frequently appear similar to N deficiency. Older and middle leaves become chlorotic first, and In some instances, leaf margins are rolled and growth and flower formation are restricted.","https://agritech.tnau.ac.in/agriculture/agri_min_nutri_def_symptoms.html"
"General deficiency/excess symptoms","","","","","Molybdenum (Mo)","Molybdenum","Micro","Excess","Not of common occurrence.","https://agritech.tnau.ac.in/agriculture/agri_min_nutri_def_symptoms.html"
"General deficiency/excess symptoms","","","","","Zinc (Zn)","Zinc","Micro","Deficiency","Upper leaves will show interveinal chlorosis with an eventual whiting of the affected leaves. Leaves may be small and dis­torted with a rosette form.","https://agritech.tnau.ac.in/agriculture/agri_min_nutri_def_symptoms.html"
"General deficiency/excess symptoms","","","","","Zinc (Zn)","Zinc","Micro","Excess","An Fe deficiency will develop.","https://agritech.tnau.ac.in/agriculture/agri_min_nutri_def_symptoms.html"
"Essential elements","","","","","Carbon","Carbon","Other / non-mineral","Chemical symbol","C","https://agritech.tnau.ac.in/agriculture/agri_min_nutri_essentialelements.html"
"Essential elements","","","","","Carbon","Carbon","Other / non-mineral","Principal form for uptake","CO2","https://agritech.tnau.ac.in/agriculture/agri_min_nutri_essentialelements.html"
"Essential elements","","","","","Hydrogen","Hydrogen","Other / non-mineral","Chemical symbol","H","https://agritech.tnau.ac.in/agriculture/agri_min_nutri_essentialelements.html"
"Essential elements","","","","","Hydrogen","Hydrogen","Other / non-mineral","Principal form for uptake","H2O","https://agritech.tnau.ac.in/agriculture/agri_min_nutri_essentialelements.html"
"Essential elements","","","","","Oxygen","Oxygen","Other / non-mineral","Chemical symbol","O","https://agritech.tnau.ac.in/agriculture/agri_min_nutri_essentialelements.html"
"Essential elements","","","","","Oxygen","Oxygen","Other / non-mineral","Principal form for uptake","H2O, O2","https://agritech.tnau.ac.in/agriculture/agri_min_nutri_essentialelements.html"
"Essential elements","","","","","Nitrogen","Nitrogen","Macro","Chemical symbol","N","https://agritech.tnau.ac.in/agriculture/agri_min_nutri_essentialelements.html"
"Essential elements","","","","","Nitrogen","Nitrogen","Macro","Principal form for uptake","NH+4, NO-3","https://agritech.tnau.ac.in/agriculture/agri_min_nutri_essentialelements.html"
"Essential elements","","","","","Phosphorus","Phosphorus","Macro","Chemical symbol","P","https://agritech.tnau.ac.in/agriculture/agri_min_nutri_essentialelements.html"
"Essential elements","","","","","Phosphorus","Phosphorus","Macro","Principal form for uptake","H2PO-4, HPO2-4","https://agritech.tnau.ac.in/agriculture/agri_min_nutri_essentialelements.html"
"Essential elements","","","","","Potassium","Potassium","Macro","Chemical symbol","K","https://agritech.tnau.ac.in/agriculture/agri_min_nutri_essentialelements.html"
"Essential elements","","","","","Potassium","Potassium","Macro","Principal form for uptake","K+","https://agritech.tnau.ac.in/agriculture/agri_min_nutri_essentialelements.html"
"Essential elements","","","","","Calcium","Calcium","Macro","Chemical symbol","Ca","https://agritech.tnau.ac.in/agriculture/agri_min_nutri_essentialelements.html"
"Essential elements","","","","","Calcium","Calcium","Macro","Principal form for uptake","Ca2+","https://agritech.tnau.ac.in/agriculture/agri_min_nutri_essentialelements.html"
"Essential elements","","","","","Magnesium","Magnesium","Macro","Chemical symbol","Mg","https://agritech.tnau.ac.in/agriculture/agri_min_nutri_essentialelements.html"
"Essential elements","","","","","Magnesium","Magnesium","Macro","Principal form for uptake","Mg2+","https://agritech.tnau.ac.in/agriculture/agri_min_nutri_essentialelements.html"
"Essential elements","","","","","Sulfur","Sulphur","Macro","Chemical symbol","S","https://agritech.tnau.ac.in/agriculture/agri_min_nutri_essentialelements.html"
"Essential elements","","","","","Sulfur","Sulphur","Macro","Principal form for uptake","SO2-4, SO2","https://agritech.tnau.ac.in/agriculture/agri_min_nutri_essentialelements.html"
"Essential elements","","","","","Iron","Iron","Micro","Chemical symbol","Fe","https://agritech.tnau.ac.in/agriculture/agri_min_nutri_essentialelements.html"
"Essential elements","","","","","Iron","Iron","Micro","Principal form for uptake","Fe2+, Fe3+","https://agritech.tnau.ac.in/agriculture/agri_min_nutri_essentialelements.html"
"Essential elements","","","","","Manganese","Manganese","Micro","Chemical symbol","Mn","https://agritech.tnau.ac.in/agriculture/agri_min_nutri_essentialelements.html"
"Essential elements","","","","","Manganese","Manganese","Micro","Principal form for uptake","Mn2+","https://agritech.tnau.ac.in/agriculture/agri_min_nutri_essentialelements.html"
"Essential elements","","","","","Boron","Boron","Micro","Chemical symbol","B","https://agritech.tnau.ac.in/agriculture/agri_min_nutri_essentialelements.html"
"Essential elements","","","","","Boron","Boron","Micro","Principal form for uptake","H3BO3","https://agritech.tnau.ac.in/agriculture/agri_min_nutri_essentialelements.html"
"Essential elements","","","","","Zinc","Zinc","Micro","Chemical symbol","Zn","https://agritech.tnau.ac.in/agriculture/agri_min_nutri_essentialelements.html"
"Essential elements","","","","","Zinc","Zinc","Micro","Principal form for uptake","Zn2+","https://agritech.tnau.ac.in/agriculture/agri_min_nutri_essentialelements.html"
"Essential elements","","","","","Copper","Copper","Micro","Chemical symbol","Cu","https://agritech.tnau.ac.in/agriculture/agri_min_nutri_essentialelements.html"
"Essential elements","","","","","Copper","Copper","Micro","Principal form for uptake","Cu2+","https://agritech.tnau.ac.in/agriculture/agri_min_nutri_essentialelements.html"
"Essential elements","","","","","Molybdenum","Molybdenum","Micro","Chemical symbol","Mo","https://agritech.tnau.ac.in/agriculture/agri_min_nutri_essentialelements.html"
"Essential elements","","","","","Molybdenum","Molybdenum","Micro","Principal form for uptake","MoO2-4","https://agritech.tnau.ac.in/agriculture/agri_min_nutri_essentialelements.html"
"Essential elements","","","","","Chlorine","Chlorine","Micro","Chemical symbol","Cl","https://agritech.tnau.ac.in/agriculture/agri_min_nutri_essentialelements.html"
"Essential elements","","","","","Chlorine","Chlorine","Micro","Principal form for uptake","Cl-","https://agritech.tnau.ac.in/agriculture/agri_min_nutri_essentialelements.html"
"Essential elements","","","","","H","Hydrogen","Other / non-mineral","Average concentration in plant","6.0%","https://agritech.tnau.ac.in/agriculture/agri_min_nutri_essentialelements.html"
"Essential elements","","","","","O","Oxygen","Other / non-mineral","Average concentration in plant","45.0%","https://agritech.tnau.ac.in/agriculture/agri_min_nutri_essentialelements.html"
"Essential elements","","","","","C","Carbon","Other / non-mineral","Average concentration in plant","45.0%","https://agritech.tnau.ac.in/agriculture/agri_min_nutri_essentialelements.html"
"Essential elements","","","","","N","Nitrogen","Macro","Average concentration in plant","1.5%","https://agritech.tnau.ac.in/agriculture/agri_min_nutri_essentialelements.html"
"Essential elements","","","","","K","Potassium","Macro","Average concentration in plant","1.0%","https://agritech.tnau.ac.in/agriculture/agri_min_nutri_essentialelements.html"
"Essential elements","","","","","Ca","Calcium","Macro","Average concentration in plant","0.5%","https://agritech.tnau.ac.in/agriculture/agri_min_nutri_essentialelements.html"
"Essential elements","","","","","Mg","Magnesium","Macro","Average concentration in plant","0.2%","https://agritech.tnau.ac.in/agriculture/agri_min_nutri_essentialelements.html"
"Essential elements","","","","","P","Phosphorus","Macro","Average concentration in plant","0.1%","https://agritech.tnau.ac.in/agriculture/agri_min_nutri_essentialelements.html"
"Essential elements","","","","","S","Sulphur","Macro","Average concentration in plant","0.1%","https://agritech.tnau.ac.in/agriculture/agri_min_nutri_essentialelements.html"
"Essential elements","","","","","Cl","Chlorine","Micro","Average concentration in plant","100 ppm (0.01%)","https://agritech.tnau.ac.in/agriculture/agri_min_nutri_essentialelements.html"
"Essential elements","","","","","Fe","Iron","Micro","Average concentration in plant","100 ppm","https://agritech.tnau.ac.in/agriculture/agri_min_nutri_essentialelements.html"
"Essential elements","","","","","B","Boron","Micro","Average concentration in plant","20 ppm","https://agritech.tnau.ac.in/agriculture/agri_min_nutri_essentialelements.html"
"Essential elements","","","","","Mn","Manganese","Micro","Average concentration in plant","50 ppm","https://agritech.tnau.ac.in/agriculture/agri_min_nutri_essentialelements.html"
"Essential elements","","","","","Zn","Zinc","Micro","Average concentration in plant","20 ppm","https://agritech.tnau.ac.in/agriculture/agri_min_nutri_essentialelements.html"
"Essential elements","","","","","Cu","Copper","Micro","Average concentration in plant","6 ppm","https://agritech.tnau.ac.in/agriculture/agri_min_nutri_essentialelements.html"
"Essential elements","","","","","Mo","Molybdenum","Micro","Average concentration in plant","0.1 ppm","https://agritech.tnau.ac.in/agriculture/agri_min_nutri_essentialelements.html"
"Essential elements","","","","","Carbon","Carbon","Other / non-mineral","Function in plant","Basic molecular component of carbohydrates, proteins, lipids, and nucleic acids.","https://agritech.tnau.ac.in/agriculture/agri_min_nutri_essentialelements.html"
"Essential elements","","","","","Oxygen","Oxygen","Other / non-mineral","Function in plant","Oxygen is somewhat like carbon in that it occurs in virtually all organic compounds of living organisms.","https://agritech.tnau.ac.in/agriculture/agri_min_nutri_essentialelements.html"
"Essential elements","","","","","Hydrogen","Hydrogen","Other / non-mineral","Function in plant","Hydrogen plays a central role in plant metabolism. Important in ionic balance and as main reducing agent and plays a key role in energy relations of cells.","https://agritech.tnau.ac.in/agriculture/agri_min_nutri_essentialelements.html"
"Essential elements","","","","","Nitrogen","Nitrogen","Macro","Function in plant","Nitrogen is a component of many important organic compounds ranging from proteins to nucleic acids.","https://agritech.tnau.ac.in/agriculture/agri_min_nutri_essentialelements.html"
"Essential elements","","","","","Phosphorus","Phosphorus","Macro","Function in plant","Central role in plants is in energy transfer and protein metabolism.","https://agritech.tnau.ac.in/agriculture/agri_min_nutri_essentialelements.html"
"Essential elements","","","","","Potassium","Potassium","Macro","Function in plant","Helps in osmotic and ionic regulation. Potassium functions as a cofactor or activator for many enzymes of carbohydrate and protein metabolism.","https://agritech.tnau.ac.in/agriculture/agri_min_nutri_essentialelements.html"
"Essential elements","","","","","Calcium","Calcium","Macro","Function in plant","Calcium is involved in cell division and plays a major role in the maintenance of membrane integrity.","https://agritech.tnau.ac.in/agriculture/agri_min_nutri_essentialelements.html"
"Essential elements","","","","","Magnesium","Magnesium","Macro","Function in plant","Component of chlorophyll and a cofactor for many enzymatic reactions.","https://agritech.tnau.ac.in/agriculture/agri_min_nutri_essentialelements.html"
"Essential elements","","","","","Sulfur","Sulphur","Macro","Function in plant","Sulfur is somewhat like phosphorus in that it is involved in plant cell energetic.","https://agritech.tnau.ac.in/agriculture/agri_min_nutri_essentialelements.html"
"Essential elements","","","","","Iron","Iron","Micro","Function in plant","An essential component of many heme and nonheme Fe enzymes and carries, including the cytochromes (respiratory electron carriers) and the ferredoxins. The latter are involved in key metabolic function such as N fixation, photosynthesis, and electron transfer.","https://agritech.tnau.ac.in/agriculture/agri_min_nutri_essentialelements.html"
"Essential elements","","","","","Zinc","Zinc","Micro","Function in plant","Essential component of servral dehydrogenases, and peptidases, including carbonic anhydrase, alcohol dehydrogenase, glutamic dehydrogenase, and malic dehdrogenase, among others.","https://agritech.tnau.ac.in/agriculture/agri_min_nutri_essentialelements.html"
"Essential elements","","","","","Manganese","Manganese","Micro","Function in plant","Involved in the O2 - evolving system of photosynthesis and is a component of the enzymes arginase and phospho transferases.","https://agritech.tnau.ac.in/agriculture/agri_min_nutri_essentialelements.html"
"Essential elements","","","","","Copper","Copper","Micro","Function in plant","Constituent of a number of important enzymes, including cytochrome oxidize, ascorbic acid oxidase, and laccase.","https://agritech.tnau.ac.in/agriculture/agri_min_nutri_essentialelements.html"
"Essential elements","","","","","Boron","Boron","Micro","Function in plant","Involved in carbohydrate metabolism and synthesis of cell wall components.","https://agritech.tnau.ac.in/agriculture/agri_min_nutri_essentialelements.html"
"Essential elements","","","","","Molybdenum","Molybdenum","Micro","Function in plant","Required for the normal assimilation of N in plants. An essential component of nitrate reductase as well as nitrogenase (N2 fixation enzyme)","https://agritech.tnau.ac.in/agriculture/agri_min_nutri_essentialelements.html"
"Essential elements","","","","","Chlorine","Chlorine","Micro","Function in plant","Essential for photosynthesis and as an activator of enzymes involved in splitting water. It also functions in osmoregulation of plants growing on saline soils.","https://agritech.tnau.ac.in/agriculture/agri_min_nutri_essentialelements.html"
"Essential elements","","","","","Urea Nitrogen","Nitrogen","Macro","Absorption","Rapid","https://agritech.tnau.ac.in/agriculture/agri_min_nutri_essentialelements.html"
"Essential elements","","","","","Potassium","Potassium","Macro","Absorption","Rapid","https://agritech.tnau.ac.in/agriculture/agri_min_nutri_essentialelements.html"
"Essential elements","","","","","Zinc","Zinc","Micro","Absorption","Rapid","https://agritech.tnau.ac.in/agriculture/agri_min_nutri_essentialelements.html"
"Essential elements","","","","","Calcium","Calcium","Macro","Absorption","Moderate","https://agritech.tnau.ac.in/agriculture/agri_min_nutri_essentialelements.html"
"Essential elements","","","","","Sulfate","Sulphur","Macro","Absorption","Moderate","https://agritech.tnau.ac.in/agriculture/agri_min_nutri_essentialelements.html"
"Essential elements","","","","","Manganese","Manganese","Micro","Absorption","Moderate","https://agritech.tnau.ac.in/agriculture/agri_min_nutri_essentialelements.html"
"Essential elements","","","","","Boron","Boron","Micro","Absorption","Moderate","https://agritech.tnau.ac.in/agriculture/agri_min_nutri_essentialelements.html"
"Essential elements","","","","","Magnesium","Magnesium","Macro","Absorption","Slow","https://agritech.tnau.ac.in/agriculture/agri_min_nutri_essentialelements.html"
"Essential elements","","","","","Copper","Copper","Micro","Absorption","Slow","https://agritech.tnau.ac.in/agriculture/agri_min_nutri_essentialelements.html"
"Essential elements","","","","","Iron","Iron","Micro","Absorption","Slow","https://agritech.tnau.ac.in/agriculture/agri_min_nutri_essentialelements.html"
"Essential elements","","","","","Molybdenum","Molybdenum","Micro","Absorption","Slow","https://agritech.tnau.ac.in/agriculture/agri_min_nutri_essentialelements.html"
"Essential elements","","","","","Urea Nitrogen","Nitrogen","Macro","Mobility in plant","Mobile","https://agritech.tnau.ac.in/agriculture/agri_min_nutri_essentialelements.html"
"Essential elements","","","","","Potassium","Potassium","Macro","Mobility in plant","Mobile","https://agritech.tnau.ac.in/agriculture/agri_min_nutri_essentialelements.html"
"Essential elements","","","","","Phosphorus","Phosphorus","Macro","Mobility in plant","Mobile","https://agritech.tnau.ac.in/agriculture/agri_min_nutri_essentialelements.html"
"Essential elements","","","","","Sulfate","Sulphur","Macro","Mobility in plant","Mobile","https://agritech.tnau.ac.in/agriculture/agri_min_nutri_essentialelements.html"
"Essential elements","","","","","Zinc","Zinc","Micro","Mobility in plant","Partially Mobile","https://agritech.tnau.ac.in/agriculture/agri_min_nutri_essentialelements.html"
"Essential elements","","","","","Copper","Copper","Micro","Mobility in plant","Partially Mobile","https://agritech.tnau.ac.in/agriculture/agri_min_nutri_essentialelements.html"
"Essential elements","","","","","Manganese","Manganese","Micro","Mobility in plant","Partially Mobile","https://agritech.tnau.ac.in/agriculture/agri_min_nutri_essentialelements.html"
"Essential elements","","","","","Boron","Boron","Micro","Mobility in plant","Partially Mobile","https://agritech.tnau.ac.in/agriculture/agri_min_nutri_essentialelements.html"
"Essential elements","","","","","Molybdenum","Molybdenum","Micro","Mobility in plant","Partially Mobile","https://agritech.tnau.ac.in/agriculture/agri_min_nutri_essentialelements.html"
"Essential elements","","","","","Iron","Iron","Micro","Mobility in plant","Immobile","https://agritech.tnau.ac.in/agriculture/agri_min_nutri_essentialelements.html"
"Essential elements","","","","","Calcium","Calcium","Macro","Mobility in plant","Immobile","https://agritech.tnau.ac.in/agriculture/agri_min_nutri_essentialelements.html"
"Essential elements","","","","","Magnesium","Magnesium","Macro","Mobility in plant","Immobile","https://agritech.tnau.ac.in/agriculture/agri_min_nutri_essentialelements.html"
"Soil conditions","","","","","N","Nitrogen","Macro","Conditions inducing deficiency","Excess leaching with heavy rainfall, low organic matter content of soils, burning the crop residue","https://agritech.tnau.ac.in/agriculture/agri_min_nutri_soil_inducing.html"
"Soil conditions","","","","","P","Phosphorus","Macro","Conditions inducing deficiency","Acidic condition, calcareous soils","https://agritech.tnau.ac.in/agriculture/agri_min_nutri_soil_inducing.html"
"Soil conditions","","","","","K","Potassium","Macro","Conditions inducing deficiency","Sandy, organic, leached and eroded soils; intensive cropping system without addition of fertilizer","https://agritech.tnau.ac.in/agriculture/agri_min_nutri_soil_inducing.html"
"Soil conditions","","","","","Ca","Calcium","Macro","Conditions inducing deficiency","Acidic, Alkali, or sodic soils","https://agritech.tnau.ac.in/agriculture/agri_min_nutri_soil_inducing.html"
"Soil conditions","","","","","Mg","Magnesium","Macro","Conditions inducing deficiency","Similar to Calcium","https://agritech.tnau.ac.in/agriculture/agri_min_nutri_soil_inducing.html"
"Soil conditions","","","","","S","Sulphur","Macro","Conditions inducing deficiency","Low organic matter content of soils ; use of N and P fertilizers containing no sulfur, burning the crop residue","https://agritech.tnau.ac.in/agriculture/agri_min_nutri_soil_inducing.html"
"Soil conditions","","","","","Fe","Iron","Micro","Conditions inducing deficiency","Calcareous silt and clays, high organic matter, calcareous soils","https://agritech.tnau.ac.in/agriculture/agri_min_nutri_soil_inducing.html"
"Soil conditions","","","","","Zn","Zinc","Micro","Conditions inducing deficiency","Highly leached acidic soils, calcareous soils, high levels of Ca, Mg, and P in the soils","https://agritech.tnau.ac.in/agriculture/agri_min_nutri_soil_inducing.html"
"Soil conditions","","","","","Mn","Manganese","Micro","Conditions inducing deficiency","Calcareous silt and clays, high organic matter, Calcareous soil","https://agritech.tnau.ac.in/agriculture/agri_min_nutri_soil_inducing.html"
"Soil conditions","","","","","B","Boron","Micro","Conditions inducing deficiency","Sandy soils, naturally acidic leached soils, alkaline soils with free lime","https://agritech.tnau.ac.in/agriculture/agri_min_nutri_soil_inducing.html"
"Soil conditions","","","","","Mo","Molybdenum","Micro","Conditions inducing deficiency","Highly podzolized soils ; well drained calcareous soils","https://agritech.tnau.ac.in/agriculture/agri_min_nutri_soil_inducing.html"
"Soil conditions","","","","","Nitrogen","Nitrogen","Macro","Normal range in soil","0.02-0.50 % | 200-5000 ppm","https://agritech.tnau.ac.in/agriculture/agri_min_nutri_soil_inducing.html"
"Soil conditions","","","","","Phosphorus","Phosphorus","Macro","Normal range in soil","0.01-0.20 % | 100-2000 ppm","https://agritech.tnau.ac.in/agriculture/agri_min_nutri_soil_inducing.html"
"Soil conditions","","","","","Potassium","Potassium","Macro","Normal range in soil","0.17-3.30 % | 1700-33000 ppm","https://agritech.tnau.ac.in/agriculture/agri_min_nutri_soil_inducing.html"
"Soil conditions","","","","","Calcium","Calcium","Macro","Normal range in soil","0.07-3.60 % | 700-36000 ppm","https://agritech.tnau.ac.in/agriculture/agri_min_nutri_soil_inducing.html"
"Soil conditions","","","","","Magnesium","Magnesium","Macro","Normal range in soil","0.12-1.50 % | 1200-15000 ppm","https://agritech.tnau.ac.in/agriculture/agri_min_nutri_soil_inducing.html"
"Soil conditions","","","","","Sulphur","Sulphur","Macro","Normal range in soil","0.01-0.20 % | 100-2000 ppm","https://agritech.tnau.ac.in/agriculture/agri_min_nutri_soil_inducing.html"
"Soil conditions","","","","","Iron","Iron","Micro","Normal range in soil","0.50-5.00 % | 5000-50000 ppm","https://agritech.tnau.ac.in/agriculture/agri_min_nutri_soil_inducing.html"
"Soil conditions","","","","","Manganese","Manganese","Micro","Normal range in soil","0.02-1.00 % | 200-10000 ppm","https://agritech.tnau.ac.in/agriculture/agri_min_nutri_soil_inducing.html"
"Soil conditions","","","","","Zinc","Zinc","Micro","Normal range in soil","0.001-0.025 % | 10-250 ppm","https://agritech.tnau.ac.in/agriculture/agri_min_nutri_soil_inducing.html"
"Soil conditions","","","","","Boron","Boron","Micro","Normal range in soil","0.0005-0.015 % | 5-150 ppm","https://agritech.tnau.ac.in/agriculture/agri_min_nutri_soil_inducing.html"
"Soil conditions","","","","","Copper","Copper","Micro","Normal range in soil","0.0005-0.015 % | 5-150 ppm","https://agritech.tnau.ac.in/agriculture/agri_min_nutri_soil_inducing.html"
"Soil conditions","","","","","Chlorine","Chlorine","Micro","Normal range in soil","0.001-0.10 % | 10-1000 ppm","https://agritech.tnau.ac.in/agriculture/agri_min_nutri_soil_inducing.html"
"Soil conditions","","","","","Cobalt","Cobalt","Micro","Normal range in soil","0.0001-0.005 % | 1-50 ppm","https://agritech.tnau.ac.in/agriculture/agri_min_nutri_soil_inducing.html"
"Soil conditions","","","","","Molybdenum","Molybdenum","Micro","Normal range in soil","0.00002-0.0005 % | 0.2-5 ppm","https://agritech.tnau.ac.in/agriculture/agri_min_nutri_soil_inducing.html"
"Plant tissue thresholds","","","Major Elements","","Nitrogen (N)","Nitrogen","Macro","Plant tissue status thresholds","Deficient: <2.50 % | Sufficient/Normal: 2.50 - 4.50 % | Excessive/Toxic: >6.00 %","https://agritech.tnau.ac.in/agriculture/agri_min_nutri_soil_inducing.html"
"Plant tissue thresholds","","","Major Elements","","Phosphorus (P)","Phosphorus","Macro","Plant tissue status thresholds","Deficient: <0.15 % | Sufficient/Normal: 0.20 - 0.75 % | Excessive/Toxic: >1.00 %","https://agritech.tnau.ac.in/agriculture/agri_min_nutri_soil_inducing.html"
"Plant tissue thresholds","","","Major Elements","","Potassium (K)","Potassium","Macro","Plant tissue status thresholds","Deficient: <1.00 % | Sufficient/Normal: 1.50 - 5.50 % | Excessive/Toxic: >6.00 %","https://agritech.tnau.ac.in/agriculture/agri_min_nutri_soil_inducing.html"
"Plant tissue thresholds","","","Major Elements","","Calcium (Ca)","Calcium","Macro","Plant tissue status thresholds","Deficient: <0.50 % | Sufficient/Normal: 1.00 - 4.00 % | Excessive/Toxic: >5.00 %","https://agritech.tnau.ac.in/agriculture/agri_min_nutri_soil_inducing.html"
"Plant tissue thresholds","","","Major Elements","","Magnesium (Mg)","Magnesium","Macro","Plant tissue status thresholds","Deficient: <0.20 % | Sufficient/Normal: 0.25 - 1.00 % | Excessive/Toxic: >1.50 %","https://agritech.tnau.ac.in/agriculture/agri_min_nutri_soil_inducing.html"
"Plant tissue thresholds","","","Major Elements","","Sulfur(S)","Sulphur","Macro","Plant tissue status thresholds","Deficient: <0.20 % | Sufficient/Normal: 0.25 - 1.00 % | Excessive/Toxic: >3.00 %","https://agritech.tnau.ac.in/agriculture/agri_min_nutri_soil_inducing.html"
"Plant tissue thresholds","","","Micronutrients","","Boron (B)","Boron","Micro","Plant tissue status thresholds","Deficient: 5 - 30 ppm | Sufficient/Normal: 10 - 200 ppm | Excessive/Toxic: 50 - 200 ppm","https://agritech.tnau.ac.in/agriculture/agri_min_nutri_soil_inducing.html"
"Plant tissue thresholds","","","Micronutrients","","Chlonne (Cl)","Chlorine","Micro","Plant tissue status thresholds","Deficient: <100 ppm | Sufficient/Normal: 100 - 500 ppm | Excessive/Toxic: 500 - 1,000 ppm","https://agritech.tnau.ac.in/agriculture/agri_min_nutri_soil_inducing.html"
"Plant tissue thresholds","","","Micronutrients","","Copper (Cu)","Copper","Micro","Plant tissue status thresholds","Deficient: 2 - 5 ppm | Sufficient/Normal: 5 - 30 ppm | Excessive/Toxic: 20 - 100 ppm","https://agritech.tnau.ac.in/agriculture/agri_min_nutri_soil_inducing.html"
"Plant tissue thresholds","","","Micronutrients","","Iron (Fe)","Iron","Micro","Plant tissue status thresholds","Deficient: <50 ppm | Sufficient/Normal: 100 - 500 ppm | Excessive/Toxic: >500 ppm","https://agritech.tnau.ac.in/agriculture/agri_min_nutri_soil_inducing.html"
"Plant tissue thresholds","","","Micronutrients","","Manganese (Mn)","Manganese","Micro","Plant tissue status thresholds","Deficient: 15 - 25 ppm | Sufficient/Normal: 20 - 300 ppm | Excessive/Toxic: 300 - 500 ppm","https://agritech.tnau.ac.in/agriculture/agri_min_nutri_soil_inducing.html"
"Plant tissue thresholds","","","Micronutrients","","Molybdenum (Mo)","Molybdenum","Micro","Plant tissue status thresholds","Deficient: 0.03 - 0.15 ppm | Sufficient/Normal: 0.1 - 2.0 ppm | Excessive/Toxic: >100 ppm","https://agritech.tnau.ac.in/agriculture/agri_min_nutri_soil_inducing.html"
"Plant tissue thresholds","","","Micronutrients","","Zinc(Zn)","Zinc","Micro","Plant tissue status thresholds","Deficient: 10 - 20 ppm | Sufficient/Normal: 27 - 100 ppm | Excessive/Toxic: 100 - 400 ppm","https://agritech.tnau.ac.in/agriculture/agri_min_nutri_soil_inducing.html"
"Tissue test levels","","","","","Nitrogen","Nitrogen","Macro","Normal healthy foliar concentration","1.0 to 3.0 %","https://agritech.tnau.ac.in/agriculture/agri_min_nutri_rapidtissuetest.html"
"Tissue test levels","","","","","Iron","Iron","Micro","Normal healthy foliar concentration","20 to 100 ppm","https://agritech.tnau.ac.in/agriculture/agri_min_nutri_rapidtissuetest.html"
"Tissue test levels","","","","","Phosphorus","Phosphorus","Macro","Normal healthy foliar concentration","0.05 to 1.0 %","https://agritech.tnau.ac.in/agriculture/agri_min_nutri_rapidtissuetest.html"
"Tissue test levels","","","","","Zinc","Zinc","Micro","Normal healthy foliar concentration","15 to 50 ppm","https://agritech.tnau.ac.in/agriculture/agri_min_nutri_rapidtissuetest.html"
"Tissue test levels","","","","","Potassium","Potassium","Macro","Normal healthy foliar concentration","0.8 to 1.2 %","https://agritech.tnau.ac.in/agriculture/agri_min_nutri_rapidtissuetest.html"
"Tissue test levels","","","","","Manganese","Manganese","Micro","Normal healthy foliar concentration","2.0 to 10 ppm","https://agritech.tnau.ac.in/agriculture/agri_min_nutri_rapidtissuetest.html"
"Tissue test levels","","","","","Calcium","Calcium","Macro","Normal healthy foliar concentration","0.3 to 0.6 %","https://agritech.tnau.ac.in/agriculture/agri_min_nutri_rapidtissuetest.html"
"Tissue test levels","","","","","Copper","Copper","Micro","Normal healthy foliar concentration","10 to 20 ppm","https://agritech.tnau.ac.in/agriculture/agri_min_nutri_rapidtissuetest.html"
"Tissue test levels","","","","","Magnesium","Magnesium","Macro","Normal healthy foliar concentration","0.2 to 0.4 %","https://agritech.tnau.ac.in/agriculture/agri_min_nutri_rapidtissuetest.html"
"Tissue test levels","","","","","Boron","Boron","Micro","Normal healthy foliar concentration","5 to 15 ppm","https://agritech.tnau.ac.in/agriculture/agri_min_nutri_rapidtissuetest.html"
"Tissue test levels","","","","","Sulphur","Sulphur","Macro","Normal healthy foliar concentration","0.2 to 0.3 %","https://agritech.tnau.ac.in/agriculture/agri_min_nutri_rapidtissuetest.html"
"Tissue test levels","","","","","Molybdenum","Molybdenum","Micro","Normal healthy foliar concentration","0.5 to 5.0 ppm","https://agritech.tnau.ac.in/agriculture/agri_min_nutri_rapidtissuetest.html"
"Tissue test levels","","","Cereals","","Nitrogen","Nitrogen","Macro","Plant part to sample","Stem/Midrib","https://agritech.tnau.ac.in/agriculture/agri_min_nutri_rapidtissuetest.html"
"Tissue test levels","","","Cereals","","Phosphorus","Phosphorus","Macro","Plant part to sample","Leaf blade","https://agritech.tnau.ac.in/agriculture/agri_min_nutri_rapidtissuetest.html"
"Tissue test levels","","","Cereals","","Potassium","Potassium","Macro","Plant part to sample","Leaf blade","https://agritech.tnau.ac.in/agriculture/agri_min_nutri_rapidtissuetest.html"
"Tissue test levels","","","Cereals","","Calcium","Calcium","Macro","Plant part to sample","Leaf lamina","https://agritech.tnau.ac.in/agriculture/agri_min_nutri_rapidtissuetest.html"
"Tissue test levels","","","Cereals","","Magnesium","Magnesium","Macro","Plant part to sample","Leaf lamina","https://agritech.tnau.ac.in/agriculture/agri_min_nutri_rapidtissuetest.html"
"Tissue test levels","","","Cereals","","Sulphur","Sulphur","Macro","Plant part to sample","Leaf blade","https://agritech.tnau.ac.in/agriculture/agri_min_nutri_rapidtissuetest.html"
"Tissue test levels","","","Pulses","","Nitrogen","Nitrogen","Macro","Plant part to sample","Petiole","https://agritech.tnau.ac.in/agriculture/agri_min_nutri_rapidtissuetest.html"
"Tissue test levels","","","Pulses","","Phosphorus","Phosphorus","Macro","Plant part to sample","Leaf blade","https://agritech.tnau.ac.in/agriculture/agri_min_nutri_rapidtissuetest.html"
"Tissue test levels","","","Pulses","","Potassium","Potassium","Macro","Plant part to sample","Leaf blade","https://agritech.tnau.ac.in/agriculture/agri_min_nutri_rapidtissuetest.html"
"Tissue test levels","","","Pulses","","Calcium","Calcium","Macro","Plant part to sample","Leaf lamina","https://agritech.tnau.ac.in/agriculture/agri_min_nutri_rapidtissuetest.html"
"Tissue test levels","","","Pulses","","Magnesium","Magnesium","Macro","Plant part to sample","Leaf lamina","https://agritech.tnau.ac.in/agriculture/agri_min_nutri_rapidtissuetest.html"
"Tissue test levels","","","Pulses","","Sulphur","Sulphur","Macro","Plant part to sample","Leaf blade","https://agritech.tnau.ac.in/agriculture/agri_min_nutri_rapidtissuetest.html"
"Tissue test levels","","","Oil seeds","","Nitrogen","Nitrogen","Macro","Plant part to sample","Petiole","https://agritech.tnau.ac.in/agriculture/agri_min_nutri_rapidtissuetest.html"
"Tissue test levels","","","Oil seeds","","Phosphorus","Phosphorus","Macro","Plant part to sample","Leaf blade","https://agritech.tnau.ac.in/agriculture/agri_min_nutri_rapidtissuetest.html"
"Tissue test levels","","","Oil seeds","","Potassium","Potassium","Macro","Plant part to sample","Leaf blade","https://agritech.tnau.ac.in/agriculture/agri_min_nutri_rapidtissuetest.html"
"Tissue test levels","","","Oil seeds","","Calcium","Calcium","Macro","Plant part to sample","Leaf lamina","https://agritech.tnau.ac.in/agriculture/agri_min_nutri_rapidtissuetest.html"
"Tissue test levels","","","Oil seeds","","Magnesium","Magnesium","Macro","Plant part to sample","Leaf lamina","https://agritech.tnau.ac.in/agriculture/agri_min_nutri_rapidtissuetest.html"
"Tissue test levels","","","Oil seeds","","Sulphur","Sulphur","Macro","Plant part to sample","Leaf blade","https://agritech.tnau.ac.in/agriculture/agri_min_nutri_rapidtissuetest.html"
"Tissue test levels","","","Cotton","","Nitrogen","Nitrogen","Macro","Plant part to sample","Petiole","https://agritech.tnau.ac.in/agriculture/agri_min_nutri_rapidtissuetest.html"
"Tissue test levels","","","Cotton","","Phosphorus","Phosphorus","Macro","Plant part to sample","Petiole","https://agritech.tnau.ac.in/agriculture/agri_min_nutri_rapidtissuetest.html"
"Tissue test levels","","","Cotton","","Potassium","Potassium","Macro","Plant part to sample","Petiole","https://agritech.tnau.ac.in/agriculture/agri_min_nutri_rapidtissuetest.html"
"Tissue test levels","","","Cotton","","Calcium","Calcium","Macro","Plant part to sample","Petiole","https://agritech.tnau.ac.in/agriculture/agri_min_nutri_rapidtissuetest.html"
"Tissue test levels","","","Cotton","","Magnesium","Magnesium","Macro","Plant part to sample","Petiole","https://agritech.tnau.ac.in/agriculture/agri_min_nutri_rapidtissuetest.html"
"Tissue test levels","","","Cotton","","Sulphur","Sulphur","Macro","Plant part to sample","Petiole","https://agritech.tnau.ac.in/agriculture/agri_min_nutri_rapidtissuetest.html"
"Tissue test levels","","","Banana","","Nitrogen","Nitrogen","Macro","Plant part to sample","Leaf lamina","https://agritech.tnau.ac.in/agriculture/agri_min_nutri_rapidtissuetest.html"
"Tissue test levels","","","Banana","","Phosphorus","Phosphorus","Macro","Plant part to sample","Leaf lamina","https://agritech.tnau.ac.in/agriculture/agri_min_nutri_rapidtissuetest.html"
"Tissue test levels","","","Banana","","Potassium","Potassium","Macro","Plant part to sample","Leaf lamina","https://agritech.tnau.ac.in/agriculture/agri_min_nutri_rapidtissuetest.html"
"Tissue test levels","","","Banana","","Calcium","Calcium","Macro","Plant part to sample","Leaf lamina","https://agritech.tnau.ac.in/agriculture/agri_min_nutri_rapidtissuetest.html"
"Tissue test levels","","","Banana","","Magnesium","Magnesium","Macro","Plant part to sample","Leaf lamina","https://agritech.tnau.ac.in/agriculture/agri_min_nutri_rapidtissuetest.html"
"Tissue test levels","","","Banana","","Sulphur","Sulphur","Macro","Plant part to sample","Leaf lamina","https://agritech.tnau.ac.in/agriculture/agri_min_nutri_rapidtissuetest.html"
"Tissue test levels","","","Papaya","","Nitrogen","Nitrogen","Macro","Plant part to sample","Petiole","https://agritech.tnau.ac.in/agriculture/agri_min_nutri_rapidtissuetest.html"
"Tissue test levels","","","Papaya","","Phosphorus","Phosphorus","Macro","Plant part to sample","Petiole","https://agritech.tnau.ac.in/agriculture/agri_min_nutri_rapidtissuetest.html"
"Tissue test levels","","","Papaya","","Potassium","Potassium","Macro","Plant part to sample","Petiole","https://agritech.tnau.ac.in/agriculture/agri_min_nutri_rapidtissuetest.html"
"Tissue test levels","","","Papaya","","Calcium","Calcium","Macro","Plant part to sample","Petiole","https://agritech.tnau.ac.in/agriculture/agri_min_nutri_rapidtissuetest.html"
"Tissue test levels","","","Papaya","","Magnesium","Magnesium","Macro","Plant part to sample","Petiole","https://agritech.tnau.ac.in/agriculture/agri_min_nutri_rapidtissuetest.html"
"Tissue test levels","","","Papaya","","Sulphur","Sulphur","Macro","Plant part to sample","Petiole","https://agritech.tnau.ac.in/agriculture/agri_min_nutri_rapidtissuetest.html"
"Tissue test levels","","","Vegetables","","Nitrogen","Nitrogen","Macro","Plant part to sample","Petiole, Leaf blade","https://agritech.tnau.ac.in/agriculture/agri_min_nutri_rapidtissuetest.html"
"Tissue test levels","","","Vegetables","","Phosphorus","Phosphorus","Macro","Plant part to sample","Petiole Leaf blade","https://agritech.tnau.ac.in/agriculture/agri_min_nutri_rapidtissuetest.html"
"Tissue test levels","","","Vegetables","","Potassium","Potassium","Macro","Plant part to sample","Petiole, Leaf blade","https://agritech.tnau.ac.in/agriculture/agri_min_nutri_rapidtissuetest.html"
"Tissue test levels","","","Vegetables","","Calcium","Calcium","Macro","Plant part to sample","Petiole, Leaf blade","https://agritech.tnau.ac.in/agriculture/agri_min_nutri_rapidtissuetest.html"
"Tissue test levels","","","Vegetables","","Magnesium","Magnesium","Macro","Plant part to sample","Petiole, Leaf blade","https://agritech.tnau.ac.in/agriculture/agri_min_nutri_rapidtissuetest.html"
"Tissue test levels","","","Vegetables","","Sulphur","Sulphur","Macro","Plant part to sample","Petiole, Leaf blade","https://agritech.tnau.ac.in/agriculture/agri_min_nutri_rapidtissuetest.html"
"Plant sampling procedures","","","Field crops","Maize*","","","","Tissue sampling procedure","Stage of growth: Seedling stage (less than 30 cm) | Part to sample: All the above ground portion | Number of plants: 20-30","https://agritech.tnau.ac.in/agriculture/agri_min_nutri_plantsampling.html"
"Plant sampling procedures","","","Field crops","Maize*","","","","Tissue sampling procedure","Stage of growth: Prior to tasseling | Part to sample: The entire leaf blade fully developed below the whorl | Number of plants: 15-25","https://agritech.tnau.ac.in/agriculture/agri_min_nutri_plantsampling.html"
"Plant sampling procedures","","","Field crops","Maize*","","","","Tissue sampling procedure","Stage of growth: From tasseling and shooting to silking | Part to sample: The entire leaf blade at the ear node (or immediately above or below it) | Number of plants: 15-25 | Note: * Sampling after silking occurs is not recommended","https://agritech.tnau.ac.in/agriculture/agri_min_nutri_plantsampling.html"
"Plant sampling procedures","","","Field crops","Soybeans or Other Beans*","","","","Tissue sampling procedure","Stage of growth: Seedling stage (less than 30 cm) | Part to sample: All the above ground portion | Number of plants: 20-30","https://agritech.tnau.ac.in/agriculture/agri_min_nutri_plantsampling.html"
"Plant sampling procedures","","","Field crops","Soybeans or Other Beans*","","","","Tissue sampling procedure","Stage of growth: Prior to or during initial flowering | Part to sample: The leaflets on 2 or 3 fully developed leaves at the top of the plant | Number of plants: 20-30 | Note: * Sampling after pods begin to set not recommended.","https://agritech.tnau.ac.in/agriculture/agri_min_nutri_plantsampling.html"
"Plant sampling procedures","","","Field crops","Small Grains (including rice)*","","","","Tissue sampling procedure","Stage of growth: Seedling stage (less than 30 cm) | Part to sample: All the above ground portion | Number of plants: 50-100 | Note: * Sampling after pods begin to set not recommended.","https://agritech.tnau.ac.in/agriculture/agri_min_nutri_plantsampling.html"
"Plant sampling procedures","","","Field crops","Hay Pasture, or Forage Grasses","","","","Tissue sampling procedure","Stage of growth: Prior to seed head emergence or at the optimum stage for best quality forage | Part to sample: The 4 uppermost leaf blades | Number of plants: 40-50","https://agritech.tnau.ac.in/agriculture/agri_min_nutri_plantsampling.html"
"Plant sampling procedures","","","Field crops","Alfalfa","","","","Tissue sampling procedure","Stage of growth: Prior to or at 1/10 bloom stage | Part to sample: Mature leaf blades taken about 1/3 of the way down the plant | Number of plants: 40-50","https://agritech.tnau.ac.in/agriculture/agri_min_nutri_plantsampling.html"
"Plant sampling procedures","","","Field crops","Clover and Other Legumes","","","","Tissue sampling procedure","Stage of growth: Prior to bloom | Part to sample: Mature leaf blades taken about 1/3 of the way down from top of the plant | Number of plants: 40-50","https://agritech.tnau.ac.in/agriculture/agri_min_nutri_plantsampling.html"
"Plant sampling procedures","","","Field crops","Cotton","","","","Tissue sampling procedure","Stage of growth: Prior to or at first bloom or when first squares appear | Part to sample: Youngest fully mature leaf blades on main stem. | Number of plants: 30-40","https://agritech.tnau.ac.in/agriculture/agri_min_nutri_plantsampling.html"
"Plant sampling procedures","","","Field crops","Tobacco","","","","Tissue sampling procedure","Stage of growth: Before bloom | Part to sample: Uppermost fully developed leaf blade | Number of plants: 8-12","https://agritech.tnau.ac.in/agriculture/agri_min_nutri_plantsampling.html"
"Plant sampling procedures","","","Field crops","Sorghum","","","","Tissue sampling procedure","Stage of growth: Prior to or at bloom stage | Part to sample: Leaflets of mature leaves from both the main stem and either cotyledon lateral branch | Number of plants: 15-25","https://agritech.tnau.ac.in/agriculture/agri_min_nutri_plantsampling.html"
"Plant sampling procedures","","","Field crops","Peanuts (Groundnuts)","","","","Tissue sampling procedure","Stage of growth: Prior to or at bloom stage | Part to sample: Leaflets of mature leaves from both the main stem and either cotyledon lateral branch | Number of plants: 40-50","https://agritech.tnau.ac.in/agriculture/agri_min_nutri_plantsampling.html"
"Plant sampling procedures","","","Vegetables","Potato","","","","Tissue sampling procedure","Stage of growth: Early growth (35-40 days after planting) | Part to sample: Fourth to sixth leaf from growing tip | Number of plants: 20-30","https://agritech.tnau.ac.in/agriculture/agri_min_nutri_plantsampling.html"
"Plant sampling procedures","","","Vegetables","Tomato","","","","Tissue sampling procedure","Stage of growth: Early bloom | Part to sample: Fourth to sixth leaf from growing tip | Number of plants: 20-25","https://agritech.tnau.ac.in/agriculture/agri_min_nutri_plantsampling.html"
"Plant sampling procedures","","","Vegetables","Chilli and Sweet pepper","","","","Tissue sampling procedure","Stage of growth: Early fruit set | Part to sample: Young mature leaves | Number of plants: 20-25","https://agritech.tnau.ac.in/agriculture/agri_min_nutri_plantsampling.html"
"Plant sampling procedures","","","Vegetables","Cauliflower","","","","Tissue sampling procedure","Stage of growth: Button stage of curd | Part to sample: Young mature outside leaves | Number of plants: 10-20","https://agritech.tnau.ac.in/agriculture/agri_min_nutri_plantsampling.html"
"Plant sampling procedures","","","Vegetables","Cabbage","","","","Tissue sampling procedure","Stage of growth: Prior to heading | Part to sample: First mature leaf from central whort | Number of plants: 10-20","https://agritech.tnau.ac.in/agriculture/agri_min_nutri_plantsampling.html"
"Plant sampling procedures","","","Vegetables","Broccoli","","","","Tissue sampling procedure","Stage of growth: First bud formation stage | Part to sample: Young mature leaves | Number of plants: 10-20","https://agritech.tnau.ac.in/agriculture/agri_min_nutri_plantsampling.html"
"Plant sampling procedures","","","Vegetables","Brussels sprouts","","","","Tissue sampling procedure","Stage of growth: Mid growth | Part to sample: Young mature leaves | Number of plants: 10-20","https://agritech.tnau.ac.in/agriculture/agri_min_nutri_plantsampling.html"
"Plant sampling procedures","","","Vegetables","Watermelon, Muskmelon, Cucumber, Pumpkin, etc","","","","Tissue sampling procedure","Stage of growth: Early growth prior to fruit set | Part to sample: Mature leaves near the base portion of plant on main stem. | Number of plants: 20-30","https://agritech.tnau.ac.in/agriculture/agri_min_nutri_plantsampling.html"
"Plant sampling procedures","","","Vegetables","Beans (French bean, Cowpea, Lima bean, Hyacinth bean, etc.)","","","","Tissue sampling procedure","Stage of growth: Initial flowering | Part to sample: Two to three fully developed leaves at top of the plant | Number of plants: 20-30","https://agritech.tnau.ac.in/agriculture/agri_min_nutri_plantsampling.html"
"Plant sampling procedures","","","Vegetables","Pea","","","","Tissue sampling procedure","Stage of growth: Initial flowering | Part to sample: Leaves form third node down from top of the plant | Number of plants: 30-60","https://agritech.tnau.ac.in/agriculture/agri_min_nutri_plantsampling.html"
"Plant sampling procedures","","","Vegetables","Root crops (Carrot, Radish, Beet, Turnip)","","","","Tissue sampling procedure","Stage of growth: Initial flowering | Part to sample: Young from third node down from top of the plant | Number of plants: 20-30","https://agritech.tnau.ac.in/agriculture/agri_min_nutri_plantsampling.html"
"Plant sampling procedures","","","Vegetables","Bulb crops (Onion, Garlic etc.)","","","","Tissue sampling procedure","Stage of growth: Prior to bulbing | Part to sample: Young mature leaves from centre | Number of plants: 20-30","https://agritech.tnau.ac.in/agriculture/agri_min_nutri_plantsampling.html"
"Plant sampling procedures","","","Vegetables","Celery","","","","Tissue sampling procedure","Stage of growth: Midgrowth (30-35 cm tall) | Part to sample: Petiole of youngest fully elongated leaf | Number of plants: 10-20","https://agritech.tnau.ac.in/agriculture/agri_min_nutri_plantsampling.html"
"Plant sampling procedures","","","Vegetables","Lettuce (leaf type)","","","","Tissue sampling procedure","Stage of growth: Heading | Part to sample: Midrib of wrapper leaf | Number of plants: 30-40","https://agritech.tnau.ac.in/agriculture/agri_min_nutri_plantsampling.html"
"Plant sampling procedures","","","Vegetables","Lettuce (leaf type)","","","","Tissue sampling procedure","Stage of growth: Midgrowth | Part to sample: Youngest mature leaf | Number of plants: 30-40","https://agritech.tnau.ac.in/agriculture/agri_min_nutri_plantsampling.html"
"Plant sampling procedures","","","Vegetables","Leafy greens (Palak, Spinach, etc.)","","","","Tissue sampling procedure","Stage of growth: Midgrowth | Part to sample: Youngest mature leaf | Number of plants: 30-40","https://agritech.tnau.ac.in/agriculture/agri_min_nutri_plantsampling.html"
"Plant sampling procedures","","","Vegetables","Sweet potato","","","","Tissue sampling procedure","Stage of growth: Prior to root enlargement | Part to sample: Fourth to sixth leaf from the growing tip | Number of plants: 20-30","https://agritech.tnau.ac.in/agriculture/agri_min_nutri_plantsampling.html"
"Plant sampling procedures","","","Vegetables","Asparagus","","","","Tissue sampling procedure","Stage of growth: Midgrowth of the ferm | Part to sample: Top 10 cm of the new fern branch | Number of plants: 20-30","https://agritech.tnau.ac.in/agriculture/agri_min_nutri_plantsampling.html"
"Plant sampling procedures","","","Vegetables","Sweet com","","","","Tissue sampling procedure","Stage of growth: Tasseling | Part to sample: Entire leaf at the ear node | Number of plants: 20-30","https://agritech.tnau.ac.in/agriculture/agri_min_nutri_plantsampling.html"
"Plant sampling procedures","","","Fruits And Nuts","Apple, Apricot, Almond, Prune, Peach, Pear, Cherry","","","","Tissue sampling procedure","Stage of growth: Mid season | Part to sample: Leaf blade near base of current year's growth or from spurs | Number of plants: 50-100","https://agritech.tnau.ac.in/agriculture/agri_min_nutri_plantsampling.html"
"Plant sampling procedures","","","Fruits And Nuts","Strawberry","","","","Tissue sampling procedure","Stage of growth: Mid season | Part to sample: Youngest fully expanded mature leaves, without petioles | Number of plants: 50-75","https://agritech.tnau.ac.in/agriculture/agri_min_nutri_plantsampling.html"
"Plant sampling procedures","","","Fruits And Nuts","Pecan","","","","Tissue sampling procedure","Stage of growth: 6 to 8 weeks after bloom | Part to sample: Leaflets from terminal shoots, (taking the pairs from the middle of the leaf) | Number of plants: 30-45","https://agritech.tnau.ac.in/agriculture/agri_min_nutri_plantsampling.html"
"Plant sampling procedures","","","Fruits And Nuts","Walnut","","","","Tissue sampling procedure","Stage of growth: 6 to 8 weeks after bloom | Part to sample: Middle leaflet pairs from mature shoots | Number of plants: 30-35","https://agritech.tnau.ac.in/agriculture/agri_min_nutri_plantsampling.html"
"Plant sampling procedures","","","Fruits And Nuts","Grapes","","","","Tissue sampling procedure","Stage of growth: End of bloom period | Part to sample: Petioles from leaves adjacent to fruit clusters | Number of plants: 60-100","https://agritech.tnau.ac.in/agriculture/agri_min_nutri_plantsampling.html"
"Plant sampling procedures","","","Fruits And Nuts","Raspberry","","","","Tissue sampling procedure","Stage of growth: Mid season | Part to sample: Youngest mature leaves on laterals or ""primo"" canes (without leaf petioles) | Number of plants: 20-40","https://agritech.tnau.ac.in/agriculture/agri_min_nutri_plantsampling.html"
"Plant sampling procedures","","","Fruits And Nuts","Ornamental trees","","","","Tissue sampling procedure","Stage of growth: Current year's growth | Part to sample: Fully developed leaves (without petioles) | Number of plants: 30-100","https://agritech.tnau.ac.in/agriculture/agri_min_nutri_plantsampling.html"
"Plant sampling procedures","","","Fruits And Nuts","Ornamental Shrubs","","","","Tissue sampling procedure","Stage of growth: Current year's growth | Part to sample: Fully developed leaves | Number of plants: 30-100","https://agritech.tnau.ac.in/agriculture/agri_min_nutri_plantsampling.html"
"Plant sampling procedures","","","Fruits And Nuts","Turf","","","","Tissue sampling procedure","Stage of growth: During normal growing season | Part to sample: Leaf blades. Clip by hand to avoid contamination with soil or other material | Number of plants: ½ liter of material","https://agritech.tnau.ac.in/agriculture/agri_min_nutri_plantsampling.html"
"Plant sampling procedures","","","Fruits And Nuts","Roses","","","","Tissue sampling procedure","Stage of growth: During flower production | Part to sample: Upper leaves on the flowering stem, without petioles | Number of plants: 20-30","https://agritech.tnau.ac.in/agriculture/agri_min_nutri_plantsampling.html"
"Plant sampling procedures","","","Fruits And Nuts","Chrysanthemums","","","","Tissue sampling procedure","Stage of growth: Prior to or at flowering | Part to sample: Upper leaves on flowering stem | Number of plants: 20-30","https://agritech.tnau.ac.in/agriculture/agri_min_nutri_plantsampling.html"
"Plant sampling procedures","","","Fruits And Nuts","Carnations","","","","Tissue sampling procedure","Stage of growth: 1. Unpinched plants | Part to sample: 4th or 5th leaf pairs from base of plant | Number of plants: 20-30","https://agritech.tnau.ac.in/agriculture/agri_min_nutri_plantsampling.html"
"Plant sampling procedures","","","Fruits And Nuts","Carnations","","","","Tissue sampling procedure","Stage of growth: Pinched plants | Part to sample: 5th or 6th leaf pairs from top of primary laterals | Number of plants: 20-30","https://agritech.tnau.ac.in/agriculture/agri_min_nutri_plantsampling.html"
"Plant sampling procedures","","","Fruits And Nuts","Poinsettias","","","","Tissue sampling procedure","Stage of growth: Prior to or at flowering | Part to sample: Most recently mature, fully expanded leaf blades | Number of plants: 15-20","https://agritech.tnau.ac.in/agriculture/agri_min_nutri_plantsampling.html"
"Diagnosis","Foliage","","","","","","","Chlorosis (general)","Low soil fertility Excessively high light intensity Excessively high temperatures","https://agritech.tnau.ac.in/agriculture/agri_min_nutri_diagnosis.html"
"Diagnosis","Foliage","","","","","","","Chlorosis (younger leaves)","Inadequate supply of iron or manganese and possibly copper or zinc Plants excluded from light for extended period phytotoxicity from pesticides","https://agritech.tnau.ac.in/agriculture/agri_min_nutri_diagnosis.html"
"Diagnosis","Foliage","","","","","","","Chlorosis (older leaves)","Low nitrogen or potassium supply High soil salinity Over watering Poorly aerated soil mix","https://agritech.tnau.ac.in/agriculture/agri_min_nutri_diagnosis.html"
"Diagnosis","Foliage","","","","","","","Marginal chlorosis","Low magnesium and potassium supply (primarily lower leaves) High soil salinity Cold drifts (primarily lower leaves) Spider mite feeding injury (primarily lower leaves) Phytotoxicity from pesticides","https://agritech.tnau.ac.in/agriculture/agri_min_nutri_diagnosis.html"
"Diagnosis","Foliage","","","","","","","Interveinal chlorosis","Deficiency of iron or manganese (upper leaves affected first) Spider mite feeding injury Sulfur dioxide air pollution injury Phytotoxicity from pesticides","https://agritech.tnau.ac.in/agriculture/agri_min_nutri_diagnosis.html"
"Diagnosis","Foliage","","","","","","","Veinal chlorosis","Injury from certain herbicides","https://agritech.tnau.ac.in/agriculture/agri_min_nutri_diagnosis.html"
"Diagnosis","Foliage","","","","","","","Round chlorotic spots","Fungal or bacterial spots Phytotoxicity from pesticide, fertilizer or pollutant","https://agritech.tnau.ac.in/agriculture/agri_min_nutri_diagnosis.html"
"Diagnosis","Foliage","","","","","","","Irregular, chlorotic spots","Cold - water injury Fungal or bacterial leaf spots Virus or virus like infection Phytotoxicity from pesticides, fertilizers, or pollutants.","https://agritech.tnau.ac.in/agriculture/agri_min_nutri_diagnosis.html"
"Diagnosis","Foliage","","","","","","","Striped, chlorotic pattern not associated specifically with veins or interveinal areas","Feeding injury from spider mites, plant hoppers, leafhoppers, or trips","https://agritech.tnau.ac.in/agriculture/agri_min_nutri_diagnosis.html"
"Diagnosis","Foliage","","","","","","","Mosaic, chlorotic pattern","Cold - water injury of some plants Virus or virus like infection Phtotoxicity from pesticides","https://agritech.tnau.ac.in/agriculture/agri_min_nutri_diagnosis.html"
"Diagnosis","Foliage","","","","","","","Sectors of leaves that appear water soaked or have a greasy color","Early stages of high - temperature injury often associated with high light intensity or high temperatures which plants are subjected to when improperly handled during shipment.","https://agritech.tnau.ac.in/agriculture/agri_min_nutri_diagnosis.html"
"Diagnosis","Early stages of phytotoxicity from improper use of pesticides or fertilizers","","","","","","","Necrosis of leaf margin or tip","Nutrient deficiency: potassium (lower leaves first) Boron excess High soil salinity Fluoride phytotoxicity of susceptible plants High temperature injury Low temperature injury Desiccation injury Low relative humidity, particularly indoors Spider mite feeding injury Foliar bacterial diseases Phytotoxicity from pesticides or fertilizers.","https://agritech.tnau.ac.in/agriculture/agri_min_nutri_diagnosis.html"
"Diagnosis","Early stages of phytotoxicity from improper use of pesticides or fertilizers","","","","","","","Necrotic spots or sectors within the lamina","Cold - water injury Leaf miner feeding injury Leaf spot diseases fungal and bacterial Foliar nematode feeding injury Phytotoxicity from pesticides or fertilizers.","https://agritech.tnau.ac.in/agriculture/agri_min_nutri_diagnosis.html"
"Diagnosis","Early stages of phytotoxicity from improper use of pesticides or fertilizers","","","","","","","Combination of marginal and internal necrotic areas","Sun scorch Cold injury from low air temperatures or very cold water Foliar diseases and injury from several foliar feeding pests Air pollution injury Phytotoxicity from pesticides or fertilizers","https://agritech.tnau.ac.in/agriculture/agri_min_nutri_diagnosis.html"
"Diagnosis","Early stages of phytotoxicity from improper use of pesticides or fertilizers","","","","","","","Leaves abnormally large","Plants received a high level of nutrition Plants grown under moderate to low light intensity Stock plants not harvested frequently enough Old specimens with large root system","https://agritech.tnau.ac.in/agriculture/agri_min_nutri_diagnosis.html"
"Diagnosis","Early stages of phytotoxicity from improper use of pesticides or fertilizers","","","","","","","Leaves abnormally small","Plants grown under low nutritional program Lack of copper, which occurs first in new leaves and may be associated with some chlorosis High soil Salinity Plants grown under excessively high light intensity Low light and low humidity.","https://agritech.tnau.ac.in/agriculture/agri_min_nutri_diagnosis.html"
"Diagnosis","Container-grown plants that become root-bound Root mealy bugs or nematodes Root diseases Phytotoxicity from certain pesticides Tarsonemid mite injury","","","","","","","Petiole (leaf stem too long","Low light intensity","https://agritech.tnau.ac.in/agriculture/agri_min_nutri_diagnosis.html"
"Diagnosis","Container-grown plants that become root-bound Root mealy bugs or nematodes Root diseases Phytotoxicity from certain pesticides Tarsonemid mite injury","","","","","","","Petiole very short","High Light intensity","https://agritech.tnau.ac.in/agriculture/agri_min_nutri_diagnosis.html"
"Diagnosis","Container-grown plants that become root-bound Root mealy bugs or nematodes Root diseases Phytotoxicity from certain pesticides Tarsonemid mite injury","","","","","","","Lamina (leaf blade long and narrow","Low light intensity","https://agritech.tnau.ac.in/agriculture/agri_min_nutri_diagnosis.html"
"Diagnosis","Container-grown plants that become root-bound Root mealy bugs or nematodes Root diseases Phytotoxicity from certain pesticides Tarsonemid mite injury","","","","","","","Lamina short","High light intensity","https://agritech.tnau.ac.in/agriculture/agri_min_nutri_diagnosis.html"
"Diagnosis","Container-grown plants that become root-bound Root mealy bugs or nematodes Root diseases Phytotoxicity from certain pesticides Tarsonemid mite injury","","","","","","","lamina very thin","High nitrogen nutrition Low light intensity","https://agritech.tnau.ac.in/agriculture/agri_min_nutri_diagnosis.html"
"Diagnosis","Container-grown plants that become root-bound Root mealy bugs or nematodes Root diseases Phytotoxicity from certain pesticides Tarsonemid mite injury","","","","","","","Lamina extremely thick","Virus or virus like disease Phytotoxicity form pesticide s High light intensity Tarsonemid mites","https://agritech.tnau.ac.in/agriculture/agri_min_nutri_diagnosis.html"
"Diagnosis","Container-grown plants that become root-bound Root mealy bugs or nematodes Root diseases Phytotoxicity from certain pesticides Tarsonemid mite injury","","","","","","","Splitting of lamina along margins","Mechanical injury to developing or fully expanded leaves Fluctuating moisture supply","https://agritech.tnau.ac.in/agriculture/agri_min_nutri_diagnosis.html"
"Diagnosis","Container-grown plants that become root-bound Root mealy bugs or nematodes Root diseases Phytotoxicity from certain pesticides Tarsonemid mite injury","","","","","","","Abnormally tight rosette pattern of new foliage","Injury from board mites, cyclamen mites, etc.","https://agritech.tnau.ac.in/agriculture/agri_min_nutri_diagnosis.html"
"Diagnosis","Container-grown plants that become root-bound Root mealy bugs or nematodes Root diseases Phytotoxicity from certain pesticides Tarsonemid mite injury","","","","","","","Loss of sinuses or holes in new foliage of split - leaf plants","Reduced light intensity, especially once the plants are placed indoors","https://agritech.tnau.ac.in/agriculture/agri_min_nutri_diagnosis.html"
"Diagnosis","Container-grown plants that become root-bound Root mealy bugs or nematodes Root diseases Phytotoxicity from certain pesticides Tarsonemid mite injury","","","","","","","Leaf margins notched","Mechanical injury Injury from chewing insects Phytotoxicity from pesticide sprays","https://agritech.tnau.ac.in/agriculture/agri_min_nutri_diagnosis.html"
"Diagnosis","Container-grown plants that become root-bound Root mealy bugs or nematodes Root diseases Phytotoxicity from certain pesticides Tarsonemid mite injury","","","","","","","Translucent - tunnel pattern in foliage","Leaf miner feeding injury","https://agritech.tnau.ac.in/agriculture/agri_min_nutri_diagnosis.html"
"Diagnosis","Container-grown plants that become root-bound Root mealy bugs or nematodes Root diseases Phytotoxicity from certain pesticides Tarsonemid mite injury","","","","","","","Holes in foliage","Mechanical injury","https://agritech.tnau.ac.in/agriculture/agri_min_nutri_diagnosis.html"
"Diagnosis","Feeding injury from caterpillars, snails, or slugs / Dead areas that drop from leaf after tissue is killed by foliar pathogens Phytotoxicity from pesticides","","","","","","","Abnormally glossy leaf surface","Excessive amount of plant polish or plant shine product applied to leaf surface","https://agritech.tnau.ac.in/agriculture/agri_min_nutri_diagnosis.html"
"Diagnosis","Feeding injury from caterpillars, snails, or slugs / Dead areas that drop from leaf after tissue is killed by foliar pathogens Phytotoxicity from pesticides","","","","","","","Solution dripping from edges of foliage that is otherwise dry","Guttation : the loss of water from tiny holes that are present along the leaf margin Guttation occurs at night and early morning and is non injurious physiological process","https://agritech.tnau.ac.in/agriculture/agri_min_nutri_diagnosis.html"
"Diagnosis","Feeding injury from caterpillars, snails, or slugs / Dead areas that drop from leaf after tissue is killed by foliar pathogens Phytotoxicity from pesticides","","","","","","","Defoliation of plant","High soil salinity Plants moved from high to low light intensity Prolonged period in shipping container without light or gas exchange Chilling injury Excessive desiccation between irrigation periods Reduced humidity Poor soil aeration Injurious soil insects Foliage injury from mite feeding Parasitic nematodes Root rot pathogens Air pollution, especially elevated levels of ethelene Phytotoxicity from pesticides","https://agritech.tnau.ac.in/agriculture/agri_min_nutri_diagnosis.html"
"Diagnosis","Feeding injury from caterpillars, snails, or slugs / Dead areas that drop from leaf after tissue is killed by foliar pathogens Phytotoxicity from pesticides","","","","","","","Stems stunted","Lack of nutrient such as boron. or crop injury from certain mites, including broad mite and cyclamen mite Phytotoxicity from pesticides Insufficient light in growing area Close plant spacing","https://agritech.tnau.ac.in/agriculture/agri_min_nutri_diagnosis.html"
"Diagnosis","Feeding injury from caterpillars, snails, or slugs / Dead areas that drop from leaf after tissue is killed by foliar pathogens Phytotoxicity from pesticides","","","","","","","Few lateral branches on plants that naturally branch freely","Insufficient light in growing area Close plant spacing","https://agritech.tnau.ac.in/agriculture/agri_min_nutri_diagnosis.html"
"Diagnosis","Feeding injury from caterpillars, snails, or slugs / Dead areas that drop from leaf after tissue is killed by foliar pathogens Phytotoxicity from pesticides","","","","","","","Fascinated stems","Genetic Variation Virus or virus like disorders Herbicide injury","https://agritech.tnau.ac.in/agriculture/agri_min_nutri_diagnosis.html"
"Diagnosis","Feeding injury from caterpillars, snails, or slugs / Dead areas that drop from leaf after tissue is killed by foliar pathogens Phytotoxicity from pesticides","","","","","","","Basal stem rot or breakdown","High soil salinity Slow-release fertilizer placed against stems Excessive irrigation Poorly drained soils Fungus gnat infestation Fungal pathogen infection Bacterial pathogen infection Phytotoxicity from pesticides","https://agritech.tnau.ac.in/agriculture/agri_min_nutri_diagnosis.html"
"Diagnosis","Feeding injury from caterpillars, snails, or slugs / Dead areas that drop from leaf after tissue is killed by foliar pathogens Phytotoxicity from pesticides","","","","","","","Lesions or cankers on stem","Sun scald Mechanical injury Pest feeding injury Fungal infection Bacterial infection","https://agritech.tnau.ac.in/agriculture/agri_min_nutri_diagnosis.html"
"Diagnosis","Feeding injury from caterpillars, snails, or slugs / Dead areas that drop from leaf after tissue is killed by foliar pathogens Phytotoxicity from pesticides","","","","","","","Foliage and / or stems wilted","High soil salinity High leaf temperature and cool soil Excessively high temperature Insufficient water supply in soil Low humidity Cuttings or plants not rooted adequately Roots that developed outside of container were severed Root mealybugs or parasitic nematodes Reduced root size from fungal root pathogens","https://agritech.tnau.ac.in/agriculture/agri_min_nutri_diagnosis.html"
"Diagnosis","Feeding injury from caterpillars, snails, or slugs / Dead areas that drop from leaf after tissue is killed by foliar pathogens Phytotoxicity from pesticides","","","","","","","Cracked leaf and / or surface","Mechanical injury","https://agritech.tnau.ac.in/agriculture/agri_min_nutri_diagnosis.html"
"Diagnosis","Feeding injury from caterpillars, snails, or slugs / Dead areas that drop from leaf after tissue is killed by foliar pathogens Phytotoxicity from pesticides","","","","","","","Etched or pitted leaf and / or surface","Excessively high temperature Phytotoxicity from pesticides","https://agritech.tnau.ac.in/agriculture/agri_min_nutri_diagnosis.html"
"Diagnosis","Feeding injury from caterpillars, snails, or slugs / Dead areas that drop from leaf after tissue is killed by foliar pathogens Phytotoxicity from pesticides","","","","","","","Thin cork layer (tan or brown), which develops on leaves and stems as spots or streaks","Thrips or false spider mite feeding injury Certain plant pathogens Phytotoxicity from pesticides","https://agritech.tnau.ac.in/agriculture/agri_min_nutri_diagnosis.html"
"Diagnosis","Feeding injury from caterpillars, snails, or slugs / Dead areas that drop from leaf after tissue is killed by foliar pathogens Phytotoxicity from pesticides","","","","","","","Tip dieback or blight","Deficiency of calcium, copper. or boron Desiccation injury Mites such as broad mite and cyclamen mite Fungal infection Phytotoxicity from pesticides","https://agritech.tnau.ac.in/agriculture/agri_min_nutri_diagnosis.html"
"Diagnosis","Feeding injury from caterpillars, snails, or slugs / Dead areas that drop from leaf after tissue is killed by foliar pathogens Phytotoxicity from pesticides","","","","","","","Epinasty of young shoot and leaves","Aphid feeding injury Virus or virus like diseases Phytotoxicity from pesticides, particularly some herbicides","https://agritech.tnau.ac.in/agriculture/agri_min_nutri_diagnosis.html"
"Diagnosis","Feeding injury from caterpillars, snails, or slugs / Dead areas that drop from leaf after tissue is killed by foliar pathogens Phytotoxicity from pesticides","","","","","","","Stems and leaves bent or oriented to one side","A phototropic response to side lighting","https://agritech.tnau.ac.in/agriculture/agri_min_nutri_diagnosis.html"
"Diagnosis","","","","","N","Nitrogen","Macro","Corrective measure","Addition of organic matter to the soil; Application of N fertilizers, including legumes in the crop rotation; use of foliar spray of 0.25to 0.5% solution of urea.","https://agritech.tnau.ac.in/agriculture/agri_min_nutri_diagnosis.html"
"Diagnosis","","","","","P","Phosphorus","Macro","Corrective measure","Adjustment of extreme pH: application of phosphorus fertilizer","https://agritech.tnau.ac.in/agriculture/agri_min_nutri_diagnosis.html"
"Diagnosis","","","","","K","Potassium","Macro","Corrective measure","Application of potassium fertilizers, incorporation of crop residues","https://agritech.tnau.ac.in/agriculture/agri_min_nutri_diagnosis.html"
"Diagnosis","","","","","Ca","Calcium","Macro","Corrective measure","Liming of acid soils; addition of gypsum","https://agritech.tnau.ac.in/agriculture/agri_min_nutri_diagnosis.html"
"Diagnosis","","","","","Mg","Magnesium","Macro","Corrective measure","Application of dolomite limestone; foliar application of 2% magnesium sulfate solution","https://agritech.tnau.ac.in/agriculture/agri_min_nutri_diagnosis.html"
"Diagnosis","","","","","S","Sulphur","Macro","Corrective measure","Use of fertilizer salt containing sulfur such as ammonium sulfate and single super phosphate; application of gypsum or elemental sulfur","https://agritech.tnau.ac.in/agriculture/agri_min_nutri_diagnosis.html"
"Diagnosis","","","","","Zn","Zinc","Micro","Corrective measure","Addition of zinc sulfate to soil; foliar spray of 0.1to 0.5% solution of zinc sulfate","https://agritech.tnau.ac.in/agriculture/agri_min_nutri_diagnosis.html"
"Diagnosis","","","","","Cu","Copper","Micro","Corrective measure","Foliar spray of 2% iron sulfate or 0.02 to 0.05% solution of iron chelate ; use of efficient cultivars","https://agritech.tnau.ac.in/agriculture/agri_min_nutri_diagnosis.html"
"Diagnosis","","","","","B","Boron","Micro","Corrective measure","Soil application of boron or foliar spray of 0.1 to 0.25% solution of borax","https://agritech.tnau.ac.in/agriculture/agri_min_nutri_diagnosis.html"
"Diagnosis","","","","","Mo","Molybdenum","Micro","Corrective measure","Liming of acid soils, soil application of sodium or ammonium molybdate","https://agritech.tnau.ac.in/agriculture/agri_min_nutri_diagnosis.html"
"Diagnosis","","","","","","","","Corrective measure",".","https://agritech.tnau.ac.in/agriculture/agri_min_nutri_diagnosis.html"
"Diagnosis","","","","","Al/Mn","Aluminium / Manganese toxicity","Other / non-mineral","Corrective measure","Applications of lime; use of tolerant species or cultivars.","https://agritech.tnau.ac.in/agriculture/agri_min_nutri_diagnosis.html"
"Diagnosis","","","","","Nitrogen","Nitrogen","Macro","Foliar spray formulation","Formulation: Urea NH4 NO3, (NH4)2 HPO4, (NH4)2 SO4 NH4Cl, NH4 PO4 | Kg per 400 L water: 3 - 5","https://agritech.tnau.ac.in/agriculture/agri_min_nutri_diagnosis.html"
"Diagnosis","","","","","Phosphorus","Phosphorus","Macro","Foliar spray formulation","Formulation: H3PO4, others see N above | Kg per 400 L water: 2-3","https://agritech.tnau.ac.in/agriculture/agri_min_nutri_diagnosis.html"
"Diagnosis","","","","","Potassium","Potassium","Macro","Foliar spray formulation","Formulation: KNO3, K2,So4, KCI | Kg per 400 L water: 2-3","https://agritech.tnau.ac.in/agriculture/agri_min_nutri_diagnosis.html"
"Diagnosis","","","","","Calcium","Calcium","Macro","Foliar spray formulation","Formulation: CaCl2, Ca (NO3)2 | Kg per 400 L water: 1.5-2.5","https://agritech.tnau.ac.in/agriculture/agri_min_nutri_diagnosis.html"
"Diagnosis","","","","","Magnesium","Magnesium","Macro","Foliar spray formulation","Formulation: MgSO4 | Kg per 400 L water: 3-5","https://agritech.tnau.ac.in/agriculture/agri_min_nutri_diagnosis.html"
"Diagnosis","","","","","Iron","Iron","Micro","Foliar spray formulation","Formulation: FeSO4 | Kg per 400 L water: 3-6","https://agritech.tnau.ac.in/agriculture/agri_min_nutri_diagnosis.html"
"Diagnosis","","","","","Manganese","Manganese","Micro","Foliar spray formulation","Formulation: MnSO4 | Kg per 400 L water: 3-12","https://agritech.tnau.ac.in/agriculture/agri_min_nutri_diagnosis.html"
"Diagnosis","","","","","Zinc","Zinc","Micro","Foliar spray formulation","Formulation: ZnSO4 | Kg per 400 L water: 2-12","https://agritech.tnau.ac.in/agriculture/agri_min_nutri_diagnosis.html"
"Diagnosis","","","","","Boron","Boron","Micro","Foliar spray formulation","Formulation: Sodium borate | Kg per 400 L water: 2-3","https://agritech.tnau.ac.in/agriculture/agri_min_nutri_diagnosis.html"
"Diagnosis","","","","","Molybdenum","Molybdenum","Micro","Foliar spray formulation","Formulation: Sodium molybdate | Kg per 400 L water: 0.1-0.15","https://agritech.tnau.ac.in/agriculture/agri_min_nutri_diagnosis.html"
"Indicator plants","","","","","Nitrogen","Nitrogen","Macro","Indicator crops","Maize , Sorghum ,Leguminous plants","https://agritech.tnau.ac.in/agriculture/agri_min_nutri_chart.html"
"Indicator plants","","","","","Phosphorus","Phosphorus","Macro","Indicator crops","Tomato ,Maize, Lucerne, Cereals, Duranta","https://agritech.tnau.ac.in/agriculture/agri_min_nutri_chart.html"
"Indicator plants","","","","","Potassium","Potassium","Macro","Indicator crops","Maize, Lucerne , Cotton, Potatoes, Banana, Cucurbits","https://agritech.tnau.ac.in/agriculture/agri_min_nutri_chart.html"
"Indicator plants","","","","","Sulpur","Sulphur","Macro","Indicator crops","Lucerne , Clover , Cereals, Tea","https://agritech.tnau.ac.in/agriculture/agri_min_nutri_chart.html"
"Indicator plants","","","","","Zinc","Zinc","Micro","Indicator crops","Maize, Tomatoes , Potatoes, Beans, Citrus","https://agritech.tnau.ac.in/agriculture/agri_min_nutri_chart.html"
"Indicator plants","","","","","Copper","Copper","Micro","Indicator crops","Citrus","https://agritech.tnau.ac.in/agriculture/agri_min_nutri_chart.html"
"Indicator plants","","","","","Iron","Iron","Micro","Indicator crops","Ornamental plants, Ixora, Acacia, Eucalyptus, Gooseberry, Securmanis","https://agritech.tnau.ac.in/agriculture/agri_min_nutri_chart.html"
"Indicator plants","","","","","Boron","Boron","Micro","Indicator crops","Lucerne, Coconut, Guava","https://agritech.tnau.ac.in/agriculture/agri_min_nutri_chart.html"
"Indicator plants","","","","","Manganese","Manganese","Micro","Indicator crops","Citrus","https://agritech.tnau.ac.in/agriculture/agri_min_nutri_chart.html"
"Indicator plants","","","","","Molybdenum","Molybdenum","Micro","Indicator crops","Cauliflower, Cabbage","https://agritech.tnau.ac.in/agriculture/agri_min_nutri_chart.html"
"Nutrient antagonism","","","","","Nitrogen","Nitrogen","Macro","Antagonism / interaction notes","When high levels of Nitrogen induce accelerated growth rates, levels of micronutrients that would normally be marginal can become deficient. High soil levels of Nitrogen can assist Phosphorus, Calcium, Boron, Iron and Zinc but an excess can dilute these elements. Low soil levels can reduce Phosphorus, Calcium, Boron, Iron and Zinc uptake. Ammonium Nitrogen can make Molybdenum deficiency appear less obvious. Ph","https://agritech.tnau.ac.in/agriculture/agri_min_nutri_antagonism.html"
"Nutrient antagonism","","","","","Phosphorus","Phosphorus","Macro","Antagonism / interaction notes","High levels of Phosphorus reduce Zinc and, to a lesser degree, Calcium uptake. It is antagonistic to Boron in low pH soils. Po","https://agritech.tnau.ac.in/agriculture/agri_min_nutri_antagonism.html"
"Nutrient antagonism","","","","","Potassium","Potassium","Macro","Antagonism / interaction notes","High levels of Potassium reduce Magnesium and to lesser extent Calcium, Iron, Copper, Manganese and Zinc uptake. Boron levels can either be low or toxic. Low levels can accentuate Iron deficiency. C","https://agritech.tnau.ac.in/agriculture/agri_min_nutri_antagonism.html"
"Nutrient antagonism","","","","","Calcium","Calcium","Macro","Antagonism / interaction notes","High levels of Calcium can accentuate Boron deficiency. Liming can decrease the uptake of Boron, Copper, Iron, Manganese and Zinc by raising soil pH. C","https://agritech.tnau.ac.in/agriculture/agri_min_nutri_antagonism.html"
"Nutrient antagonism","","","","","Copper","Copper","Micro","Antagonism / interaction notes","High levels of Copper can accentuate Molybdenum and to a lesser degree Iron, Manganese and Zinc deficiency. I","https://agritech.tnau.ac.in/agriculture/agri_min_nutri_antagonism.html"
"Nutrient antagonism","","","","","Iron","Iron","Micro","Antagonism / interaction notes","Iron deficiency can be accentuated by liming, low Potassium levels or high levels of Copper, Manganese or Zinc. M","https://agritech.tnau.ac.in/agriculture/agri_min_nutri_antagonism.html"
"Nutrient antagonism","","","","","Manganese","Manganese","Micro","Antagonism / interaction notes","High levels of Copper, Iron or Zinc can accentuate Manganese deficiency - especially repeated soil applications of Iron. Uptake can be decreased by liming or increased by Sulfur applications (because of the affects on pH) M","https://agritech.tnau.ac.in/agriculture/agri_min_nutri_antagonism.html"
"Nutrient antagonism","","","","","Molybdenum","Molybdenum","Micro","Antagonism / interaction notes","Deficiencies can be accentuated by high levels of Copper and to a lesser degree Mnaganese. Uptake can be adversely affected by sulfates. Uptake can be increased by phosphates and liming. Molybdenum can increase Copper deficiencies in animals. Z","https://agritech.tnau.ac.in/agriculture/agri_min_nutri_antagonism.html"
"Nutrient antagonism","","","","","Zinc","Zinc","Micro","Antagonism / interaction notes","Uptake can be decreased by high Phosphorus levels, liming or high levels of Copper, Iron or Manganese. Zinc deficiencies are often associated with Manganese deficiencies, especially in citrus.","https://agritech.tnau.ac.in/agriculture/agri_min_nutri_antagonism.html"
"FAQs","FAQ 1","","","","","","","What is the reason for the marginal leaf drying in rice?","Due to the deficiency of potassium nutrient, the entire leaf margin is drying","https://agritech.tnau.ac.in/agriculture/agri_min_nutri_faqs.html"
"FAQs","FAQ 2","","","","","","","Why the rice leaf color turns to yellowing?","If yellowing is occurring in old leaves, it is due to nitrogen deficiency. If it is young leaves, that may be due to iron deficiency","https://agritech.tnau.ac.in/agriculture/agri_min_nutri_faqs.html"
"FAQs","FAQ 3","","","","","","","Give the symptoms of nitrogen deficiency in crops?","Chlorosis (yellowing of leaves) | Stunted growth/ poor plant growth | Poor tillering / branching","https://agritech.tnau.ac.in/agriculture/agri_min_nutri_faqs.html"
"FAQs","FAQ 4","","","","","","","How to identify phosphorus deficiency?","Poor root growth | Pinkish pigmentation occurs on old leaves as well as the base of the shoot | Stunted growth","https://agritech.tnau.ac.in/agriculture/agri_min_nutri_faqs.html"
"FAQs","FAQ 5","","","","","","","What is mean by 'Tea Yellowing'?","Yellowing of leaves in Tea is due to sulfur deficiency.","https://agritech.tnau.ac.in/agriculture/agri_min_nutri_faqs.html"
"FAQs","FAQ 6","","","","","","","Give the typical examples of iron Chlorosis present in plants","sugarcane | sorghum","https://agritech.tnau.ac.in/agriculture/agri_min_nutri_faqs.html"
"FAQs","FAQ 7","","","","","","","What is mean by 'khaira'?","It is the deficiency symptoms of zinc which occurs in rice plant.","https://agritech.tnau.ac.in/agriculture/agri_min_nutri_faqs.html"
"FAQs","FAQ 8","","","","","","","Which nutrient deficiency causes cooking of leaves?","Calcium","https://agritech.tnau.ac.in/agriculture/agri_min_nutri_faqs.html"
"FAQs","FAQ 9","","","","","","","Fruit cracking appears due to what nutrient deficiency?","Boron","https://agritech.tnau.ac.in/agriculture/agri_min_nutri_faqs.html"
"FAQs","FAQ 10","","","","","","","""Phagala Blight of sugarcane"" caused by which Nutrient?","Manganese deficiency","https://agritech.tnau.ac.in/agriculture/agri_min_nutri_faqs.html"
"FAQs","FAQ 11","","","","","","","How to control iron chlorosis in crops?","Foliar spraying of 250-500g of ferrous sulphate dissolved in 100 lit of water.","https://agritech.tnau.ac.in/agriculture/agri_min_nutri_faqs.html"
"FAQs","FAQ 12","","","","","","","Give the common symptoms of boron deficiency in crops","dearth of apical meristem followed b sprouting of lateral buds | Leaves / petioles/stems may be thickened, wrinkled, curled and chlorotic. | The fleshy pent may show brown flecks, necrosis, cracks or dry not | Reduced flower and fruit set","https://agritech.tnau.ac.in/agriculture/agri_min_nutri_faqs.html"
"FAQs","FAQ 13","","","","","","","Which nutrient is essential for translocation sugar in plant system?","Boron","https://agritech.tnau.ac.in/agriculture/agri_min_nutri_faqs.html"
"FAQs","FAQ 14","","","","","","","Rough skin of guava and citrus is caused by which nutrient?","Boron deficiency","https://agritech.tnau.ac.in/agriculture/agri_min_nutri_faqs.html"
"FAQs","FAQ 15","","","","","","","Name the deficiency symptoms of boron in grapes?","'Hen and chicken' berries","https://agritech.tnau.ac.in/agriculture/agri_min_nutri_faqs.html"
"FAQs","FAQ 16","","","","","","","How to control the boron deficiencies in citrus, guava and grapes?","Citrus: Foliar spray of 0.3% Boric acid (3g in 1 lit) | Guava: Foliar spray of 1% Borax (10 g in 1 lit) | Grapes: Foliar spray of 1% Borax (10 g in 1 lit)","https://agritech.tnau.ac.in/agriculture/agri_min_nutri_faqs.html"
"FAQs","FAQ 17","","","","","","","How to control zinc deficiency in banana and mango?","Banana : Foliar spraying of 0.5% zinc sulphate (5g in 1 lit) or apply 30 g zinc sulphate per plant","https://agritech.tnau.ac.in/agriculture/agri_min_nutri_faqs.html"
"FAQs","FAQ 18","","","","","","","Which nutrient causes button shedding in coconut?","Boron","https://agritech.tnau.ac.in/agriculture/agri_min_nutri_faqs.html"
"FAQs","FAQ 19","","","","","","","'Whip tail' in cauliflower is occurring by which nutrient?","Molybdenum deficiency","https://agritech.tnau.ac.in/agriculture/agri_min_nutri_faqs.html"
"FAQs","FAQ 20","","","","","","","How to control 'rosette' appearance in citrus?","Foliar application of copper sulphate @ 5-10 g in 10 lit of water","https://agritech.tnau.ac.in/agriculture/agri_min_nutri_faqs.html"
"FAQs","FAQ 21","","","","","","","How to correct the zinc deficiency in onion?","Seed treatment with 0.01% zinc sulphate (1g zinc sulphate dissolved in 10 lit of water) or Foliar application of 0.1% zinc sulphate (1g zinc sulphate in 1 lit of water)","https://agritech.tnau.ac.in/agriculture/agri_min_nutri_faqs.html"
"FAQs","FAQ 22","","","","","","","Give the remedial measures of boron deficiency in cabbage, cauliflower, tomato and chilies.","Nursery area: 40 g Borax per cent Main field: Borax @ 0.6 kg to 1.2 kg per ha","https://agritech.tnau.ac.in/agriculture/agri_min_nutri_faqs.html"
"FAQs","FAQ 23","","","","","","","Which nutrient deficiency produces ""little leaf"" in plant species?","Zinc deficiency","https://agritech.tnau.ac.in/agriculture/agri_min_nutri_faqs.html"
"FAQs","FAQ 24","","","","","","","What are the physiological disorders occur in Mango?","Spongy tissue | Mango malformation | Biennial bearing | Fruit crop","https://agritech.tnau.ac.in/agriculture/agri_min_nutri_faqs.html"
"FAQs","FAQ 25","","","","","","","Why spongy tissues occur in Mango?","The activity of ripening enzymes due to high temperature and post harvest exposure to sunlight | Compact mass of male flowers, greenish in color and stunted growth | Thickening and shortening of main and secondary rachis | Relatively longer bracts, sepals and petals as compound to normal flowers","https://agritech.tnau.ac.in/agriculture/agri_min_nutri_faqs.html"
"FAQs","FAQ 27","","","","","","","What are all the factors which cause mango fruit drop?","Embryo abortion | Climatic factors | Disturbed water relation | Lack of ""nutrition' | pest and disease attack","https://agritech.tnau.ac.in/agriculture/agri_min_nutri_faqs.html"
"FAQs","FAQ 28","","","","","","","Name the serious physiological disorder in mango?","Black tip in a serious disorder, particularly in the cultivar Dahemi.","https://agritech.tnau.ac.in/agriculture/agri_min_nutri_faqs.html"
"FAQs","FAQ 29","","","","","","","Mention the symptoms of mango black tip?","The damage to the fruits gets initiated right at marble stage and finally black. At this stage/ further growth and development of the fruit is retarded and black ring at the tip extends towards the upper part of the fruit.","https://agritech.tnau.ac.in/agriculture/agri_min_nutri_faqs.html"
"FAQs","FAQ 30","","","","","","","How to control the mango physiological disorders?","Spongy tissue Mulching Post harvest exposure to low temperature b/w 10-15c for 10-18 hrs. Malformation Spraying of Plano fix (200mglit ppm) during first week of October followed by deblossming at bud burst stage. Biennial bearing Deblossoming during 'On' year Soil application of paclobutrazol @ 4g/tree in the month of September Fruit crops Foliar application of alar 2 100 ppm (100 mg /lit) or NAA 200 ppm (planofix 200mg /lit) at pea stage of fruit. | Black tip | Spraying of Borax @ 1% (10g ;ot) at or pea stage followed by two more sprang at 15 days interval | caustic soda@ 0.8% (8g/lit) or washing soda @ 0.5% (5g/lit) | Planting of mango on Chan in North-south direction and 5-6 km away from the brick kiln","https://agritech.tnau.ac.in/agriculture/agri_min_nutri_faqs.html"
"FAQs","FAQ 31","","","","","","","What is mean by blossom end rot? It is the physiological orders which occurs in tomato due to calcium deficiency","Remedies | Maintain uniform soil moisture during dry weather through mulching | Avoid over fertilizing with nitrogen | Foliar application of calcium sulphate @ 1% (10 g/lit)","https://agritech.tnau.ac.in/agriculture/agri_min_nutri_faqs.html"
"FAQs","FAQ 32","","","","","","","List out the physiological disorders present in grapes and give the connection measures.","Berry shrivel | Shattering | Water berry | Berry shrivel | after inspiring begins, berries become flaccid and sucker | Cause in unknown. But application of gibberellin's @ 16g/acre will reduce shrivel by 50 to 70% compare to the untreated. | Shattering | shatter refers to loose berries | Grinding at grunt set to increase berries weight and incurrence the strength of being attachment to the capstem and may reduces the shatter potential | Basing the clusters reduces the shatter during packing | Water berry | There is no known control. However, it is recommended to avoid over fertilization with nitrogen' | Foliar nutrient spray of nitrogen should be avoided in water berry-pore vineyard. | Ammonium (or) Urea fertilizers should not be applied via drip irrigation near the beginning (or) during fruit ripening | Small brown lessons develop in the flesh of the fruit Tissue below the skin becomes dark Water soaked spots on the skin rear the calyx. These spots turn darker and become more sunken than the surrounding skin and are filling developed after one to two month in storage. | Correction measure | Calcium chloride and calcium nitrate spray during summer Post harvest dipping Drenching with calcium chloride (2-3%)","https://agritech.tnau.ac.in/agriculture/agri_min_nutri_faqs.html"
"FAQs","FAQ 34","","","","","","","How to control internal browning (or) brown heart in apple?","Avoid harvesting of ova nature fruit | Maintain Co2 concentration below 1% in controlled atmosphere storage and win storey. | Proper temperature management and good ventilation | Avoid heavy wax coating and thoroughly and rapidly cool fruit after waxing and packaging. | Core breakdown Watery Breakdown | Flesh spot Decay | Internal browsing | Senescent scald","https://agritech.tnau.ac.in/agriculture/agri_min_nutri_faqs.html"
"FAQs","FAQ 36","","","","","","","List out the physiological disorders found in tomatoes","Blossom drop | fruit cracks | Blossom end rot | Cat facing | Sunscald | Puffiness","https://agritech.tnau.ac.in/agriculture/agri_min_nutri_faqs.html"
"FAQs","FAQ 37","","","","","","","Give the symptom of blossom end not","brown (or) black spot develops on the blossom end of the fruit | Secondary organisms invade the affected tissue and cause the fruit to rot.","https://agritech.tnau.ac.in/agriculture/agri_min_nutri_faqs.html"
"FAQs","FAQ 38","","","","","","","What is the reason for fruit cracking in tomato?","Heavy rain fall (or) irrigation followed by long dry period | Fruit exposed to direct sun light | Also due to boron deficiency | Control measures: | Mulching during dry weather to maintain uniform soil moisture | Growing resistant Varieties","https://agritech.tnau.ac.in/agriculture/agri_min_nutri_faqs.html"
